{"user/roll": 1394, "user/pitch": 1471, "user/throttle": 1397, "user/yaw": 1535, "imu/vel_x": -2.34, "imu/vel_y": 0.68, "imu/vel_z": 0.29, "gps/latitude": 51.4505682, "gps/longtitude": 5.4549234, "gps/speed": 2.433107376098633, "gps/target_distance": 27.955695045307603, "gps/path_distance": 21.00300795471611, "gps/altitude": 4.19, "cam/image_name": "1754_cam-image.jpg", "framecount/count": 1754, "user/mode": "user"}