{"user/roll": 1427, "user/pitch": 1499, "user/throttle": 1391, "user/yaw": 1317, "imu/vel_x": -1.17, "imu/vel_y": -2.6, "imu/vel_z": -0.16, "gps/latitude": 51.4505835, "gps/longtitude": 5.454739, "gps/speed": 2.8607256412506104, "gps/target_distance": 13.554410250606551, "gps/path_distance": 30.302246202761296, "gps/altitude": 5.89, "cam/image_name": "1251_cam-image.jpg", "framecount/count": 1251, "user/mode": "user"}