{"user/roll": 1507, "user/pitch": 1500, "user/throttle": 1436, "user/yaw": 1305, "imu/vel_x": 0.52, "imu/vel_y": 0.06, "imu/vel_z": -0.11, "gps/latitude": 51.4507514, "gps/longtitude": 5.4547837, "gps/speed": 0.5312959551811218, "gps/target_distance": 32.722242357535826, "gps/path_distance": 64.43484925290011, "gps/altitude": 2.933, "cam/image_name": "1394_cam-image.jpg", "framecount/count": 1394, "user/mode": "user"}