{"user/roll": 1556, "user/pitch": 1238, "user/throttle": 1416, "user/yaw": 1501, "imu/vel_x": 2.98, "imu/vel_y": 1.16, "imu/vel_z": 0.11, "gps/latitude": 51.4502736, "gps/longtitude": 5.4545702, "gps/speed": 3.1964902877807617, "gps/target_distance": 25.6652502824967, "gps/path_distance": 1.014926086428659, "gps/altitude": 3.635, "cam/image_name": "2985_cam-image.jpg", "framecount/count": 2985, "user/mode": "user"}