{"user/roll": 1508, "user/pitch": 1633, "user/throttle": 1415, "user/yaw": 1499, "imu/vel_x": 3.32, "imu/vel_y": 1.55, "imu/vel_z": -0.04, "gps/latitude": 51.4504101, "gps/longtitude": 5.4546631, "gps/speed": 3.6842427253723145, "gps/target_distance": 7.423502345033482, "gps/path_distance": 0.7085333209193436, "gps/altitude": 4.062, "cam/image_name": "3071_cam-image.jpg", "framecount/count": 3071, "user/mode": "user"}