{"user/roll": 1508, "user/pitch": 1356, "user/throttle": 1413, "user/yaw": 1500, "imu/vel_x": -1.66, "imu/vel_y": -1.88, "imu/vel_z": -0.61, "gps/latitude": 51.450625, "gps/longtitude": 5.4548632, "gps/speed": 2.507427930831909, "gps/target_distance": 25.61764565444767, "gps/path_distance": 29.25796849753661, "gps/altitude": 5.164, "cam/image_name": "1201_cam-image.jpg", "framecount/count": 1201, "user/mode": "user"}