{"user/roll": 1446, "user/pitch": 1499, "user/throttle": 1388, "user/yaw": 1483, "imu/vel_x": 0.8, "imu/vel_y": 0.4, "imu/vel_z": 0.05, "gps/latitude": 51.4504267, "gps/longtitude": 5.4552823, "gps/speed": 0.9113515615463257, "gps/target_distance": 65.89054423503444, "gps/path_distance": 21.17665200045832, "gps/altitude": 3.336, "cam/image_name": "2115_cam-image.jpg", "framecount/count": 2115, "user/mode": "user"}