{"user/roll": 1508, "user/pitch": 1438, "user/throttle": 1445, "user/yaw": 1501, "imu/vel_x": -0.84, "imu/vel_y": -2.34, "imu/vel_z": -0.01, "gps/latitude": 51.4502518, "gps/longtitude": 5.4551044, "gps/speed": 2.4689383506774902, "gps/target_distance": 51.9285746634344, "gps/path_distance": 17.39760093130718, "gps/altitude": 3.315, "cam/image_name": "2561_cam-image.jpg", "framecount/count": 2561, "user/mode": "user"}