{"user/roll": 1507, "user/pitch": 1267, "user/throttle": 1450, "user/yaw": 1500, "imu/vel_x": -1.17, "imu/vel_y": -0.6, "imu/vel_z": -0.01, "gps/latitude": 51.4507073, "gps/longtitude": 5.4546935, "gps/speed": 0.6392529606819153, "gps/target_distance": 26.193129309121897, "gps/path_distance": 20.704649185274235, "gps/altitude": 1.959, "cam/image_name": "159_cam-image.jpg", "framecount/count": 159, "user/mode": "user"}