{"user/roll": 1508, "user/pitch": 1451, "user/throttle": 1419, "user/yaw": 1499, "imu/vel_x": -0.09, "imu/vel_y": -2.38, "imu/vel_z": -0.21, "gps/latitude": 51.4506671, "gps/longtitude": 5.455044, "gps/speed": 2.387097120285034, "gps/target_distance": 44.82858710037699, "gps/path_distance": 15.794382980532504, "gps/altitude": 2.353, "cam/image_name": "1097_cam-image.jpg", "framecount/count": 1097, "user/mode": "user"}