{"user/roll": 1495, "user/pitch": 1499, "user/throttle": 1414, "user/yaw": 1470, "imu/vel_x": 0.7, "imu/vel_y": 0.01, "imu/vel_z": 0.03, "gps/latitude": 51.4506425, "gps/longtitude": 5.4550705, "gps/speed": 0.7027555704116821, "gps/target_distance": 46.242660897698805, "gps/path_distance": 71.02650544573805, "gps/altitude": 3.219, "cam/image_name": "1018_cam-image.jpg", "framecount/count": 1018, "user/mode": "user"}