{"user/roll": 1298, "user/pitch": 1424, "user/throttle": 1411, "user/yaw": 1500, "imu/vel_x": -1.52, "imu/vel_y": -0.95, "imu/vel_z": 0.19, "gps/latitude": 51.4506107, "gps/longtitude": 5.4549225, "gps/speed": 1.8051100969314575, "gps/target_distance": 30.001118988381823, "gps/path_distance": 6.803386840298344, "gps/altitude": 4.424, "cam/image_name": "1715_cam-image.jpg", "framecount/count": 1715, "user/mode": "user"}