{"user/roll": 1507, "user/pitch": 1499, "user/throttle": 1499, "user/yaw": 1499, "imu/vel_x": -0.81, "imu/vel_y": 0.03, "imu/vel_z": 0.53, "gps/latitude": 51.4504911, "gps/longtitude": 5.4547091, "gps/speed": 0.8215267658233643, "gps/target_distance": 2.981708575793227, "gps/path_distance": 34.265154167704964, "gps/altitude": 4.717, "cam/image_name": "1373_cam-image.jpg", "framecount/count": 1373, "user/mode": "user"}