{"user/roll": 1506, "user/pitch": 1491, "user/throttle": 1410, "user/yaw": 1318, "imu/vel_x": 0.72, "imu/vel_y": 0.04, "imu/vel_z": 0.2, "gps/latitude": 51.4506478, "gps/longtitude": 5.4550694, "gps/speed": 0.7366878390312195, "gps/target_distance": 46.376166040147254, "gps/path_distance": 46.93856286567541, "gps/altitude": 3.208, "cam/image_name": "1032_cam-image.jpg", "framecount/count": 1032, "user/mode": "user"}