{"user/roll": 1503, "user/pitch": 1487, "user/throttle": 1408, "user/yaw": 1304, "imu/vel_x": 0.73, "imu/vel_y": 0.0, "imu/vel_z": 0.12, "gps/latitude": 51.4506461, "gps/longtitude": 5.4550697, "gps/speed": 0.7247849702835083, "gps/target_distance": 46.327205246216366, "gps/path_distance": 68.65161111486583, "gps/altitude": 3.227, "cam/image_name": "1026_cam-image.jpg", "framecount/count": 1026, "user/mode": "user"}