{"user/roll": 1598, "user/pitch": 1368, "user/throttle": 1408, "user/yaw": 1500, "imu/vel_x": 3.06, "imu/vel_y": 0.97, "imu/vel_z": -0.12, "gps/latitude": 51.4503045, "gps/longtitude": 5.4545891, "gps/speed": 3.2125706672668457, "gps/target_distance": 21.64959062180553, "gps/path_distance": 1.007261347137387, "gps/altitude": 3.523, "cam/image_name": "3006_cam-image.jpg", "framecount/count": 3006, "user/mode": "user"}