{"user/roll": 1705, "user/pitch": 1497, "user/throttle": 1431, "user/yaw": 1489, "imu/vel_x": 1.68, "imu/vel_y": -2.5, "imu/vel_z": -0.65, "gps/latitude": 51.4504582, "gps/longtitude": 5.4550526, "gps/speed": 3.0387978553771973, "gps/target_distance": 40.1843104752989, "gps/path_distance": 2.1926653807306593, "gps/altitude": 3.298, "cam/image_name": "1980_cam-image.jpg", "framecount/count": 1980, "user/mode": "user"}