{"user/roll": 1507, "user/pitch": 1279, "user/throttle": 1372, "user/yaw": 1513, "imu/vel_x": -3.22, "imu/vel_y": 0.43, "imu/vel_z": 0.23, "gps/latitude": 51.4506369, "gps/longtitude": 5.4547505, "gps/speed": 3.237598180770874, "gps/target_distance": 19.53093422482394, "gps/path_distance": 23.469361147259633, "gps/altitude": 4.488, "cam/image_name": "1555_cam-image.jpg", "framecount/count": 1555, "user/mode": "user"}