{"user/roll": 1508, "user/pitch": 1498, "user/throttle": 1395, "user/yaw": 1500, "imu/vel_x": 0.29, "imu/vel_y": 0.32, "imu/vel_z": 0.22, "gps/latitude": 51.4506352, "gps/longtitude": 5.4549612, "gps/speed": 0.444440096616745, "gps/target_distance": 35.08838697108634, "gps/path_distance": 14.379962951116255, "gps/altitude": 4.74, "cam/image_name": "1641_cam-image.jpg", "framecount/count": 1641, "user/mode": "user"}