{"user/roll": 1429, "user/pitch": 1427, "user/throttle": 1436, "user/yaw": 1483, "imu/vel_x": 1.8, "imu/vel_y": -2.18, "imu/vel_z": 0.26, "gps/latitude": 51.4504843, "gps/longtitude": 5.4550131, "gps/speed": 2.8166255950927734, "gps/target_distance": 35.79814854320279, "gps/path_distance": 5.868080714907023, "gps/altitude": 3.385, "cam/image_name": "2000_cam-image.jpg", "framecount/count": 2000, "user/mode": "user"}