{"user/roll": 1508, "user/pitch": 1445, "user/throttle": 1406, "user/yaw": 1429, "imu/vel_x": -2.3, "imu/vel_y": 0.01, "imu/vel_z": -0.28, "gps/latitude": 51.4506631, "gps/longtitude": 5.4547461, "gps/speed": 2.3009142875671387, "gps/target_distance": 22.145765070638447, "gps/path_distance": 3.023921233466183, "gps/altitude": 4.341, "cam/image_name": "1533_cam-image.jpg", "framecount/count": 1533, "user/mode": "user"}