{"user/roll": 1505, "user/pitch": 1560, "user/throttle": 1322, "user/yaw": 1500, "imu/vel_x": -1.42, "imu/vel_y": -0.01, "imu/vel_z": 0.03, "gps/latitude": 51.4506993, "gps/longtitude": 5.4546921, "gps/speed": 1.4315218925476074, "gps/target_distance": 25.30649168188014, "gps/path_distance": 30.913029712169163, "gps/altitude": 3.195, "cam/image_name": "51_cam-image.jpg", "framecount/count": 51, "user/mode": "user"}