{"user/roll": 1507, "user/pitch": 1396, "user/throttle": 1367, "user/yaw": 1500, "imu/vel_x": 0.36, "imu/vel_y": 0.12, "imu/vel_z": -0.45, "gps/latitude": 51.4507353, "gps/longtitude": 5.4547512, "gps/speed": 0.3723446726799011, "gps/target_distance": 30.034730795021787, "gps/path_distance": 6.000534022194444, "gps/altitude": 2.806, "cam/image_name": "260_cam-image.jpg", "framecount/count": 260, "user/mode": "user"}