{"user/roll": 1509, "user/pitch": 1423, "user/throttle": 1523, "user/yaw": 1501, "imu/vel_x": -0.9, "imu/vel_y": -3.41, "imu/vel_z": -0.45, "gps/latitude": 51.4504913, "gps/longtitude": 5.4549322, "gps/speed": 3.5392117500305176, "gps/target_distance": 26.86473552143089, "gps/path_distance": 19.19800665126195, "gps/altitude": 3.482, "cam/image_name": "2035_cam-image.jpg", "framecount/count": 2035, "user/mode": "user"}