{"user/roll": 1507, "user/pitch": 1373, "user/throttle": 1362, "user/yaw": 1500, "imu/vel_x": -2.88, "imu/vel_y": 0.0, "imu/vel_z": 0.12, "gps/latitude": 51.4505288, "gps/longtitude": 5.4547006, "gps/speed": 2.907968521118164, "gps/target_distance": 6.506069406756458, "gps/path_distance": 17.55329620819586, "gps/altitude": 5.693, "cam/image_name": "1330_cam-image.jpg", "framecount/count": 1330, "user/mode": "user"}