{"user/roll": 1508, "user/pitch": 1441, "user/throttle": 1443, "user/yaw": 1485, "imu/vel_x": 2.73, "imu/vel_y": -2.06, "imu/vel_z": 0.22, "gps/latitude": 51.4503044, "gps/longtitude": 5.4548992, "gps/speed": 3.418614149093628, "gps/target_distance": 29.542713931484876, "gps/path_distance": 8.88055568980127, "gps/altitude": 3.749, "cam/image_name": "2675_cam-image.jpg", "framecount/count": 2675, "user/mode": "user"}