{"user/roll": 1362, "user/pitch": 1500, "user/throttle": 1543, "user/yaw": 1499, "imu/vel_x": -0.03, "imu/vel_y": -1.49, "imu/vel_z": 0.83, "gps/latitude": 51.4504429, "gps/longtitude": 5.4551992, "gps/speed": 1.4918283224105835, "gps/target_distance": 56.55071125615475, "gps/path_distance": 5.968912426618829, "gps/altitude": 3.541, "cam/image_name": "2192_cam-image.jpg", "framecount/count": 2192, "user/mode": "user"}