{"user/roll": 1508, "user/pitch": 1421, "user/throttle": 1500, "user/yaw": 1501, "imu/vel_x": 2.8, "imu/vel_y": -2.12, "imu/vel_z": 0.01, "gps/latitude": 51.4503856, "gps/longtitude": 5.4547914, "gps/speed": 3.5096185207366943, "gps/target_distance": 14.569168273839479, "gps/path_distance": 0.8398634270952243, "gps/altitude": 2.857, "cam/image_name": "2743_cam-image.jpg", "framecount/count": 2743, "user/mode": "user"}