{"user/roll": 1507, "user/pitch": 1439, "user/throttle": 1441, "user/yaw": 1318, "imu/vel_x": 2.48, "imu/vel_y": -1.8, "imu/vel_z": 0.33, "gps/latitude": 51.4503217, "gps/longtitude": 5.454878, "gps/speed": 3.066793441772461, "gps/target_distance": 26.504779920148465, "gps/path_distance": 19.93957213309136, "gps/altitude": 3.567, "cam/image_name": "2687_cam-image.jpg", "framecount/count": 2687, "user/mode": "user"}