{"user/roll": 1507, "user/pitch": 1337, "user/throttle": 1497, "user/yaw": 1546, "imu/vel_x": -0.95, "imu/vel_y": -3.54, "imu/vel_z": -0.69, "gps/latitude": 51.4504889, "gps/longtitude": 5.4549199, "gps/speed": 3.652052164077759, "gps/target_distance": 25.47945205150841, "gps/path_distance": 20.732063410338924, "gps/altitude": 3.637, "cam/image_name": "2039_cam-image.jpg", "framecount/count": 2039, "user/mode": "user"}