{"user/roll": 1413, "user/pitch": 1365, "user/throttle": 1407, "user/yaw": 1488, "imu/vel_x": -1.15, "imu/vel_y": -1.86, "imu/vel_z": 0.3, "gps/latitude": 51.4504869, "gps/longtitude": 5.454865, "gps/speed": 2.2116165161132812, "gps/target_distance": 19.37624759205372, "gps/path_distance": 15.502948947457526, "gps/altitude": 4.33, "cam/image_name": "2415_cam-image.jpg", "framecount/count": 2415, "user/mode": "user"}