{"user/roll": 1507, "user/pitch": 1624, "user/throttle": 1486, "user/yaw": 1501, "imu/vel_x": 2.58, "imu/vel_y": -2.09, "imu/vel_z": -0.52, "gps/latitude": 51.4504031, "gps/longtitude": 5.454768, "gps/speed": 3.3172805309295654, "gps/target_distance": 11.332812028959415, "gps/path_distance": 1.8424482604601167, "gps/altitude": 3.099, "cam/image_name": "2756_cam-image.jpg", "framecount/count": 2756, "user/mode": "user"}