{"user/roll": 1496, "user/pitch": 1385, "user/throttle": 1466, "user/yaw": 1498, "imu/vel_x": -0.13, "imu/vel_y": -2.64, "imu/vel_z": -1.14, "gps/latitude": 51.4506692, "gps/longtitude": 5.4549989, "gps/speed": 2.6367053985595703, "gps/target_distance": 40.63993003893297, "gps/path_distance": 19.014682882538295, "gps/altitude": 3.617, "cam/image_name": "1122_cam-image.jpg", "framecount/count": 1122, "user/mode": "user"}