{"user/roll": 1391, "user/pitch": 1472, "user/throttle": 1348, "user/yaw": 1499, "imu/vel_x": 0.31, "imu/vel_y": -1.64, "imu/vel_z": 0.06, "gps/latitude": 51.4504417, "gps/longtitude": 5.4552163, "gps/speed": 1.6850351095199585, "gps/target_distance": 58.45716410631363, "gps/path_distance": 8.923379178252219, "gps/altitude": 4.021, "cam/image_name": "2181_cam-image.jpg", "framecount/count": 2181, "user/mode": "user"}