{"user/roll": 1507, "user/pitch": 1349, "user/throttle": 1496, "user/yaw": 1498, "imu/vel_x": -0.9, "imu/vel_y": -0.5, "imu/vel_z": -0.09, "gps/latitude": 51.4507608, "gps/longtitude": 5.4547764, "gps/speed": 1.0155291557312012, "gps/target_distance": 33.47430566475161, "gps/path_distance": 23.667308816206173, "gps/altitude": 2.096, "cam/image_name": "1446_cam-image.jpg", "framecount/count": 1446, "user/mode": "user"}