{"user/roll": 1362, "user/pitch": 1477, "user/throttle": 1399, "user/yaw": 1514, "imu/vel_x": -2.28, "imu/vel_y": 0.42, "imu/vel_z": 0.25, "gps/latitude": 51.4505731, "gps/longtitude": 5.4549213, "gps/speed": 2.323592185974121, "gps/target_distance": 27.955867876349302, "gps/path_distance": 16.44210796324876, "gps/altitude": 4.265, "cam/image_name": "1753_cam-image.jpg", "framecount/count": 1753, "user/mode": "user"}