{"user/roll": 1506, "user/pitch": 1310, "user/throttle": 1369, "user/yaw": 1501, "imu/vel_x": -2.15, "imu/vel_y": -0.46, "imu/vel_z": 0.22, "gps/latitude": 51.4507273, "gps/longtitude": 5.45475, "gps/speed": 2.2206034660339355, "gps/target_distance": 29.14139523956831, "gps/path_distance": 4.91811180917523, "gps/altitude": 3.212, "cam/image_name": "289_cam-image.jpg", "framecount/count": 289, "user/mode": "user"}