{"user/roll": 1506, "user/pitch": 1499, "user/throttle": 1314, "user/yaw": 1500, "imu/vel_x": -0.32, "imu/vel_y": -0.57, "imu/vel_z": 0.53, "gps/latitude": 51.4504749, "gps/longtitude": 5.4547398, "gps/speed": 0.624788224697113, "gps/target_distance": 5.387212268656389, "gps/path_distance": 7.14376540702159, "gps/altitude": 5.793, "cam/image_name": "1009_cam-image.jpg", "framecount/count": 1009, "user/mode": "user"}