{"user/roll": 1507, "user/pitch": 1499, "user/throttle": 1406, "user/yaw": 1499, "imu/vel_x": -0.97, "imu/vel_y": 0.35, "imu/vel_z": -0.22, "gps/latitude": 51.450505, "gps/longtitude": 5.4547262, "gps/speed": 1.0405343770980835, "gps/target_distance": 5.407555137322626, "gps/path_distance": 24.235461763955897, "gps/altitude": 2.735, "cam/image_name": "687_cam-image.jpg", "framecount/count": 687, "user/mode": "user"}