{"user/roll": 1297, "user/pitch": 1371, "user/throttle": 1392, "user/yaw": 1499, "imu/vel_x": -1.04, "imu/vel_y": -0.77, "imu/vel_z": 0.29, "gps/latitude": 51.4507131, "gps/longtitude": 5.4549058, "gps/speed": 1.304559350013733, "gps/target_distance": 35.889251032762274, "gps/path_distance": 14.147356826434844, "gps/altitude": 2.566, "cam/image_name": "460_cam-image.jpg", "framecount/count": 460, "user/mode": "user"}