{"user/roll": 1372, "user/pitch": 1647, "user/throttle": 1401, "user/yaw": 1498, "imu/vel_x": -0.95, "imu/vel_y": -2.17, "imu/vel_z": -0.22, "gps/latitude": 51.4504794, "gps/longtitude": 5.4547601, "gps/speed": 2.3851165771484375, "gps/target_distance": 7.685456806466236, "gps/path_distance": 28.55500652773202, "gps/altitude": 4.318, "cam/image_name": "1854_cam-image.jpg", "framecount/count": 1854, "user/mode": "user"}