{"user/roll": 1615, "user/pitch": 1349, "user/throttle": 1526, "user/yaw": 1502, "imu/vel_x": 3.39, "imu/vel_y": 1.35, "imu/vel_z": 0.0, "gps/latitude": 51.4503369, "gps/longtitude": 5.4546104, "gps/speed": 3.6536002159118652, "gps/target_distance": 17.352667444850105, "gps/path_distance": 1.3037783395801057, "gps/altitude": 3.398, "cam/image_name": "3026_cam-image.jpg", "framecount/count": 3026, "user/mode": "user"}