{"user/roll": 1499, "user/pitch": 1292, "user/throttle": 1396, "user/yaw": 1501, "imu/vel_x": -0.24, "imu/vel_y": -1.87, "imu/vel_z": -0.29, "gps/latitude": 51.4505082, "gps/longtitude": 5.45486, "gps/speed": 1.8986139297485352, "gps/target_distance": 19.190757640361117, "gps/path_distance": 10.632703021388352, "gps/altitude": 6.365, "cam/image_name": "948_cam-image.jpg", "framecount/count": 948, "user/mode": "user"}