{"user/roll": 1481, "user/pitch": 1367, "user/throttle": 1349, "user/yaw": 1499, "imu/vel_x": -0.4, "imu/vel_y": -2.95, "imu/vel_z": -0.88, "gps/latitude": 51.4506677, "gps/longtitude": 5.4549726, "gps/speed": 3.020646333694458, "gps/target_distance": 38.11654691589969, "gps/path_distance": 22.352492266534142, "gps/altitude": 4.554, "cam/image_name": "1133_cam-image.jpg", "framecount/count": 1133, "user/mode": "user"}