{"user/roll": 1508, "user/pitch": 1413, "user/throttle": 1388, "user/yaw": 1499, "imu/vel_x": 0.15, "imu/vel_y": -2.91, "imu/vel_z": -0.12, "gps/latitude": 51.4502435, "gps/longtitude": 5.4550476, "gps/speed": 2.92107892036438, "gps/target_distance": 46.921646847926326, "gps/path_distance": 21.68368319639893, "gps/altitude": 3.835, "cam/image_name": "2594_cam-image.jpg", "framecount/count": 2594, "user/mode": "user"}