{"user/roll": 1507, "user/pitch": 1687, "user/throttle": 1471, "user/yaw": 1500, "imu/vel_x": 1.49, "imu/vel_y": -1.2, "imu/vel_z": -0.76, "gps/latitude": 51.4504119, "gps/longtitude": 5.4547554, "gps/speed": 1.8865364789962769, "gps/target_distance": 9.63904596457077, "gps/path_distance": 4.933277625151334, "gps/altitude": 3.456, "cam/image_name": "2763_cam-image.jpg", "framecount/count": 2763, "user/mode": "user"}