{"user/roll": 1507, "user/pitch": 1439, "user/throttle": 1541, "user/yaw": 1405, "imu/vel_x": 1.16, "imu/vel_y": -1.23, "imu/vel_z": 0.15, "gps/latitude": 51.4504577, "gps/longtitude": 5.4550506, "gps/speed": 1.7816179990768433, "gps/target_distance": 39.9639481357381, "gps/path_distance": 0.6619783039393496, "gps/altitude": 3.586, "cam/image_name": "2291_cam-image.jpg", "framecount/count": 2291, "user/mode": "user"}