{"user/roll": 1507, "user/pitch": 1500, "user/throttle": 1390, "user/yaw": 1499, "imu/vel_x": -2.57, "imu/vel_y": 0.14, "imu/vel_z": 0.48, "gps/latitude": 51.4505064, "gps/longtitude": 5.4547042, "gps/speed": 2.552548408508301, "gps/target_distance": 4.1908722128162985, "gps/path_distance": 22.475803399319005, "gps/altitude": 5.343, "cam/image_name": "1352_cam-image.jpg", "framecount/count": 1352, "user/mode": "user"}