{"user/roll": 1646, "user/pitch": 1499, "user/throttle": 1418, "user/yaw": 1500, "imu/vel_x": -0.96, "imu/vel_y": -1.55, "imu/vel_z": 0.15, "gps/latitude": 51.4505121, "gps/longtitude": 5.4548758, "gps/speed": 1.8340083360671997, "gps/target_distance": 21.000022665216157, "gps/path_distance": 5.804040824247238, "gps/altitude": 6.292, "cam/image_name": "935_cam-image.jpg", "framecount/count": 935, "user/mode": "user"}