{"user/roll": 1583, "user/pitch": 1313, "user/throttle": 1420, "user/yaw": 1501, "imu/vel_x": -2.37, "imu/vel_y": -1.0, "imu/vel_z": -0.42, "gps/latitude": 51.4505382, "gps/longtitude": 5.4549271, "gps/speed": 2.5915908813476562, "gps/target_distance": 27.244563439585892, "gps/path_distance": 13.32243392803798, "gps/altitude": 4.326, "cam/image_name": "1783_cam-image.jpg", "framecount/count": 1783, "user/mode": "user"}