{"user/roll": 1507, "user/pitch": 1500, "user/throttle": 1357, "user/yaw": 1500, "imu/vel_x": -2.17, "imu/vel_y": -0.3, "imu/vel_z": 0.1, "gps/latitude": 51.4507079, "gps/longtitude": 5.4546919, "gps/speed": 2.1986398696899414, "gps/target_distance": 26.258690785644244, "gps/path_distance": 29.946296372825827, "gps/altitude": 3.19, "cam/image_name": "40_cam-image.jpg", "framecount/count": 40, "user/mode": "user"}