{"user/roll": 1453, "user/pitch": 1424, "user/throttle": 1370, "user/yaw": 1498, "imu/vel_x": -1.62, "imu/vel_y": -1.97, "imu/vel_z": 0.24, "gps/latitude": 51.4506566, "gps/longtitude": 5.4549104, "gps/speed": 2.5449187755584717, "gps/target_distance": 31.875876915954635, "gps/path_distance": 21.72612965901078, "gps/altitude": 5.06, "cam/image_name": "1167_cam-image.jpg", "framecount/count": 1167, "user/mode": "user"}