{"user/roll": 1507, "user/pitch": 1388, "user/throttle": 1438, "user/yaw": 1500, "imu/vel_x": -1.63, "imu/vel_y": -0.72, "imu/vel_z": -0.02, "gps/latitude": 51.4506685, "gps/longtitude": 5.4548956, "gps/speed": 1.8110047578811646, "gps/target_distance": 31.53726902749479, "gps/path_distance": 3.7437645307128378, "gps/altitude": 3.373, "cam/image_name": "531_cam-image.jpg", "framecount/count": 531, "user/mode": "user"}