{"user/roll": 1460, "user/pitch": 1553, "user/throttle": 1604, "user/yaw": 1498, "imu/vel_x": 1.06, "imu/vel_y": -0.96, "imu/vel_z": -0.21, "gps/latitude": 51.4504626, "gps/longtitude": 5.4550429, "gps/speed": 1.4518966674804688, "gps/target_distance": 39.09176366585626, "gps/path_distance": 21.13186767641571, "gps/altitude": 3.57, "cam/image_name": "2300_cam-image.jpg", "framecount/count": 2300, "user/mode": "user"}