{"user/roll": 1507, "user/pitch": 1500, "user/throttle": 1307, "user/yaw": 1500, "imu/vel_x": 0.31, "imu/vel_y": 0.42, "imu/vel_z": -0.17, "gps/latitude": 51.4504468, "gps/longtitude": 5.4551744, "gps/speed": 0.530845046043396, "gps/target_distance": 53.77350058471608, "gps/path_distance": 0.5509235871779197, "gps/altitude": 2.822, "cam/image_name": "1872_cam-image.jpg", "framecount/count": 1872, "user/mode": "user"}