{"user/roll": 1507, "user/pitch": 1500, "user/throttle": 1442, "user/yaw": 1499, "imu/vel_x": -0.5, "imu/vel_y": -0.48, "imu/vel_z": 0.0, "gps/latitude": 51.4505305, "gps/longtitude": 5.4547247, "gps/speed": 0.7041148543357849, "gps/target_distance": 7.574351307271251, "gps/path_distance": 22.076702306275024, "gps/altitude": 4.653, "cam/image_name": "1631_cam-image.jpg", "framecount/count": 1631, "user/mode": "user"}