{"user/roll": 1578, "user/pitch": 1500, "user/throttle": 1415, "user/yaw": 1502, "imu/vel_x": -1.38, "imu/vel_y": -1.79, "imu/vel_z": 0.27, "gps/latitude": 51.4505149, "gps/longtitude": 5.4548816, "gps/speed": 2.2755157947540283, "gps/target_distance": 21.697834616745514, "gps/path_distance": 5.443079894278526, "gps/altitude": 6.349, "cam/image_name": "929_cam-image.jpg", "framecount/count": 929, "user/mode": "user"}