{"user/roll": 1507, "user/pitch": 1382, "user/throttle": 1407, "user/yaw": 1402, "imu/vel_x": -2.54, "imu/vel_y": -0.97, "imu/vel_z": -0.31, "gps/latitude": 51.450729, "gps/longtitude": 5.4547554, "gps/speed": 2.7279117107391357, "gps/target_distance": 29.463914489275453, "gps/path_distance": 3.2399235966650792, "gps/altitude": 3.172, "cam/image_name": "1480_cam-image.jpg", "framecount/count": 1480, "user/mode": "user"}