{"user/roll": 1508, "user/pitch": 1482, "user/throttle": 1462, "user/yaw": 1499, "imu/vel_x": 2.33, "imu/vel_y": -1.76, "imu/vel_z": 0.42, "gps/latitude": 51.4503267, "gps/longtitude": 5.4548714, "gps/speed": 2.923704147338867, "gps/target_distance": 25.585626861340607, "gps/path_distance": 13.886317134764852, "gps/altitude": 3.475, "cam/image_name": "2691_cam-image.jpg", "framecount/count": 2691, "user/mode": "user"}