{"user/roll": 1397, "user/pitch": 1341, "user/throttle": 1378, "user/yaw": 1500, "imu/vel_x": -0.66, "imu/vel_y": 0.0, "imu/vel_z": 0.0, "gps/latitude": 51.4506938, "gps/longtitude": 5.4550137, "gps/speed": 0.6656048893928528, "gps/target_distance": 43.52007965126908, "gps/path_distance": 9.009823121341157, "gps/altitude": 3.886, "cam/image_name": "717_cam-image.jpg", "framecount/count": 717, "user/mode": "user"}