{"user/roll": 1355, "user/pitch": 1499, "user/throttle": 1404, "user/yaw": 1498, "imu/vel_x": 0.05, "imu/vel_y": -3.35, "imu/vel_z": 0.09, "gps/latitude": 51.4504917, "gps/longtitude": 5.454899, "gps/speed": 3.3215689659118652, "gps/target_distance": 23.191672200808746, "gps/path_distance": 11.795773944546852, "gps/altitude": 4.452, "cam/image_name": "2397_cam-image.jpg", "framecount/count": 2397, "user/mode": "user"}