{"user/roll": 1507, "user/pitch": 1436, "user/throttle": 1447, "user/yaw": 1500, "imu/vel_x": 2.64, "imu/vel_y": -1.95, "imu/vel_z": 0.21, "gps/latitude": 51.4503104, "gps/longtitude": 5.4548917, "gps/speed": 3.291208505630493, "gps/target_distance": 28.476271935060335, "gps/path_distance": 15.879149128458266, "gps/altitude": 3.69, "cam/image_name": "2679_cam-image.jpg", "framecount/count": 2679, "user/mode": "user"}