{"user/roll": 1530, "user/pitch": 1369, "user/throttle": 1399, "user/yaw": 1603, "imu/vel_x": 2.25, "imu/vel_y": -1.69, "imu/vel_z": -0.26, "gps/latitude": 51.4502813, "gps/longtitude": 5.4549284, "gps/speed": 2.807279109954834, "gps/target_distance": 33.676788272759744, "gps/path_distance": 13.076726605866327, "gps/altitude": 3.842, "cam/image_name": "2656_cam-image.jpg", "framecount/count": 2656, "user/mode": "user"}