{"user/roll": 1340, "user/pitch": 1420, "user/throttle": 1365, "user/yaw": 1500, "imu/vel_x": -1.45, "imu/vel_y": -4.28, "imu/vel_z": 0.39, "gps/latitude": 51.4504972, "gps/longtitude": 5.4547984, "gps/speed": 4.491260528564453, "gps/target_distance": 12.241150084940818, "gps/path_distance": 10.662346556685861, "gps/altitude": 6.195, "cam/image_name": "968_cam-image.jpg", "framecount/count": 968, "user/mode": "user"}