{"user/roll": 1506, "user/pitch": 1500, "user/throttle": 1407, "user/yaw": 1500, "imu/vel_x": -1.51, "imu/vel_y": -1.5, "imu/vel_z": -0.45, "gps/latitude": 51.4506426, "gps/longtitude": 5.4549589, "gps/speed": 2.140286684036255, "gps/target_distance": 35.3047427486237, "gps/path_distance": 0.11387500969669873, "gps/altitude": 5.779, "cam/image_name": "803_cam-image.jpg", "framecount/count": 803, "user/mode": "user"}