{"user/roll": 1508, "user/pitch": 1374, "user/throttle": 1500, "user/yaw": 1499, "imu/vel_x": 3.29, "imu/vel_y": -1.04, "imu/vel_z": 0.03, "gps/latitude": 51.4502982, "gps/longtitude": 5.4547724, "gps/speed": 3.4576525688171387, "gps/target_distance": 21.116802825619096, "gps/path_distance": 10.720842191611496, "gps/altitude": 2.342, "cam/image_name": "2871_cam-image.jpg", "framecount/count": 2871, "user/mode": "user"}