{"user/roll": 1508, "user/pitch": 1499, "user/throttle": 1472, "user/yaw": 1500, "imu/vel_x": 0.69, "imu/vel_y": -0.46, "imu/vel_z": 0.19, "gps/latitude": 51.4504173, "gps/longtitude": 5.4547476, "gps/speed": 0.8457972407341003, "gps/target_distance": 8.596765231603763, "gps/path_distance": 6.832255899833058, "gps/altitude": 3.882, "cam/image_name": "2783_cam-image.jpg", "framecount/count": 2783, "user/mode": "user"}