{"user/roll": 1506, "user/pitch": 1658, "user/throttle": 1412, "user/yaw": 1499, "imu/vel_x": 2.63, "imu/vel_y": -0.58, "imu/vel_z": -0.1, "gps/latitude": 51.4503883, "gps/longtitude": 5.4547334, "gps/speed": 2.7109930515289307, "gps/target_distance": 10.248018870609574, "gps/path_distance": 3.4442754531231685, "gps/altitude": 2.988, "cam/image_name": "2923_cam-image.jpg", "framecount/count": 2923, "user/mode": "user"}