{"user/roll": 1543, "user/pitch": 1344, "user/throttle": 1411, "user/yaw": 1591, "imu/vel_x": -0.08, "imu/vel_y": -2.81, "imu/vel_z": -0.25, "gps/latitude": 51.4502433, "gps/longtitude": 5.4550577, "gps/speed": 2.832131862640381, "gps/target_distance": 47.88530250920896, "gps/path_distance": 22.907632134491678, "gps/altitude": 3.77, "cam/image_name": "2590_cam-image.jpg", "framecount/count": 2590, "user/mode": "user"}