{"user/roll": 1368, "user/pitch": 1440, "user/throttle": 1369, "user/yaw": 1499, "imu/vel_x": -0.67, "imu/vel_y": -2.75, "imu/vel_z": -0.1, "gps/latitude": 51.4506641, "gps/longtitude": 5.4549325, "gps/speed": 2.8389790058135986, "gps/target_distance": 34.30252400590127, "gps/path_distance": 20.16580765533152, "gps/altitude": 5.057, "cam/image_name": "1153_cam-image.jpg", "framecount/count": 1153, "user/mode": "user"}