{"user/roll": 1508, "user/pitch": 1421, "user/throttle": 1362, "user/yaw": 1501, "imu/vel_x": -2.9, "imu/vel_y": 0.06, "imu/vel_z": 0.23, "gps/latitude": 51.450523, "gps/longtitude": 5.4547011, "gps/speed": 2.9252679347991943, "gps/target_distance": 5.882240130328705, "gps/path_distance": 18.502759735488468, "gps/altitude": 5.639, "cam/image_name": "1338_cam-image.jpg", "framecount/count": 1338, "user/mode": "user"}