{"user/roll": 1506, "user/pitch": 1295, "user/throttle": 1370, "user/yaw": 1500, "imu/vel_x": 0.04, "imu/vel_y": 0.02, "imu/vel_z": -0.23, "gps/latitude": 51.4507371, "gps/longtitude": 5.4547529, "gps/speed": 0.024958299472928047, "gps/target_distance": 30.27121434871504, "gps/path_distance": 2.830481857381727, "gps/altitude": 3.075, "cam/image_name": "270_cam-image.jpg", "framecount/count": 270, "user/mode": "user"}