{"user/roll": 1504, "user/pitch": 1346, "user/throttle": 1370, "user/yaw": 1498, "imu/vel_x": -2.69, "imu/vel_y": -0.54, "imu/vel_z": 0.19, "gps/latitude": 51.4507163, "gps/longtitude": 5.4547469, "gps/speed": 2.764141321182251, "gps/target_distance": 27.877251500336293, "gps/path_distance": 11.002736639430026, "gps/altitude": 3.143, "cam/image_name": "297_cam-image.jpg", "framecount/count": 297, "user/mode": "user"}