{"user/roll": 1506, "user/pitch": 1247, "user/throttle": 1370, "user/yaw": 1500, "imu/vel_x": -0.49, "imu/vel_y": -0.08, "imu/vel_z": -0.1, "gps/latitude": 51.450737, "gps/longtitude": 5.454753, "gps/speed": 0.5242664813995361, "gps/target_distance": 30.262937435064337, "gps/path_distance": 1.8143155621818892, "gps/altitude": 3.165, "cam/image_name": "272_cam-image.jpg", "framecount/count": 272, "user/mode": "user"}