{"user/roll": 1646, "user/pitch": 1354, "user/throttle": 1405, "user/yaw": 1543, "imu/vel_x": -3.84, "imu/vel_y": -0.36, "imu/vel_z": -0.02, "gps/latitude": 51.4506128, "gps/longtitude": 5.4547531, "gps/speed": 3.834947347640991, "gps/target_distance": 17.154286396671186, "gps/path_distance": 21.112650856799007, "gps/altitude": 4.364, "cam/image_name": "1568_cam-image.jpg", "framecount/count": 1568, "user/mode": "user"}