{"user/roll": 1508, "user/pitch": 1499, "user/throttle": 1436, "user/yaw": 1282, "imu/vel_x": 0.57, "imu/vel_y": 0.09, "imu/vel_z": -0.08, "gps/latitude": 51.4507494, "gps/longtitude": 5.4547849, "gps/speed": 0.6002752184867859, "gps/target_distance": 32.554339778821344, "gps/path_distance": 78.20667652262932, "gps/altitude": 2.834, "cam/image_name": "1389_cam-image.jpg", "framecount/count": 1389, "user/mode": "user"}