{"user/roll": 1508, "user/pitch": 1372, "user/throttle": 1531, "user/yaw": 1501, "imu/vel_x": 0.2, "imu/vel_y": -2.8, "imu/vel_z": -0.01, "gps/latitude": 51.4504534, "gps/longtitude": 5.4551114, "gps/speed": 2.792440176010132, "gps/target_distance": 46.74008759922455, "gps/path_distance": 2.793966972457042, "gps/altitude": 2.226, "cam/image_name": "1951_cam-image.jpg", "framecount/count": 1951, "user/mode": "user"}