{"user/roll": 1447, "user/pitch": 1293, "user/throttle": 1408, "user/yaw": 1499, "imu/vel_x": -4.79, "imu/vel_y": -0.5, "imu/vel_z": 0.38, "gps/latitude": 51.4506452, "gps/longtitude": 5.4546869, "gps/speed": 4.862637519836426, "gps/target_distance": 19.32303489069771, "gps/path_distance": 13.950303466596097, "gps/altitude": 2.175, "cam/image_name": "195_cam-image.jpg", "framecount/count": 195, "user/mode": "user"}