{"user/roll": 1508, "user/pitch": 1344, "user/throttle": 1476, "user/yaw": 1501, "imu/vel_x": 3.22, "imu/vel_y": 1.27, "imu/vel_z": 0.11, "gps/latitude": 51.4503297, "gps/longtitude": 5.4546058, "gps/speed": 3.309145450592041, "gps/target_distance": 18.29971171752449, "gps/path_distance": 1.2516960133124257, "gps/altitude": 3.41, "cam/image_name": "3021_cam-image.jpg", "framecount/count": 3021, "user/mode": "user"}