{"user/roll": 1507, "user/pitch": 1430, "user/throttle": 1407, "user/yaw": 1499, "imu/vel_x": -2.69, "imu/vel_y": -0.03, "imu/vel_z": -0.17, "gps/latitude": 51.4506779, "gps/longtitude": 5.4547446, "gps/speed": 2.720564603805542, "gps/target_distance": 23.683914105158824, "gps/path_distance": 17.0688384723843, "gps/altitude": 4.111, "cam/image_name": "1519_cam-image.jpg", "framecount/count": 1519, "user/mode": "user"}