{"user/roll": 1468, "user/pitch": 1400, "user/throttle": 1434, "user/yaw": 1500, "imu/vel_x": -3.99, "imu/vel_y": 0.11, "imu/vel_z": -0.01, "gps/latitude": 51.4506094, "gps/longtitude": 5.4547304, "gps/speed": 3.9962003231048584, "gps/target_distance": 15.948915815780367, "gps/path_distance": 1.9067797295654145, "gps/altitude": 2.798, "cam/image_name": "358_cam-image.jpg", "framecount/count": 358, "user/mode": "user"}