{"user/roll": 1352, "user/pitch": 1441, "user/throttle": 1439, "user/yaw": 1532, "imu/vel_x": 0.36, "imu/vel_y": 0.37, "imu/vel_z": 0.0, "gps/latitude": 51.4502756, "gps/longtitude": 5.4551999, "gps/speed": 0.5224294066429138, "gps/target_distance": 60.53254229787181, "gps/path_distance": 15.633160148407626, "gps/altitude": 3.339, "cam/image_name": "2502_cam-image.jpg", "framecount/count": 2502, "user/mode": "user"}