{"user/roll": 1507, "user/pitch": 1399, "user/throttle": 1462, "user/yaw": 1500, "imu/vel_x": -0.44, "imu/vel_y": -0.44, "imu/vel_z": -0.36, "gps/latitude": 51.4506294, "gps/longtitude": 5.4549554, "gps/speed": 0.6390669345855713, "gps/target_distance": 34.20432105678435, "gps/path_distance": 3.025595334498064, "gps/altitude": 4.214, "cam/image_name": "1683_cam-image.jpg", "framecount/count": 1683, "user/mode": "user"}