{"user/roll": 1505, "user/pitch": 1499, "user/throttle": 1409, "user/yaw": 1315, "imu/vel_x": 0.73, "imu/vel_y": 0.0, "imu/vel_z": 0.12, "gps/latitude": 51.4506461, "gps/longtitude": 5.4550697, "gps/speed": 0.7508534789085388, "gps/target_distance": 46.327205246216366, "gps/path_distance": 60.65161111486583, "gps/altitude": 3.227, "cam/image_name": "1030_cam-image.jpg", "framecount/count": 1030, "user/mode": "user"}