{"user/roll": 1365, "user/pitch": 1439, "user/throttle": 1407, "user/yaw": 1498, "imu/vel_x": -0.7, "imu/vel_y": -0.28, "imu/vel_z": -1.01, "gps/latitude": 51.4506751, "gps/longtitude": 5.4549844, "gps/speed": 0.7554108500480652, "gps/target_distance": 39.66188745143826, "gps/path_distance": 1.2317505286004007, "gps/altitude": 4.252, "cam/image_name": "766_cam-image.jpg", "framecount/count": 766, "user/mode": "user"}