{"user/roll": 1508, "user/pitch": 1358, "user/throttle": 1435, "user/yaw": 1500, "imu/vel_x": -1.16, "imu/vel_y": -2.85, "imu/vel_z": 0.15, "gps/latitude": 51.4505134, "gps/longtitude": 5.454866, "gps/speed": 3.070774793624878, "gps/target_distance": 19.9711561421188, "gps/path_distance": 16.580528340593446, "gps/altitude": 3.923, "cam/image_name": "1813_cam-image.jpg", "framecount/count": 1813, "user/mode": "user"}