{"user/roll": 1510, "user/pitch": 1351, "user/throttle": 1440, "user/yaw": 1552, "imu/vel_x": -0.29, "imu/vel_y": -2.6, "imu/vel_z": -0.28, "gps/latitude": 51.4502435, "gps/longtitude": 5.4550675, "gps/speed": 2.606950283050537, "gps/target_distance": 48.80436216602922, "gps/path_distance": 21.12590496658231, "gps/altitude": 3.683, "cam/image_name": "2585_cam-image.jpg", "framecount/count": 2585, "user/mode": "user"}