{"user/roll": 1594, "user/pitch": 1258, "user/throttle": 1473, "user/yaw": 1500, "imu/vel_x": 1.21, "imu/vel_y": 0.14, "imu/vel_z": -0.3, "gps/latitude": 51.4502586, "gps/longtitude": 5.4545625, "gps/speed": 1.2396074533462524, "gps/target_distance": 27.52871797380437, "gps/path_distance": 3.240082065346485, "gps/altitude": 3.534, "cam/image_name": "2975_cam-image.jpg", "framecount/count": 2975, "user/mode": "user"}