{"user/roll": 1449, "user/pitch": 1436, "user/throttle": 1427, "user/yaw": 1498, "imu/vel_x": -0.17, "imu/vel_y": -0.17, "imu/vel_z": 0.23, "gps/latitude": 51.4506354, "gps/longtitude": 5.4549626, "gps/speed": 0.2508520781993866, "gps/target_distance": 35.233045769219686, "gps/path_distance": 24.266465010389453, "gps/altitude": 4.39, "cam/image_name": "1661_cam-image.jpg", "framecount/count": 1661, "user/mode": "user"}