{"user/roll": 1447, "user/pitch": 1427, "user/throttle": 1404, "user/yaw": 1499, "imu/vel_x": -1.25, "imu/vel_y": -0.15, "imu/vel_z": -0.9, "gps/latitude": 51.4506699, "gps/longtitude": 5.4549832, "gps/speed": 1.2824493646621704, "gps/target_distance": 39.22579368231735, "gps/path_distance": 1.6141915534402642, "gps/altitude": 4.779, "cam/image_name": "772_cam-image.jpg", "framecount/count": 772, "user/mode": "user"}