{"user/roll": 1352, "user/pitch": 1371, "user/throttle": 1407, "user/yaw": 1500, "imu/vel_x": -2.45, "imu/vel_y": 0.0, "imu/vel_z": 0.21, "gps/latitude": 51.4505814, "gps/longtitude": 5.4549468, "gps/speed": 2.454841136932373, "gps/target_distance": 30.922827554468693, "gps/path_distance": 7.178087936119709, "gps/altitude": 6.179, "cam/image_name": "872_cam-image.jpg", "framecount/count": 872, "user/mode": "user"}