{"user/roll": 1485, "user/pitch": 1350, "user/throttle": 1404, "user/yaw": 1461, "imu/vel_x": 0.35, "imu/vel_y": -3.45, "imu/vel_z": 0.07, "gps/latitude": 51.4504898, "gps/longtitude": 5.4549233, "gps/speed": 3.4868738651275635, "gps/target_distance": 25.86440869393681, "gps/path_distance": 6.486364988678702, "gps/altitude": 4.482, "cam/image_name": "2388_cam-image.jpg", "framecount/count": 2388, "user/mode": "user"}