{"user/roll": 1505, "user/pitch": 1425, "user/throttle": 1379, "user/yaw": 1499, "imu/vel_x": -1.43, "imu/vel_y": -0.37, "imu/vel_z": -0.51, "gps/latitude": 51.450663, "gps/longtitude": 5.4549812, "gps/speed": 1.5050164461135864, "gps/target_distance": 38.615644795208226, "gps/path_distance": 0.19641595128803147, "gps/altitude": 5.166, "cam/image_name": "779_cam-image.jpg", "framecount/count": 779, "user/mode": "user"}