{"user/roll": 1507, "user/pitch": 1499, "user/throttle": 1430, "user/yaw": 1500, "imu/vel_x": -4.0, "imu/vel_y": -0.06, "imu/vel_z": -1.4, "gps/latitude": 51.4504715, "gps/longtitude": 5.4546801, "gps/speed": 4.8862810134887695, "gps/target_distance": 1.2755414798755962, "gps/path_distance": 99.99958650958513, "gps/altitude": 3.324, "cam/image_name": "253_cam-image.jpg", "framecount/count": 253, "user/mode": "user"}