{"user/roll": 1508, "user/pitch": 1367, "user/throttle": 1321, "user/yaw": 1500, "imu/vel_x": -2.18, "imu/vel_y": -0.03, "imu/vel_z": -0.07, "gps/latitude": 51.4507222, "gps/longtitude": 5.4546908, "gps/speed": 2.212148666381836, "gps/target_distance": 27.842167530783158, "gps/path_distance": 28.105551988124034, "gps/altitude": 3.198, "cam/image_name": "28_cam-image.jpg", "framecount/count": 28, "user/mode": "user"}