{"user/roll": 1490, "user/pitch": 1462, "user/throttle": 1401, "user/yaw": 1328, "imu/vel_x": -1.34, "imu/vel_y": -3.25, "imu/vel_z": -0.3, "gps/latitude": 51.4505884, "gps/longtitude": 5.4547599, "gps/speed": 3.521430015563965, "gps/target_distance": 15.083432903247568, "gps/path_distance": 40.0953865078219, "gps/altitude": 5.731, "cam/image_name": "1241_cam-image.jpg", "framecount/count": 1241, "user/mode": "user"}