{"user/roll": 1422, "user/pitch": 1316, "user/throttle": 1364, "user/yaw": 1500, "imu/vel_x": -0.69, "imu/vel_y": -3.47, "imu/vel_z": 0.13, "gps/latitude": 51.4505033, "gps/longtitude": 5.4548285, "gps/speed": 3.5605316162109375, "gps/target_distance": 15.654205137943832, "gps/path_distance": 11.875068446423853, "gps/altitude": 6.402, "cam/image_name": "960_cam-image.jpg", "framecount/count": 960, "user/mode": "user"}