{"user/roll": 1508, "user/pitch": 1499, "user/throttle": 1439, "user/yaw": 1501, "imu/vel_x": 0.6, "imu/vel_y": 0.1, "imu/vel_z": -0.07, "gps/latitude": 51.4507482, "gps/longtitude": 5.4547854, "gps/speed": 0.6219751238822937, "gps/target_distance": 32.446288383608795, "gps/path_distance": 79.09548351825353, "gps/altitude": 2.794, "cam/image_name": "1384_cam-image.jpg", "framecount/count": 1384, "user/mode": "user"}