{"user/roll": 1489, "user/pitch": 1371, "user/throttle": 1383, "user/yaw": 1499, "imu/vel_x": -3.08, "imu/vel_y": -0.62, "imu/vel_z": 0.43, "gps/latitude": 51.4506839, "gps/longtitude": 5.4547368, "gps/speed": 3.132105588912964, "gps/target_distance": 24.13210000265406, "gps/path_distance": 2.5374850075514814, "gps/altitude": 2.863, "cam/image_name": "318_cam-image.jpg", "framecount/count": 318, "user/mode": "user"}