{"user/roll": 1471, "user/pitch": 1389, "user/throttle": 1407, "user/yaw": 1499, "imu/vel_x": -1.32, "imu/vel_y": -1.91, "imu/vel_z": 0.36, "gps/latitude": 51.4504841, "gps/longtitude": 5.4548588, "gps/speed": 2.2953763008117676, "gps/target_distance": 18.662562638379384, "gps/path_distance": 16.701657486520958, "gps/altitude": 4.241, "cam/image_name": "2419_cam-image.jpg", "framecount/count": 2419, "user/mode": "user"}