{"user/roll": 1508, "user/pitch": 1406, "user/throttle": 1377, "user/yaw": 1632, "imu/vel_x": -2.73, "imu/vel_y": -0.65, "imu/vel_z": -0.24, "gps/latitude": 51.4505555, "gps/longtitude": 5.4549449, "gps/speed": 2.825160026550293, "gps/target_distance": 29.702155547761926, "gps/path_distance": 3.7747342148392704, "gps/altitude": 6.303, "cam/image_name": "888_cam-image.jpg", "framecount/count": 888, "user/mode": "user"}