{"user/roll": 1506, "user/pitch": 1500, "user/throttle": 1426, "user/yaw": 1500, "imu/vel_x": -0.96, "imu/vel_y": 0.01, "imu/vel_z": 0.65, "gps/latitude": 51.4504925, "gps/longtitude": 5.4547084, "gps/speed": 0.9549369812011719, "gps/target_distance": 3.052074296356843, "gps/path_distance": 30.78028747033011, "gps/altitude": 4.842, "cam/image_name": "1367_cam-image.jpg", "framecount/count": 1367, "user/mode": "user"}