{"user/roll": 1629, "user/pitch": 1491, "user/throttle": 1498, "user/yaw": 1501, "imu/vel_x": 1.8, "imu/vel_y": -2.98, "imu/vel_z": -0.03, "gps/latitude": 51.4502577, "gps/longtitude": 5.4549619, "gps/speed": 3.4816813468933105, "gps/target_distance": 38.220525677034345, "gps/path_distance": 10.662502959167568, "gps/altitude": 3.238, "cam/image_name": "2636_cam-image.jpg", "framecount/count": 2636, "user/mode": "user"}