{"user/roll": 1508, "user/pitch": 1750, "user/throttle": 1422, "user/yaw": 1565, "imu/vel_x": 1.12, "imu/vel_y": 0.65, "imu/vel_z": 0.11, "gps/latitude": 51.4506551, "gps/longtitude": 5.4550712, "gps/speed": 1.3055506944656372, "gps/target_distance": 46.90376979116436, "gps/path_distance": 0.9244177211567433, "gps/altitude": 3.09, "cam/image_name": "1052_cam-image.jpg", "framecount/count": 1052, "user/mode": "user"}