{"user/roll": 1508, "user/pitch": 1408, "user/throttle": 1497, "user/yaw": 1500, "imu/vel_x": 2.68, "imu/vel_y": -2.04, "imu/vel_z": -0.17, "gps/latitude": 51.4503918, "gps/longtitude": 5.4547836, "gps/speed": 3.3745710849761963, "gps/target_distance": 13.46353187009947, "gps/path_distance": 0.9961845944703782, "gps/altitude": 2.889, "cam/image_name": "2745_cam-image.jpg", "framecount/count": 2745, "user/mode": "user"}