{"user/roll": 1572, "user/pitch": 1456, "user/throttle": 1500, "user/yaw": 1500, "imu/vel_x": 2.03, "imu/vel_y": -1.9, "imu/vel_z": -0.44, "gps/latitude": 51.4502669, "gps/longtitude": 5.4549449, "gps/speed": 2.797281503677368, "gps/target_distance": 36.10587628521876, "gps/path_distance": 11.240947370706635, "gps/altitude": 3.408, "cam/image_name": "2645_cam-image.jpg", "framecount/count": 2645, "user/mode": "user"}