{"user/roll": 1480, "user/pitch": 1389, "user/throttle": 1348, "user/yaw": 1499, "imu/vel_x": -1.96, "imu/vel_y": -0.04, "imu/vel_z": 0.0, "gps/latitude": 51.450596, "gps/longtitude": 5.454949, "gps/speed": 1.9735803604125977, "gps/target_distance": 31.818273718882907, "gps/path_distance": 8.023026090517533, "gps/altitude": 6.249, "cam/image_name": "857_cam-image.jpg", "framecount/count": 857, "user/mode": "user"}