{"user/roll": 1508, "user/pitch": 1345, "user/throttle": 1436, "user/yaw": 1500, "imu/vel_x": -0.49, "imu/vel_y": -2.26, "imu/vel_z": -0.28, "gps/latitude": 51.4502442, "gps/longtitude": 5.4550764, "gps/speed": 2.3345298767089844, "gps/target_distance": 49.61597961933183, "gps/path_distance": 18.367999272040436, "gps/altitude": 3.6, "cam/image_name": "2580_cam-image.jpg", "framecount/count": 2580, "user/mode": "user"}