{"user/roll": 1460, "user/pitch": 1490, "user/throttle": 1404, "user/yaw": 1499, "imu/vel_x": -1.69, "imu/vel_y": -0.3, "imu/vel_z": 0.33, "gps/latitude": 51.4507069, "gps/longtitude": 5.4549021, "gps/speed": 1.7199680805206299, "gps/target_distance": 35.10298136375039, "gps/path_distance": 12.941149832860049, "gps/altitude": 2.455, "cam/image_name": "470_cam-image.jpg", "framecount/count": 470, "user/mode": "user"}