{"user/roll": 1507, "user/pitch": 1499, "user/throttle": 1388, "user/yaw": 1461, "imu/vel_x": 0.7, "imu/vel_y": 0.41, "imu/vel_z": -0.12, "gps/latitude": 51.450425, "gps/longtitude": 5.4552802, "gps/speed": 0.8288381099700928, "gps/target_distance": 65.67185643024085, "gps/path_distance": 19.890947447733367, "gps/altitude": 3.314, "cam/image_name": "2110_cam-image.jpg", "framecount/count": 2110, "user/mode": "user"}