{"user/roll": 1582, "user/pitch": 1233, "user/throttle": 1438, "user/yaw": 1501, "imu/vel_x": 1.74, "imu/vel_y": 0.54, "imu/vel_z": -0.21, "gps/latitude": 51.4502622, "gps/longtitude": 5.4545638, "gps/speed": 1.8381586074829102, "gps/target_distance": 27.113313219911365, "gps/path_distance": 5.10700347834802, "gps/altitude": 3.604, "cam/image_name": "2979_cam-image.jpg", "framecount/count": 2979, "user/mode": "user"}