{"user/roll": 1508, "user/pitch": 1448, "user/throttle": 1531, "user/yaw": 1500, "imu/vel_x": 2.17, "imu/vel_y": -1.72, "imu/vel_z": 0.37, "gps/latitude": 51.4503315, "gps/longtitude": 5.4548649, "gps/speed": 2.773298978805542, "gps/target_distance": 24.689012849095082, "gps/path_distance": 3.805271829932792, "gps/altitude": 3.378, "cam/image_name": "2695_cam-image.jpg", "framecount/count": 2695, "user/mode": "user"}