{"user/roll": 1452, "user/pitch": 1486, "user/throttle": 1359, "user/yaw": 1499, "imu/vel_x": -1.01, "imu/vel_y": -1.29, "imu/vel_z": -0.33, "gps/latitude": 51.4506368, "gps/longtitude": 5.4549494, "gps/speed": 1.651189923286438, "gps/target_distance": 34.06855128787075, "gps/path_distance": 1.9390006861955555, "gps/altitude": 6.045, "cam/image_name": "816_cam-image.jpg", "framecount/count": 816, "user/mode": "user"}