{"user/roll": 1507, "user/pitch": 1320, "user/throttle": 1560, "user/yaw": 1473, "imu/vel_x": 3.33, "imu/vel_y": -0.76, "imu/vel_z": 0.26, "gps/latitude": 51.4502387, "gps/longtitude": 5.4548024, "gps/speed": 3.4275214672088623, "gps/target_distance": 28.499595789685415, "gps/path_distance": 4.420947545440811, "gps/altitude": 1.95, "cam/image_name": "2836_cam-image.jpg", "framecount/count": 2836, "user/mode": "user"}