{"user/roll": 1508, "user/pitch": 1376, "user/throttle": 1424, "user/yaw": 1501, "imu/vel_x": 0.12, "imu/vel_y": -2.32, "imu/vel_z": 0.18, "gps/latitude": 51.4504526, "gps/longtitude": 5.45513, "gps/speed": 2.339867115020752, "gps/target_distance": 48.810855182597145, "gps/path_distance": 4.800521712050568, "gps/altitude": 2.293, "cam/image_name": "1942_cam-image.jpg", "framecount/count": 1942, "user/mode": "user"}