{"user/roll": 1498, "user/pitch": 1380, "user/throttle": 1398, "user/yaw": 1499, "imu/vel_x": -0.31, "imu/vel_y": -2.83, "imu/vel_z": -1.12, "gps/latitude": 51.4506687, "gps/longtitude": 5.4549821, "gps/speed": 2.859095335006714, "gps/target_distance": 39.04993124773337, "gps/path_distance": 22.54956293594222, "gps/altitude": 4.273, "cam/image_name": "1132_cam-image.jpg", "framecount/count": 1132, "user/mode": "user"}