{"user/roll": 1526, "user/pitch": 1387, "user/throttle": 1442, "user/yaw": 1500, "imu/vel_x": 2.93, "imu/vel_y": 1.24, "imu/vel_z": 0.18, "gps/latitude": 51.4503166, "gps/longtitude": 5.4545967, "gps/speed": 3.184906005859375, "gps/target_distance": 20.065469667799597, "gps/path_distance": 1.0218111170030966, "gps/altitude": 3.514, "cam/image_name": "3016_cam-image.jpg", "framecount/count": 3016, "user/mode": "user"}