{"user/roll": 1507, "user/pitch": 1331, "user/throttle": 1455, "user/yaw": 1500, "imu/vel_x": -0.71, "imu/vel_y": -1.98, "imu/vel_z": -0.28, "gps/latitude": 51.4502456, "gps/longtitude": 5.4550837, "gps/speed": 2.131032705307007, "gps/target_distance": 50.24110985344326, "gps/path_distance": 15.653856762777423, "gps/altitude": 3.513, "cam/image_name": "2577_cam-image.jpg", "framecount/count": 2577, "user/mode": "user"}