{"user/roll": 1488, "user/pitch": 1289, "user/throttle": 1459, "user/yaw": 1498, "imu/vel_x": 0.6, "imu/vel_y": -2.29, "imu/vel_z": -0.27, "gps/latitude": 51.450483, "gps/longtitude": 5.4549888, "gps/speed": 2.38051176071167, "gps/target_distance": 33.0916197860468, "gps/path_distance": 3.2169128387685078, "gps/altitude": 4.269, "cam/image_name": "2365_cam-image.jpg", "framecount/count": 2365, "user/mode": "user"}