{"user/roll": 1545, "user/pitch": 1391, "user/throttle": 1401, "user/yaw": 1500, "imu/vel_x": -3.86, "imu/vel_y": -0.7, "imu/vel_z": -0.15, "gps/latitude": 51.4506045, "gps/longtitude": 5.4547512, "gps/speed": 3.909348487854004, "gps/target_distance": 16.228209250342253, "gps/path_distance": 19.533990842596353, "gps/altitude": 4.411, "cam/image_name": "1573_cam-image.jpg", "framecount/count": 1573, "user/mode": "user"}