{"user/roll": 1506, "user/pitch": 1366, "user/throttle": 1360, "user/yaw": 1500, "imu/vel_x": -2.7, "imu/vel_y": -0.01, "imu/vel_z": -0.07, "gps/latitude": 51.4505404, "gps/longtitude": 5.4546997, "gps/speed": 2.690239191055298, "gps/target_distance": 7.765214214942533, "gps/path_distance": 13.174163698726545, "gps/altitude": 5.731, "cam/image_name": "1324_cam-image.jpg", "framecount/count": 1324, "user/mode": "user"}