{"user/roll": 1341, "user/pitch": 1547, "user/throttle": 1502, "user/yaw": 1499, "imu/vel_x": -1.23, "imu/vel_y": -0.31, "imu/vel_z": 0.31, "gps/latitude": 51.4505091, "gps/longtitude": 5.4547247, "gps/speed": 1.2731901407241821, "gps/target_distance": 5.624279329913873, "gps/path_distance": 20.31600432717471, "gps/altitude": 2.687, "cam/image_name": "675_cam-image.jpg", "framecount/count": 675, "user/mode": "user"}