{"user/roll": 1508, "user/pitch": 1421, "user/throttle": 1462, "user/yaw": 1501, "imu/vel_x": -2.38, "imu/vel_y": 0.37, "imu/vel_z": -0.04, "gps/latitude": 51.4505536, "gps/longtitude": 5.4549309, "gps/speed": 2.4169485569000244, "gps/target_distance": 28.159749355244294, "gps/path_distance": 14.951281313992979, "gps/altitude": 4.083, "cam/image_name": "1769_cam-image.jpg", "framecount/count": 1769, "user/mode": "user"}