{"user/roll": 1508, "user/pitch": 1356, "user/throttle": 1376, "user/yaw": 1501, "imu/vel_x": -2.24, "imu/vel_y": -0.1, "imu/vel_z": -0.41, "gps/latitude": 51.450556, "gps/longtitude": 5.4546988, "gps/speed": 2.2550015449523926, "gps/target_distance": 9.47380599484986, "gps/path_distance": 13.036566007117102, "gps/altitude": 5.513, "cam/image_name": "1310_cam-image.jpg", "framecount/count": 1310, "user/mode": "user"}