{"user/roll": 1505, "user/pitch": 1358, "user/throttle": 1318, "user/yaw": 1499, "imu/vel_x": 0.55, "imu/vel_y": 0.11, "imu/vel_z": -0.16, "gps/latitude": 51.4507003, "gps/longtitude": 5.454696, "gps/speed": 0.5512632727622986, "gps/target_distance": 25.42197556652557, "gps/path_distance": 29.306801228879664, "gps/altitude": 2.974, "cam/image_name": "93_cam-image.jpg", "framecount/count": 93, "user/mode": "user"}