{"user/roll": 1506, "user/pitch": 1461, "user/throttle": 1446, "user/yaw": 1500, "imu/vel_x": -1.95, "imu/vel_y": -3.84, "imu/vel_z": -0.2, "gps/latitude": 51.450499, "gps/longtitude": 5.4548185, "gps/speed": 4.306889057159424, "gps/target_distance": 14.463654217768683, "gps/path_distance": 19.350670337382667, "gps/altitude": 3.902, "cam/image_name": "1831_cam-image.jpg", "framecount/count": 1831, "user/mode": "user"}