{"user/roll": 1506, "user/pitch": 1385, "user/throttle": 1349, "user/yaw": 1500, "imu/vel_x": -2.15, "imu/vel_y": 0.51, "imu/vel_z": -0.02, "gps/latitude": 51.4506057, "gps/longtitude": 5.4549478, "gps/speed": 2.2197117805480957, "gps/target_distance": 32.18260092829884, "gps/path_distance": 6.801042895640222, "gps/altitude": 6.205, "cam/image_name": "851_cam-image.jpg", "framecount/count": 851, "user/mode": "user"}