{"user/roll": 1546, "user/pitch": 1335, "user/throttle": 1489, "user/yaw": 1501, "imu/vel_x": 3.22, "imu/vel_y": 1.27, "imu/vel_z": 0.11, "gps/latitude": 51.4503297, "gps/longtitude": 5.4546058, "gps/speed": 3.460186719894409, "gps/target_distance": 18.29971171752449, "gps/path_distance": 2.2516960133124257, "gps/altitude": 3.41, "cam/image_name": "3025_cam-image.jpg", "framecount/count": 3025, "user/mode": "user"}