{"user/roll": 1508, "user/pitch": 1500, "user/throttle": 1541, "user/yaw": 1500, "imu/vel_x": 1.16, "imu/vel_y": -1.23, "imu/vel_z": 0.15, "gps/latitude": 51.4504577, "gps/longtitude": 5.4550506, "gps/speed": 1.7076268196105957, "gps/target_distance": 39.9639481357381, "gps/path_distance": 6.33802169606065, "gps/altitude": 3.586, "cam/image_name": "2294_cam-image.jpg", "framecount/count": 2294, "user/mode": "user"}