{"user/roll": 1616, "user/pitch": 1483, "user/throttle": 1462, "user/yaw": 1501, "imu/vel_x": -0.48, "imu/vel_y": -1.39, "imu/vel_z": 0.03, "gps/latitude": 51.4505102, "gps/longtitude": 5.4548707, "gps/speed": 1.4731484651565552, "gps/target_distance": 20.40069281331704, "gps/path_distance": 7.46010542116943, "gps/altitude": 6.276, "cam/image_name": "939_cam-image.jpg", "framecount/count": 939, "user/mode": "user"}