{"user/roll": 1508, "user/pitch": 1332, "user/throttle": 1399, "user/yaw": 1501, "imu/vel_x": 2.5, "imu/vel_y": -2.15, "imu/vel_z": 0.43, "gps/latitude": 51.4503591, "gps/longtitude": 5.4548247, "gps/speed": 3.327033042907715, "gps/target_distance": 19.292483761578975, "gps/path_distance": 12.379145898983552, "gps/altitude": 3.222, "cam/image_name": "2725_cam-image.jpg", "framecount/count": 2725, "user/mode": "user"}