{"user/roll": 1505, "user/pitch": 1351, "user/throttle": 1391, "user/yaw": 1500, "imu/vel_x": 0.14, "imu/vel_y": -1.64, "imu/vel_z": -0.12, "gps/latitude": 51.4504523, "gps/longtitude": 5.4551449, "gps/speed": 1.6519265174865723, "gps/target_distance": 50.4681541621513, "gps/path_distance": 2.736558498450904, "gps/altitude": 2.321, "cam/image_name": "1933_cam-image.jpg", "framecount/count": 1933, "user/mode": "user"}