{"user/roll": 1456, "user/pitch": 1655, "user/throttle": 1397, "user/yaw": 1500, "imu/vel_x": -1.37, "imu/vel_y": -2.8, "imu/vel_z": -0.32, "gps/latitude": 51.4504819, "gps/longtitude": 5.4547687, "gps/speed": 3.0980772972106934, "gps/target_distance": 8.670466279784208, "gps/path_distance": 26.944975011053373, "gps/altitude": 4.259, "cam/image_name": "1848_cam-image.jpg", "framecount/count": 1848, "user/mode": "user"}