{"user/roll": 1630, "user/pitch": 1330, "user/throttle": 1462, "user/yaw": 1501, "imu/vel_x": -2.46, "imu/vel_y": -0.39, "imu/vel_z": -0.3, "gps/latitude": 51.4505433, "gps/longtitude": 5.4549301, "gps/speed": 2.480797052383423, "gps/target_distance": 27.72394851849037, "gps/path_distance": 10.987573087070302, "gps/altitude": 4.214, "cam/image_name": "1777_cam-image.jpg", "framecount/count": 1777, "user/mode": "user"}