{"user/roll": 1505, "user/pitch": 1668, "user/throttle": 1392, "user/yaw": 1499, "imu/vel_x": -2.0, "imu/vel_y": 0.12, "imu/vel_z": 0.58, "gps/latitude": 51.4504978, "gps/longtitude": 5.454707, "gps/speed": 1.9984546899795532, "gps/target_distance": 3.4534629293792642, "gps/path_distance": 25.601013704217223, "gps/altitude": 5.121, "cam/image_name": "1357_cam-image.jpg", "framecount/count": 1357, "user/mode": "user"}