{"user/roll": 1508, "user/pitch": 1367, "user/throttle": 1442, "user/yaw": 1500, "imu/vel_x": -0.35, "imu/vel_y": -1.35, "imu/vel_z": 0.06, "gps/latitude": 51.4504313, "gps/longtitude": 5.4551667, "gps/speed": 1.4133265018463135, "gps/target_distance": 53.03180707011894, "gps/path_distance": 8.411137584138942, "gps/altitude": 3.578, "cam/image_name": "2223_cam-image.jpg", "framecount/count": 2223, "user/mode": "user"}