{"user/roll": 1547, "user/pitch": 1338, "user/throttle": 1351, "user/yaw": 1500, "imu/vel_x": -2.34, "imu/vel_y": -1.62, "imu/vel_z": -0.22, "gps/latitude": 51.4505334, "gps/longtitude": 5.4549211, "gps/speed": 2.864565372467041, "gps/target_distance": 26.459090728129066, "gps/path_distance": 15.34990193812655, "gps/altitude": 4.43, "cam/image_name": "1786_cam-image.jpg", "framecount/count": 1786, "user/mode": "user"}