{"user/roll": 1508, "user/pitch": 1649, "user/throttle": 1436, "user/yaw": 1501, "imu/vel_x": 0.89, "imu/vel_y": -0.69, "imu/vel_z": -0.69, "gps/latitude": 51.450414, "gps/longtitude": 5.4547525, "gps/speed": 1.1184895038604736, "gps/target_distance": 9.244279294760856, "gps/path_distance": 5.202403197423564, "gps/altitude": 3.649, "cam/image_name": "2768_cam-image.jpg", "framecount/count": 2768, "user/mode": "user"}