{"user/roll": 1460, "user/pitch": 1452, "user/throttle": 1416, "user/yaw": 1485, "imu/vel_x": 3.19, "imu/vel_y": -0.71, "imu/vel_z": -0.19, "gps/latitude": 51.4503755, "gps/longtitude": 5.4547388, "gps/speed": 3.2704031467437744, "gps/target_distance": 11.783987129866976, "gps/path_distance": 3.8192112339142454, "gps/altitude": 2.902, "cam/image_name": "2917_cam-image.jpg", "framecount/count": 2917, "user/mode": "user"}