{"user/roll": 1446, "user/pitch": 1277, "user/throttle": 1363, "user/yaw": 1501, "imu/vel_x": -0.49, "imu/vel_y": -2.98, "imu/vel_z": -0.02, "gps/latitude": 51.4505053, "gps/longtitude": 5.454841, "gps/speed": 3.0217790603637695, "gps/target_distance": 17.05853292983707, "gps/path_distance": 12.351899594919644, "gps/altitude": 6.44, "cam/image_name": "957_cam-image.jpg", "framecount/count": 957, "user/mode": "user"}