{"user/roll": 1508, "user/pitch": 1710, "user/throttle": 1379, "user/yaw": 1500, "imu/vel_x": -1.36, "imu/vel_y": -2.58, "imu/vel_z": 0.24, "gps/latitude": 51.4504844, "gps/longtitude": 5.454757, "gps/speed": 3.981316328048706, "gps/target_distance": 7.4359494493752605, "gps/path_distance": 2.500954620288752, "gps/altitude": 5.912, "cam/image_name": "982_cam-image.jpg", "framecount/count": 982, "user/mode": "user"}