{"user/roll": 1508, "user/pitch": 1367, "user/throttle": 1565, "user/yaw": 1498, "imu/vel_x": 3.18, "imu/vel_y": -0.63, "imu/vel_z": 0.4, "gps/latitude": 51.4502312, "gps/longtitude": 5.4548054, "gps/speed": 3.2579870223999023, "gps/target_distance": 29.39272268896172, "gps/path_distance": 0.49920212370682293, "gps/altitude": 2.021, "cam/image_name": "2832_cam-image.jpg", "framecount/count": 2832, "user/mode": "user"}