{"user/roll": 1596, "user/pitch": 1395, "user/throttle": 1407, "user/yaw": 1501, "imu/vel_x": 3.65, "imu/vel_y": -1.12, "imu/vel_z": -0.25, "gps/latitude": 51.4503273, "gps/longtitude": 5.4547545, "gps/speed": 3.8229851722717285, "gps/target_distance": 17.358845864301234, "gps/path_distance": 5.703553428488021, "gps/altitude": 2.641, "cam/image_name": "2886_cam-image.jpg", "framecount/count": 2886, "user/mode": "user"}