{"user/roll": 1421, "user/pitch": 1324, "user/throttle": 1333, "user/yaw": 1500, "imu/vel_x": -2.41, "imu/vel_y": -1.51, "imu/vel_z": 0.02, "gps/latitude": 51.450628, "gps/longtitude": 5.454803, "gps/speed": 2.8618013858795166, "gps/target_distance": 21.374247499305206, "gps/path_distance": 5.168442302248536, "gps/altitude": 4.5, "cam/image_name": "605_cam-image.jpg", "framecount/count": 605, "user/mode": "user"}