{"user/roll": 1367, "user/pitch": 1361, "user/throttle": 1472, "user/yaw": 1500, "imu/vel_x": -0.18, "imu/vel_y": -1.04, "imu/vel_z": -0.21, "gps/latitude": 51.4504288, "gps/longtitude": 5.4552817, "gps/speed": 0.5254529118537903, "gps/target_distance": 65.807168183109, "gps/path_distance": 19.492522731408144, "gps/altitude": 3.328, "cam/image_name": "2134_cam-image.jpg", "framecount/count": 2134, "user/mode": "user"}