{"user/roll": 1507, "user/pitch": 1325, "user/throttle": 1468, "user/yaw": 1469, "imu/vel_x": 0.25, "imu/vel_y": -1.62, "imu/vel_z": 0.22, "gps/latitude": 51.4506679, "gps/longtitude": 5.4550702, "gps/speed": 1.639236569404602, "gps/target_distance": 47.43891803177397, "gps/path_distance": 33.87754470081978, "gps/altitude": 2.245, "cam/image_name": "1080_cam-image.jpg", "framecount/count": 1080, "user/mode": "user"}