{"user/roll": 1507, "user/pitch": 1379, "user/throttle": 1361, "user/yaw": 1500, "imu/vel_x": -2.8, "imu/vel_y": 0.0, "imu/vel_z": 0.04, "gps/latitude": 51.4505348, "gps/longtitude": 5.4547001, "gps/speed": 2.827395439147949, "gps/target_distance": 7.155543510107822, "gps/path_distance": 14.759183217412186, "gps/altitude": 5.723, "cam/image_name": "1329_cam-image.jpg", "framecount/count": 1329, "user/mode": "user"}