{"user/roll": 1637, "user/pitch": 1453, "user/throttle": 1499, "user/yaw": 1502, "imu/vel_x": 1.56, "imu/vel_y": -3.24, "imu/vel_z": 0.2, "gps/latitude": 51.4502537, "gps/longtitude": 5.4549736, "gps/speed": 3.629356861114502, "gps/target_distance": 39.520435710531586, "gps/path_distance": 10.998256589016535, "gps/altitude": 3.23, "cam/image_name": "2628_cam-image.jpg", "framecount/count": 2628, "user/mode": "user"}