{"user/roll": 1508, "user/pitch": 1498, "user/throttle": 1406, "user/yaw": 1500, "imu/vel_x": 0.6, "imu/vel_y": 0.24, "imu/vel_z": -0.06, "gps/latitude": 51.4507053, "gps/longtitude": 5.4546923, "gps/speed": 0.6527547836303711, "gps/target_distance": 25.97090920025901, "gps/path_distance": 27.88480796540884, "gps/altitude": 1.999, "cam/image_name": "136_cam-image.jpg", "framecount/count": 136, "user/mode": "user"}