{"user/roll": 1508, "user/pitch": 1499, "user/throttle": 1531, "user/yaw": 1498, "imu/vel_x": 0.39, "imu/vel_y": -0.25, "imu/vel_z": 0.63, "gps/latitude": 51.4504647, "gps/longtitude": 5.4547813, "gps/speed": 0.46870261430740356, "gps/target_distance": 10.006073330509011, "gps/path_distance": 26.173574783484128, "gps/altitude": 3.682, "cam/image_name": "2477_cam-image.jpg", "framecount/count": 2477, "user/mode": "user"}