{"user/roll": 1607, "user/pitch": 1382, "user/throttle": 1409, "user/yaw": 1444, "imu/vel_x": 0.74, "imu/vel_y": -3.01, "imu/vel_z": 0.29, "gps/latitude": 51.4504381, "gps/longtitude": 5.4551048, "gps/speed": 3.11374568939209, "gps/target_distance": 46.10842217162331, "gps/path_distance": 12.774480527344735, "gps/altitude": 3.794, "cam/image_name": "2259_cam-image.jpg", "framecount/count": 2259, "user/mode": "user"}