{"user/roll": 1504, "user/pitch": 1425, "user/throttle": 1510, "user/yaw": 1498, "imu/vel_x": 3.36, "imu/vel_y": -0.99, "imu/vel_z": -0.3, "gps/latitude": 51.4502836, "gps/longtitude": 5.4547804, "gps/speed": 3.512960433959961, "gps/target_distance": 22.958734264388728, "gps/path_distance": 10.517397674036147, "gps/altitude": 2.313, "cam/image_name": "2859_cam-image.jpg", "framecount/count": 2859, "user/mode": "user"}