{"user/roll": 1447, "user/pitch": 1362, "user/throttle": 1392, "user/yaw": 1499, "imu/vel_x": -0.39, "imu/vel_y": -0.56, "imu/vel_z": 0.13, "gps/latitude": 51.4507167, "gps/longtitude": 5.4549114, "gps/speed": 0.7134748697280884, "gps/target_distance": 36.60146632892653, "gps/path_distance": 11.878835842752125, "gps/altitude": 2.597, "cam/image_name": "454_cam-image.jpg", "framecount/count": 454, "user/mode": "user"}