{"user/roll": 1444, "user/pitch": 1434, "user/throttle": 1498, "user/yaw": 1501, "imu/vel_x": -0.56, "imu/vel_y": -2.22, "imu/vel_z": -0.06, "gps/latitude": 51.4506433, "gps/longtitude": 5.4548366, "gps/speed": 2.284989356994629, "gps/target_distance": 25.007118232765084, "gps/path_distance": 0.6498673106796389, "gps/altitude": 3.495, "cam/image_name": "581_cam-image.jpg", "framecount/count": 581, "user/mode": "user"}