{"user/roll": 1405, "user/pitch": 1374, "user/throttle": 1404, "user/yaw": 1484, "imu/vel_x": 0.29, "imu/vel_y": -3.48, "imu/vel_z": 0.08, "gps/latitude": 51.4504909, "gps/longtitude": 5.454911, "gps/speed": 3.492706775665283, "gps/target_distance": 24.511878830997986, "gps/path_distance": 8.618893269355453, "gps/altitude": 4.459, "cam/image_name": "2393_cam-image.jpg", "framecount/count": 2393, "user/mode": "user"}