{"user/roll": 1507, "user/pitch": 1451, "user/throttle": 1472, "user/yaw": 1500, "imu/vel_x": -1.9, "imu/vel_y": -1.74, "imu/vel_z": 0.23, "gps/latitude": 51.4506398, "gps/longtitude": 5.4548869, "gps/speed": 2.5843164920806885, "gps/target_distance": 28.679994161762902, "gps/path_distance": 25.23965684044782, "gps/altitude": 4.745, "cam/image_name": "1182_cam-image.jpg", "framecount/count": 1182, "user/mode": "user"}