{"user/roll": 1390, "user/pitch": 1389, "user/throttle": 1336, "user/yaw": 1499, "imu/vel_x": -3.8, "imu/vel_y": -0.15, "imu/vel_z": 0.05, "gps/latitude": 51.4506451, "gps/longtitude": 5.4547284, "gps/speed": 3.822073459625244, "gps/target_distance": 19.735543610223885, "gps/path_distance": 0.5049074576941734, "gps/altitude": 3.003, "cam/image_name": "341_cam-image.jpg", "framecount/count": 341, "user/mode": "user"}