{"user/roll": 1469, "user/pitch": 1354, "user/throttle": 1332, "user/yaw": 1487, "imu/vel_x": -3.23, "imu/vel_y": -1.54, "imu/vel_z": 0.49, "gps/latitude": 51.4506144, "gps/longtitude": 5.4547918, "gps/speed": 3.588789224624634, "gps/target_distance": 19.42550024495912, "gps/path_distance": 0.4938099044645696, "gps/altitude": 4.354, "cam/image_name": "616_cam-image.jpg", "framecount/count": 616, "user/mode": "user"}