{"user/roll": 1506, "user/pitch": 1284, "user/throttle": 1370, "user/yaw": 1500, "imu/vel_x": -1.21, "imu/vel_y": -0.25, "imu/vel_z": 0.02, "gps/latitude": 51.4507352, "gps/longtitude": 5.4547524, "gps/speed": 1.2420389652252197, "gps/target_distance": 30.05371333265914, "gps/path_distance": 1.8387257189398554, "gps/altitude": 3.216, "cam/image_name": "278_cam-image.jpg", "framecount/count": 278, "user/mode": "user"}