{"user/roll": 1507, "user/pitch": 1371, "user/throttle": 1469, "user/yaw": 1500, "imu/vel_x": 1.06, "imu/vel_y": -1.2, "imu/vel_z": 0.07, "gps/latitude": 51.4504781, "gps/longtitude": 5.4550059, "gps/speed": 1.6062037944793701, "gps/target_distance": 34.97531019157981, "gps/path_distance": 5.851608235057654, "gps/altitude": 4.214, "cam/image_name": "2348_cam-image.jpg", "framecount/count": 2348, "user/mode": "user"}