{"user/roll": 1397, "user/pitch": 1252, "user/throttle": 1373, "user/yaw": 1496, "imu/vel_x": -2.79, "imu/vel_y": -0.95, "imu/vel_z": -0.31, "gps/latitude": 51.450692, "gps/longtitude": 5.4546882, "gps/speed": 2.953218698501587, "gps/target_distance": 24.50093746672251, "gps/path_distance": 29.539542928160245, "gps/altitude": 2.254, "cam/image_name": "175_cam-image.jpg", "framecount/count": 175, "user/mode": "user"}