{"user/roll": 1637, "user/pitch": 1500, "user/throttle": 1462, "user/yaw": 1500, "imu/vel_x": 0.46, "imu/vel_y": -1.15, "imu/vel_z": 0.06, "gps/latitude": 51.4504706, "gps/longtitude": 5.4550212, "gps/speed": 1.2621219158172607, "gps/target_distance": 36.66766165149405, "gps/path_distance": 21.04207740914194, "gps/altitude": 4.171, "cam/image_name": "2332_cam-image.jpg", "framecount/count": 2332, "user/mode": "user"}