{"user/roll": 1507, "user/pitch": 1383, "user/throttle": 1407, "user/yaw": 1670, "imu/vel_x": -2.75, "imu/vel_y": -0.38, "imu/vel_z": -0.36, "gps/latitude": 51.4507009, "gps/longtitude": 5.4547455, "gps/speed": 2.7437591552734375, "gps/target_distance": 26.180752372207397, "gps/path_distance": 35.3122177284325, "gps/altitude": 3.777, "cam/image_name": "1503_cam-image.jpg", "framecount/count": 1503, "user/mode": "user"}