{"user/roll": 1508, "user/pitch": 1444, "user/throttle": 1394, "user/yaw": 1486, "imu/vel_x": 0.25, "imu/vel_y": 0.26, "imu/vel_z": 0.33, "gps/latitude": 51.4506356, "gps/longtitude": 5.4549622, "gps/speed": 0.35854190587997437, "gps/target_distance": 35.20645703461029, "gps/path_distance": 18.34352711722289, "gps/altitude": 4.653, "cam/image_name": "1648_cam-image.jpg", "framecount/count": 1648, "user/mode": "user"}