{"user/roll": 1508, "user/pitch": 1422, "user/throttle": 1490, "user/yaw": 1499, "imu/vel_x": -1.74, "imu/vel_y": -1.69, "imu/vel_z": -0.04, "gps/latitude": 51.4506357, "gps/longtitude": 5.4548813, "gps/speed": 2.4287502765655518, "gps/target_distance": 27.911840455226308, "gps/path_distance": 25.36271230132732, "gps/altitude": 4.75, "cam/image_name": "1188_cam-image.jpg", "framecount/count": 1188, "user/mode": "user"}