{"user/roll": 1522, "user/pitch": 1360, "user/throttle": 1392, "user/yaw": 1500, "imu/vel_x": -2.04, "imu/vel_y": -2.85, "imu/vel_z": -0.26, "gps/latitude": 51.4506119, "gps/longtitude": 5.4548371, "gps/speed": 3.5064547061920166, "gps/target_distance": 22.503068386416537, "gps/path_distance": 30.273207336471472, "gps/altitude": 5.563, "cam/image_name": "1216_cam-image.jpg", "framecount/count": 1216, "user/mode": "user"}