{"user/roll": 1507, "user/pitch": 1371, "user/throttle": 1469, "user/yaw": 1500, "imu/vel_x": 0.9, "imu/vel_y": -1.43, "imu/vel_z": 0.0, "gps/latitude": 51.4504798, "gps/longtitude": 5.4550017, "gps/speed": 1.6062037944793701, "gps/target_distance": 34.51322514915208, "gps/path_distance": 5.319519658014542, "gps/altitude": 4.202, "cam/image_name": "2352_cam-image.jpg", "framecount/count": 2352, "user/mode": "user"}