{"user/roll": 1507, "user/pitch": 1499, "user/throttle": 1429, "user/yaw": 1500, "imu/vel_x": -4.0, "imu/vel_y": -0.06, "imu/vel_z": -1.4, "gps/latitude": 51.4504715, "gps/longtitude": 5.4546801, "gps/speed": 3.986938714981079, "gps/target_distance": 1.2755414798755962, "gps/path_distance": 100.99958650958513, "gps/altitude": 3.324, "cam/image_name": "256_cam-image.jpg", "framecount/count": 256, "user/mode": "user"}