{"user/roll": 1508, "user/pitch": 1383, "user/throttle": 1526, "user/yaw": 1360, "imu/vel_x": 0.04, "imu/vel_y": -0.29, "imu/vel_z": 0.12, "gps/latitude": 51.450764, "gps/longtitude": 5.4547813, "gps/speed": 0.29603898525238037, "gps/target_distance": 33.97056461255396, "gps/path_distance": 33.20090376868518, "gps/altitude": 1.959, "cam/image_name": "1430_cam-image.jpg", "framecount/count": 1430, "user/mode": "user"}