{"user/roll": 1466, "user/pitch": 1499, "user/throttle": 1460, "user/yaw": 1484, "imu/vel_x": -1.19, "imu/vel_y": -0.1, "imu/vel_z": -0.26, "gps/latitude": 51.4506982, "gps/longtitude": 5.454901, "gps/speed": 1.3684089183807373, "gps/target_distance": 34.30821611393005, "gps/path_distance": 14.148809533105208, "gps/altitude": 2.529, "cam/image_name": "481_cam-image.jpg", "framecount/count": 481, "user/mode": "user"}