{"user/roll": 1367, "user/pitch": 1361, "user/throttle": 1472, "user/yaw": 1500, "imu/vel_x": -0.09, "imu/vel_y": -0.48, "imu/vel_z": -0.16, "gps/latitude": 51.4504294, "gps/longtitude": 5.4552848, "gps/speed": 0.5254529118537903, "gps/target_distance": 66.14649331252257, "gps/path_distance": 19.618054047514875, "gps/altitude": 3.258, "cam/image_name": "2132_cam-image.jpg", "framecount/count": 2132, "user/mode": "user"}