{"user/roll": 1507, "user/pitch": 1633, "user/throttle": 1446, "user/yaw": 1500, "imu/vel_x": 1.34, "imu/vel_y": -0.15, "imu/vel_z": 0.07, "gps/latitude": 51.4503966, "gps/longtitude": 5.4547301, "gps/speed": 1.321245789527893, "gps/target_distance": 9.262992881178215, "gps/path_distance": 2.0452700733837332, "gps/altitude": 3.009, "cam/image_name": "2932_cam-image.jpg", "framecount/count": 2932, "user/mode": "user"}