{"user/roll": 1456, "user/pitch": 1374, "user/throttle": 1346, "user/yaw": 1501, "imu/vel_x": -1.84, "imu/vel_y": -2.28, "imu/vel_z": 0.04, "gps/latitude": 51.4505309, "gps/longtitude": 5.4549145, "gps/speed": 2.92744779586792, "gps/target_distance": 25.678187386570105, "gps/path_distance": 21.407879824223812, "gps/altitude": 6.656, "cam/image_name": "912_cam-image.jpg", "framecount/count": 912, "user/mode": "user"}