{"user/roll": 1638, "user/pitch": 1499, "user/throttle": 1472, "user/yaw": 1500, "imu/vel_x": 0.79, "imu/vel_y": -1.19, "imu/vel_z": 0.0, "gps/latitude": 51.4504717, "gps/longtitude": 5.4550175, "gps/speed": 1.4264225959777832, "gps/target_distance": 36.25625994790383, "gps/path_distance": 13.732288002463122, "gps/altitude": 4.179, "cam/image_name": "2336_cam-image.jpg", "framecount/count": 2336, "user/mode": "user"}