{"user/roll": 1466, "user/pitch": 1499, "user/throttle": 1460, "user/yaw": 1484, "imu/vel_x": -1.35, "imu/vel_y": -0.17, "imu/vel_z": 0.06, "gps/latitude": 51.4507007, "gps/longtitude": 5.4549012, "gps/speed": 1.3684089183807373, "gps/target_distance": 34.52695111614159, "gps/path_distance": 14.394970424460524, "gps/altitude": 2.45, "cam/image_name": "480_cam-image.jpg", "framecount/count": 480, "user/mode": "user"}