{"user/roll": 1508, "user/pitch": 1499, "user/throttle": 1322, "user/yaw": 1501, "imu/vel_x": 0.3, "imu/vel_y": 0.41, "imu/vel_z": -0.63, "gps/latitude": 51.4504463, "gps/longtitude": 5.4551729, "gps/speed": 0.5089356899261475, "gps/target_distance": 53.60962681691743, "gps/path_distance": 1.6599267762159684, "gps/altitude": 2.705, "cam/image_name": "1870_cam-image.jpg", "framecount/count": 1870, "user/mode": "user"}