{"user/roll": 1467, "user/pitch": 1445, "user/throttle": 1498, "user/yaw": 1500, "imu/vel_x": 0.92, "imu/vel_y": -2.31, "imu/vel_z": -0.02, "gps/latitude": 51.4504324, "gps/longtitude": 5.4552464, "gps/speed": 2.5001604557037354, "gps/target_distance": 61.862529594044034, "gps/path_distance": 13.671014587826903, "gps/altitude": 3.417, "cam/image_name": "2156_cam-image.jpg", "framecount/count": 2156, "user/mode": "user"}