{"user/roll": 1637, "user/pitch": 1313, "user/throttle": 1363, "user/yaw": 1499, "imu/vel_x": -2.0, "imu/vel_y": -3.47, "imu/vel_z": -0.06, "gps/latitude": 51.4506022, "gps/longtitude": 5.4548137, "gps/speed": 3.9931154251098633, "gps/target_distance": 19.911417413516766, "gps/path_distance": 29.923393804416236, "gps/altitude": 5.681, "cam/image_name": "1225_cam-image.jpg", "framecount/count": 1225, "user/mode": "user"}