{"user/roll": 1506, "user/pitch": 1500, "user/throttle": 1462, "user/yaw": 1499, "imu/vel_x": 0.19, "imu/vel_y": -1.36, "imu/vel_z": -0.45, "gps/latitude": 51.4504756, "gps/longtitude": 5.454727, "gps/speed": 1.3814311027526855, "gps/target_distance": 3.980229259856699, "gps/path_distance": 3.6212692351642772, "gps/altitude": 4.085, "cam/image_name": "2105_cam-image.jpg", "framecount/count": 2105, "user/mode": "user"}