{"user/roll": 1506, "user/pitch": 1499, "user/throttle": 1335, "user/yaw": 1500, "imu/vel_x": -1.27, "imu/vel_y": -1.44, "imu/vel_z": -0.47, "gps/latitude": 51.4506393, "gps/longtitude": 5.4549539, "gps/speed": 1.9257652759552002, "gps/target_distance": 34.6393477906005, "gps/path_distance": 0.8714962052164026, "gps/altitude": 5.92, "cam/image_name": "809_cam-image.jpg", "framecount/count": 809, "user/mode": "user"}