{"user/roll": 1497, "user/pitch": 1501, "user/throttle": 1309, "user/yaw": 1499, "imu/vel_x": -4.37, "imu/vel_y": -0.32, "imu/vel_z": 0.37, "gps/latitude": 51.4505557, "gps/longtitude": 5.4547274, "gps/speed": 4.373672962188721, "gps/target_distance": 10.216764719045448, "gps/path_distance": 7.737510754927399, "gps/altitude": 3.375, "cam/image_name": "385_cam-image.jpg", "framecount/count": 385, "user/mode": "user"}