{"user/roll": 1457, "user/pitch": 1336, "user/throttle": 1397, "user/yaw": 1426, "imu/vel_x": 0.39, "imu/vel_y": -3.23, "imu/vel_z": -0.08, "gps/latitude": 51.4504873, "gps/longtitude": 5.4549468, "gps/speed": 3.276341438293457, "gps/target_distance": 28.451232049686848, "gps/path_distance": 2.060569474020326, "gps/altitude": 4.533, "cam/image_name": "2381_cam-image.jpg", "framecount/count": 2381, "user/mode": "user"}