{"user/roll": 1506, "user/pitch": 1499, "user/throttle": 1531, "user/yaw": 1500, "imu/vel_x": -0.73, "imu/vel_y": 0.06, "imu/vel_z": 0.16, "gps/latitude": 51.4504898, "gps/longtitude": 5.4547097, "gps/speed": 0.7408680319786072, "gps/target_distance": 2.920228870406707, "gps/path_distance": 39.709477025231166, "gps/altitude": 4.644, "cam/image_name": "1378_cam-image.jpg", "framecount/count": 1378, "user/mode": "user"}