{"user/roll": 1407, "user/pitch": 1501, "user/throttle": 1374, "user/yaw": 1541, "imu/vel_x": 0.11, "imu/vel_y": -1.6, "imu/vel_z": 0.86, "gps/latitude": 51.4504426, "gps/longtitude": 5.4552046, "gps/speed": 1.621077299118042, "gps/target_distance": 57.15227005075949, "gps/path_distance": 4.968243125161848, "gps/altitude": 3.767, "cam/image_name": "2189_cam-image.jpg", "framecount/count": 2189, "user/mode": "user"}