{"user/roll": 1506, "user/pitch": 1435, "user/throttle": 1407, "user/yaw": 1499, "imu/vel_x": -1.66, "imu/vel_y": -1.45, "imu/vel_z": -0.36, "gps/latitude": 51.4506463, "gps/longtitude": 5.4549642, "gps/speed": 2.1953842639923096, "gps/target_distance": 36.02212777072956, "gps/path_distance": 1.9340041974780036, "gps/altitude": 5.65, "cam/image_name": "802_cam-image.jpg", "framecount/count": 802, "user/mode": "user"}