{"user/roll": 1363, "user/pitch": 1485, "user/throttle": 1526, "user/yaw": 1481, "imu/vel_x": -0.22, "imu/vel_y": -0.87, "imu/vel_z": -0.49, "gps/latitude": 51.4506774, "gps/longtitude": 5.4549888, "gps/speed": 0.8823665976524353, "gps/target_distance": 40.20919057135286, "gps/path_distance": 7.125825988986776, "gps/altitude": 3.735, "cam/image_name": "756_cam-image.jpg", "framecount/count": 756, "user/mode": "user"}