{"user/roll": 1509, "user/pitch": 1498, "user/throttle": 1373, "user/yaw": 1498, "imu/vel_x": 0.8, "imu/vel_y": 0.44, "imu/vel_z": -0.5, "gps/latitude": 51.4506974, "gps/longtitude": 5.4546967, "gps/speed": 0.9247007966041565, "gps/target_distance": 25.1025899273646, "gps/path_distance": 26.18767438291215, "gps/altitude": 2.789, "cam/image_name": "87_cam-image.jpg", "framecount/count": 87, "user/mode": "user"}