{"user/roll": 1507, "user/pitch": 1499, "user/throttle": 1435, "user/yaw": 1498, "imu/vel_x": 0.9, "imu/vel_y": -0.03, "imu/vel_z": 0.14, "gps/latitude": 51.4503986, "gps/longtitude": 5.4547294, "gps/speed": 0.9168726801872253, "gps/target_distance": 9.030718963180508, "gps/path_distance": 1.893148203146211, "gps/altitude": 2.997, "cam/image_name": "2937_cam-image.jpg", "framecount/count": 2937, "user/mode": "user"}