{"user/roll": 1508, "user/pitch": 1535, "user/throttle": 1390, "user/yaw": 1499, "imu/vel_x": -3.57, "imu/vel_y": -1.27, "imu/vel_z": 0.37, "gps/latitude": 51.4505344, "gps/longtitude": 5.4547424, "gps/speed": 3.812361717224121, "gps/target_distance": 9.037082956321568, "gps/path_distance": 25.47037115967774, "gps/altitude": 3.147, "cam/image_name": "655_cam-image.jpg", "framecount/count": 655, "user/mode": "user"}