{"user/roll": 1507, "user/pitch": 1375, "user/throttle": 1487, "user/yaw": 1500, "imu/vel_x": 2.67, "imu/vel_y": -2.07, "imu/vel_z": -0.33, "gps/latitude": 51.4503975, "gps/longtitude": 5.4547759, "gps/speed": 3.3682315349578857, "gps/target_distance": 12.402593913663829, "gps/path_distance": 1.3337818377823396, "gps/altitude": 2.971, "cam/image_name": "2750_cam-image.jpg", "framecount/count": 2750, "user/mode": "user"}