{"user/roll": 1506, "user/pitch": 1528, "user/throttle": 1325, "user/yaw": 1500, "imu/vel_x": -0.18, "imu/vel_y": 0.26, "imu/vel_z": 0.76, "gps/latitude": 51.4506938, "gps/longtitude": 5.454695, "gps/speed": 0.30932679772377014, "gps/target_distance": 24.700414686635842, "gps/path_distance": 29.44666470437781, "gps/altitude": 2.81, "cam/image_name": "68_cam-image.jpg", "framecount/count": 68, "user/mode": "user"}