{"user/roll": 1506, "user/pitch": 1270, "user/throttle": 1339, "user/yaw": 1500, "imu/vel_x": -6.32, "imu/vel_y": -0.42, "imu/vel_z": -0.13, "gps/latitude": 51.4505705, "gps/longtitude": 5.4546902, "gps/speed": 6.30737829208374, "gps/target_distance": 11.045898587009697, "gps/path_distance": 18.48084041399568, "gps/altitude": 2.757, "cam/image_name": "221_cam-image.jpg", "framecount/count": 221, "user/mode": "user"}