{"user/roll": 1489, "user/pitch": 1373, "user/throttle": 1307, "user/yaw": 1499, "imu/vel_x": -4.15, "imu/vel_y": -0.11, "imu/vel_z": -0.14, "gps/latitude": 51.4505748, "gps/longtitude": 5.4547302, "gps/speed": 4.202280044555664, "gps/target_distance": 12.29722525773761, "gps/path_distance": 4.035939454706465, "gps/altitude": 3.384, "cam/image_name": "376_cam-image.jpg", "framecount/count": 376, "user/mode": "user"}