{"user/roll": 1508, "user/pitch": 1499, "user/throttle": 1421, "user/yaw": 1501, "imu/vel_x": 0.63, "imu/vel_y": 0.1, "imu/vel_z": -0.08, "gps/latitude": 51.4507469, "gps/longtitude": 5.4547855, "gps/speed": 0.6370618343353271, "gps/target_distance": 32.31362761908121, "gps/path_distance": 79.02867750662946, "gps/altitude": 2.756, "cam/image_name": "1381_cam-image.jpg", "framecount/count": 1381, "user/mode": "user"}