{"user/roll": 1507, "user/pitch": 1447, "user/throttle": 1363, "user/yaw": 1529, "imu/vel_x": 0.64, "imu/vel_y": -0.81, "imu/vel_z": -0.65, "gps/latitude": 51.4504672, "gps/longtitude": 5.4550351, "gps/speed": 1.0522947311401367, "gps/target_distance": 38.215774620318655, "gps/path_distance": 32.950174155278376, "gps/altitude": 4.059, "cam/image_name": "2315_cam-image.jpg", "framecount/count": 2315, "user/mode": "user"}