{"user/roll": 1507, "user/pitch": 1358, "user/throttle": 1441, "user/yaw": 1420, "imu/vel_x": 0.05, "imu/vel_y": -2.05, "imu/vel_z": 0.03, "gps/latitude": 51.4506677, "gps/longtitude": 5.4550626, "gps/speed": 2.0660412311553955, "gps/target_distance": 46.67966063376573, "gps/path_distance": 30.42141173195199, "gps/altitude": 2.234, "cam/image_name": "1086_cam-image.jpg", "framecount/count": 1086, "user/mode": "user"}