{"user/roll": 1458, "user/pitch": 1469, "user/throttle": 1367, "user/yaw": 1499, "imu/vel_x": -0.46, "imu/vel_y": -3.09, "imu/vel_z": -0.38, "gps/latitude": 51.4506659, "gps/longtitude": 5.4549521, "gps/speed": 3.1432387828826904, "gps/target_distance": 36.15038109399518, "gps/path_distance": 21.237402322827847, "gps/altitude": 4.891, "cam/image_name": "1143_cam-image.jpg", "framecount/count": 1143, "user/mode": "user"}