{"user/roll": 1507, "user/pitch": 1351, "user/throttle": 1408, "user/yaw": 1500, "imu/vel_x": -5.4, "imu/vel_y": -0.35, "imu/vel_z": -0.19, "gps/latitude": 51.4506218, "gps/longtitude": 5.4546883, "gps/speed": 5.408860683441162, "gps/target_distance": 16.729029634255973, "gps/path_distance": 15.76663331698387, "gps/altitude": 2.156, "cam/image_name": "207_cam-image.jpg", "framecount/count": 207, "user/mode": "user"}