{"user/roll": 1507, "user/pitch": 1374, "user/throttle": 1436, "user/yaw": 1501, "imu/vel_x": 1.99, "imu/vel_y": -1.64, "imu/vel_z": -0.05, "gps/latitude": 51.4503443, "gps/longtitude": 5.4548463, "gps/speed": 2.5815799236297607, "gps/target_distance": 22.188845731828266, "gps/path_distance": 13.667475963470565, "gps/altitude": 3.358, "cam/image_name": "2709_cam-image.jpg", "framecount/count": 2709, "user/mode": "user"}