{"user/roll": 1506, "user/pitch": 1704, "user/throttle": 1427, "user/yaw": 1498, "imu/vel_x": 2.75, "imu/vel_y": 1.2, "imu/vel_z": -0.01, "gps/latitude": 51.4504171, "gps/longtitude": 5.4546677, "gps/speed": 3.0208728313446045, "gps/target_distance": 6.505624684838518, "gps/path_distance": 0.5194757137631996, "gps/altitude": 4.091, "cam/image_name": "3078_cam-image.jpg", "framecount/count": 3078, "user/mode": "user"}