{"user/roll": 1506, "user/pitch": 1437, "user/throttle": 1439, "user/yaw": 1526, "imu/vel_x": 0.09, "imu/vel_y": -1.23, "imu/vel_z": -0.4, "gps/latitude": 51.450452, "gps/longtitude": 5.4551498, "gps/speed": 1.1112987995147705, "gps/target_distance": 51.01407948301212, "gps/path_distance": 4.243345927288544, "gps/altitude": 2.236, "cam/image_name": "1928_cam-image.jpg", "framecount/count": 1928, "user/mode": "user"}