{"user/roll": 1436, "user/pitch": 1403, "user/throttle": 1517, "user/yaw": 1500, "imu/vel_x": 0.33, "imu/vel_y": -0.75, "imu/vel_z": 0.32, "gps/latitude": 51.4504514, "gps/longtitude": 5.4551744, "gps/speed": 0.8431880474090576, "gps/target_distance": 53.7507890013104, "gps/path_distance": 4.320421591962145, "gps/altitude": 1.62, "cam/image_name": "1905_cam-image.jpg", "framecount/count": 1905, "user/mode": "user"}