{"user/roll": 1439, "user/pitch": 1436, "user/throttle": 1410, "user/yaw": 1500, "imu/vel_x": -1.23, "imu/vel_y": -1.46, "imu/vel_z": 0.01, "gps/latitude": 51.4506166, "gps/longtitude": 5.4549303, "gps/speed": 1.9210467338562012, "gps/target_distance": 31.081650026982075, "gps/path_distance": 10.572014712503432, "gps/altitude": 4.484, "cam/image_name": "1709_cam-image.jpg", "framecount/count": 1709, "user/mode": "user"}