{"user/roll": 1555, "user/pitch": 1453, "user/throttle": 1409, "user/yaw": 1500, "imu/vel_x": 0.27, "imu/vel_y": -2.39, "imu/vel_z": 0.37, "gps/latitude": 51.4502453, "gps/longtitude": 5.4550183, "gps/speed": 2.397819757461548, "gps/target_distance": 44.09228346144781, "gps/path_distance": 10.911011095114645, "gps/altitude": 3.75, "cam/image_name": "2607_cam-image.jpg", "framecount/count": 2607, "user/mode": "user"}