{"user/roll": 1509, "user/pitch": 1482, "user/throttle": 1425, "user/yaw": 1425, "imu/vel_x": 2.61, "imu/vel_y": -1.86, "imu/vel_z": 0.24, "gps/latitude": 51.4503161, "gps/longtitude": 5.4548848, "gps/speed": 3.2237648963928223, "gps/target_distance": 27.482722535761948, "gps/path_distance": 19.910063027390663, "gps/altitude": 3.631, "cam/image_name": "2683_cam-image.jpg", "framecount/count": 2683, "user/mode": "user"}