{"user/roll": 1503, "user/pitch": 1694, "user/throttle": 1498, "user/yaw": 1500, "imu/vel_x": 0.62, "imu/vel_y": -3.07, "imu/vel_z": -0.14, "gps/latitude": 51.4504715, "gps/longtitude": 5.4547474, "gps/speed": 3.108442544937134, "gps/target_distance": 6.21348390392688, "gps/path_distance": 15.766397314821575, "gps/altitude": 3.803, "cam/image_name": "2087_cam-image.jpg", "framecount/count": 2087, "user/mode": "user"}