{"user/roll": 1506, "user/pitch": 1304, "user/throttle": 1362, "user/yaw": 1500, "imu/vel_x": -0.77, "imu/vel_y": -0.87, "imu/vel_z": -0.34, "gps/latitude": 51.4506266, "gps/longtitude": 5.4549504, "gps/speed": 1.1823077201843262, "gps/target_distance": 33.56790081014558, "gps/path_distance": 11.987660119446872, "gps/altitude": 4.471, "cam/image_name": "1690_cam-image.jpg", "framecount/count": 1690, "user/mode": "user"}