{"user/roll": 1354, "user/pitch": 1356, "user/throttle": 1446, "user/yaw": 1452, "imu/vel_x": 0.19, "imu/vel_y": -3.14, "imu/vel_z": 0.06, "gps/latitude": 51.4504953, "gps/longtitude": 5.4549672, "gps/speed": 3.1418235301971436, "gps/target_distance": 30.78150599174412, "gps/path_distance": 0.867183668095663, "gps/altitude": 3.377, "cam/image_name": "2022_cam-image.jpg", "framecount/count": 2022, "user/mode": "user"}