{"user/roll": 1462, "user/pitch": 1499, "user/throttle": 1409, "user/yaw": 1499, "imu/vel_x": 2.52, "imu/vel_y": -2.32, "imu/vel_z": 0.27, "gps/latitude": 51.4504749, "gps/longtitude": 5.4550278, "gps/speed": 3.430591106414795, "gps/target_distance": 37.40459686548518, "gps/path_distance": 0.13430197569192615, "gps/altitude": 3.509, "cam/image_name": "1989_cam-image.jpg", "framecount/count": 1989, "user/mode": "user"}