{"user/roll": 1507, "user/pitch": 1499, "user/throttle": 1416, "user/yaw": 1499, "imu/vel_x": -2.64, "imu/vel_y": 0.16, "imu/vel_z": -0.34, "gps/latitude": 51.4505177, "gps/longtitude": 5.4547234, "gps/speed": 2.6508445739746094, "gps/target_distance": 6.291317186289535, "gps/path_distance": 16.921241046407545, "gps/altitude": 3.295, "cam/image_name": "409_cam-image.jpg", "framecount/count": 409, "user/mode": "user"}