{"user/roll": 1507, "user/pitch": 1367, "user/throttle": 1324, "user/yaw": 1499, "imu/vel_x": -2.19, "imu/vel_y": -0.21, "imu/vel_z": 0.13, "gps/latitude": 51.4507128, "gps/longtitude": 5.4546919, "gps/speed": 2.183560848236084, "gps/target_distance": 26.80124830903782, "gps/path_distance": 28.94738353692341, "gps/altitude": 3.217, "cam/image_name": "34_cam-image.jpg", "framecount/count": 34, "user/mode": "user"}