{"user/roll": 1599, "user/pitch": 1422, "user/throttle": 1407, "user/yaw": 1501, "imu/vel_x": 3.79, "imu/vel_y": -0.9, "imu/vel_z": -0.14, "gps/latitude": 51.4503355, "gps/longtitude": 5.4547506, "gps/speed": 3.904935121536255, "gps/target_distance": 16.35308119724302, "gps/path_distance": 4.777570019910399, "gps/altitude": 2.679, "cam/image_name": "2894_cam-image.jpg", "framecount/count": 2894, "user/mode": "user"}