{"user/roll": 1508, "user/pitch": 1318, "user/throttle": 1367, "user/yaw": 1523, "imu/vel_x": 1.23, "imu/vel_y": 1.01, "imu/vel_z": 0.49, "gps/latitude": 51.4506611, "gps/longtitude": 5.4550796, "gps/speed": 1.5813511610031128, "gps/target_distance": 48.034488079989735, "gps/path_distance": 14.206558111543842, "gps/altitude": 2.987, "cam/image_name": "1061_cam-image.jpg", "framecount/count": 1061, "user/mode": "user"}