{"user/roll": 1300, "user/pitch": 1485, "user/throttle": 1377, "user/yaw": 1499, "imu/vel_x": -1.87, "imu/vel_y": 0.02, "imu/vel_z": 0.09, "gps/latitude": 51.450626, "gps/longtitude": 5.4549392, "gps/speed": 1.8530287742614746, "gps/target_distance": 32.47043747438615, "gps/path_distance": 5.16877222193358, "gps/altitude": 6.138, "cam/image_name": "834_cam-image.jpg", "framecount/count": 834, "user/mode": "user"}