{"user/roll": 1291, "user/pitch": 1416, "user/throttle": 1439, "user/yaw": 1501, "imu/vel_x": 0.02, "imu/vel_y": 0.13, "imu/vel_z": 0.04, "gps/latitude": 51.4502761, "gps/longtitude": 5.4552006, "gps/speed": 0.10490363836288452, "gps/target_distance": 60.58556268264803, "gps/path_distance": 7.5324058975522235, "gps/altitude": 3.326, "cam/image_name": "2503_cam-image.jpg", "framecount/count": 2503, "user/mode": "user"}