{"user/roll": 1417, "user/pitch": 1274, "user/throttle": 1373, "user/yaw": 1454, "imu/vel_x": -3.43, "imu/vel_y": -0.91, "imu/vel_z": -0.2, "gps/latitude": 51.4506845, "gps/longtitude": 5.4546873, "gps/speed": 3.5628814697265625, "gps/target_distance": 23.672374727632, "gps/path_distance": 28.708796869385424, "gps/altitude": 2.322, "cam/image_name": "178_cam-image.jpg", "framecount/count": 178, "user/mode": "user"}