{"user/roll": 1508, "user/pitch": 1425, "user/throttle": 1355, "user/yaw": 1500, "imu/vel_x": -3.32, "imu/vel_y": -0.48, "imu/vel_z": 0.11, "gps/latitude": 51.4505609, "gps/longtitude": 5.4547388, "gps/speed": 3.3728976249694824, "gps/target_distance": 11.281307730793207, "gps/path_distance": 19.091105681049356, "gps/altitude": 4.835, "cam/image_name": "1600_cam-image.jpg", "framecount/count": 1600, "user/mode": "user"}