{"user/roll": 1507, "user/pitch": 1381, "user/throttle": 1396, "user/yaw": 1500, "imu/vel_x": 2.14, "imu/vel_y": -1.52, "imu/vel_z": -0.52, "gps/latitude": 51.4502763, "gps/longtitude": 5.4549341, "gps/speed": 2.6493515968322754, "gps/target_distance": 34.51765261439843, "gps/path_distance": 12.139757736997126, "gps/altitude": 3.723, "cam/image_name": "2653_cam-image.jpg", "framecount/count": 2653, "user/mode": "user"}