{"user/roll": 1508, "user/pitch": 1395, "user/throttle": 1488, "user/yaw": 1501, "imu/vel_x": 1.07, "imu/vel_y": 0.4, "imu/vel_z": 1.22, "gps/latitude": 51.4507606, "gps/longtitude": 5.4547832, "gps/speed": 1.1301202774047852, "gps/target_distance": 33.67428206919789, "gps/path_distance": 11.851775514974491, "gps/altitude": 2.358, "cam/image_name": "1419_cam-image.jpg", "framecount/count": 1419, "user/mode": "user"}