{"user/roll": 1507, "user/pitch": 1349, "user/throttle": 1271, "user/yaw": 1501, "imu/vel_x": -1.15, "imu/vel_y": -0.04, "imu/vel_z": -0.3, "gps/latitude": 51.4506814, "gps/longtitude": 5.4549039, "gps/speed": 1.1648006439208984, "gps/target_distance": 33.19565481674099, "gps/path_distance": 16.138755801467084, "gps/altitude": 3.557, "cam/image_name": "513_cam-image.jpg", "framecount/count": 513, "user/mode": "user"}