{"user/roll": 1507, "user/pitch": 1464, "user/throttle": 1373, "user/yaw": 1500, "imu/vel_x": -3.23, "imu/vel_y": -0.61, "imu/vel_z": -0.34, "gps/latitude": 51.4505811, "gps/longtitude": 5.4547441, "gps/speed": 3.2740542888641357, "gps/target_distance": 13.545036666026784, "gps/path_distance": 17.531410327935475, "gps/altitude": 4.702, "cam/image_name": "1587_cam-image.jpg", "framecount/count": 1587, "user/mode": "user"}