{"user/roll": 1508, "user/pitch": 1421, "user/throttle": 1372, "user/yaw": 1499, "imu/vel_x": -0.98, "imu/vel_y": 0.36, "imu/vel_z": -0.65, "gps/latitude": 51.4506861, "gps/longtitude": 5.4549036, "gps/speed": 1.055260419845581, "gps/target_distance": 33.539882431246724, "gps/path_distance": 8.53587024497071, "gps/altitude": 3.243, "cam/image_name": "507_cam-image.jpg", "framecount/count": 507, "user/mode": "user"}