{"user/roll": 1507, "user/pitch": 1320, "user/throttle": 1428, "user/yaw": 1500, "imu/vel_x": -1.3, "imu/vel_y": -2.93, "imu/vel_z": 0.11, "gps/latitude": 51.4502611, "gps/longtitude": 5.4551598, "gps/speed": 3.2089929580688477, "gps/target_distance": 57.02310128942963, "gps/path_distance": 11.695105496111012, "gps/altitude": 3.289, "cam/image_name": "2542_cam-image.jpg", "framecount/count": 2542, "user/mode": "user"}