{"user/roll": 1506, "user/pitch": 1500, "user/throttle": 1413, "user/yaw": 1499, "imu/vel_x": -1.01, "imu/vel_y": -1.32, "imu/vel_z": -0.21, "gps/latitude": 51.4504361, "gps/longtitude": 5.4551801, "gps/speed": 1.650709629058838, "gps/target_distance": 54.47735112918154, "gps/path_distance": 8.507036544608638, "gps/altitude": 3.453, "cam/image_name": "2210_cam-image.jpg", "framecount/count": 2210, "user/mode": "user"}