{"user/roll": 1467, "user/pitch": 1612, "user/throttle": 1394, "user/yaw": 1501, "imu/vel_x": -1.66, "imu/vel_y": -3.23, "imu/vel_z": -0.35, "gps/latitude": 51.4504857, "gps/longtitude": 5.454779, "gps/speed": 3.6143338680267334, "gps/target_distance": 9.867623563764715, "gps/path_distance": 24.661432921371784, "gps/altitude": 4.18, "cam/image_name": "1845_cam-image.jpg", "framecount/count": 1845, "user/mode": "user"}