{"user/roll": 1505, "user/pitch": 1398, "user/throttle": 1308, "user/yaw": 1500, "imu/vel_x": -4.37, "imu/vel_y": -0.32, "imu/vel_z": 0.37, "gps/latitude": 51.4505557, "gps/longtitude": 5.4547274, "gps/speed": 4.360575199127197, "gps/target_distance": 10.216764719045448, "gps/path_distance": 6.737510754927399, "gps/altitude": 3.375, "cam/image_name": "383_cam-image.jpg", "framecount/count": 383, "user/mode": "user"}