{"user/roll": 1454, "user/pitch": 1344, "user/throttle": 1469, "user/yaw": 1468, "imu/vel_x": 1.23, "imu/vel_y": -2.39, "imu/vel_z": 0.06, "gps/latitude": 51.45049, "gps/longtitude": 5.4549973, "gps/speed": 2.7112908363342285, "gps/target_distance": 34.07599008298441, "gps/path_distance": 10.768556754209271, "gps/altitude": 3.345, "cam/image_name": "2006_cam-image.jpg", "framecount/count": 2006, "user/mode": "user"}