{"user/roll": 1507, "user/pitch": 1353, "user/throttle": 1372, "user/yaw": 1500, "imu/vel_x": -0.98, "imu/vel_y": -3.74, "imu/vel_z": -0.65, "gps/latitude": 51.4504869, "gps/longtitude": 5.454907, "gps/speed": 3.8682525157928467, "gps/target_distance": 24.031831547685215, "gps/path_distance": 20.141698621209287, "gps/altitude": 3.822, "cam/image_name": "2045_cam-image.jpg", "framecount/count": 2045, "user/mode": "user"}