{"user/roll": 1508, "user/pitch": 1368, "user/throttle": 1457, "user/yaw": 1499, "imu/vel_x": -0.58, "imu/vel_y": -0.41, "imu/vel_z": 0.0, "gps/latitude": 51.4507627, "gps/longtitude": 5.4547782, "gps/speed": 0.7179301977157593, "gps/target_distance": 33.73286366079644, "gps/path_distance": 30.520111972801715, "gps/altitude": 2.051, "cam/image_name": "1439_cam-image.jpg", "framecount/count": 1439, "user/mode": "user"}