{"user/roll": 1400, "user/pitch": 1417, "user/throttle": 1428, "user/yaw": 1501, "imu/vel_x": -0.83, "imu/vel_y": -1.15, "imu/vel_z": 0.05, "gps/latitude": 51.4502694, "gps/longtitude": 5.455189, "gps/speed": 1.4424387216567993, "gps/target_distance": 59.65474480716966, "gps/path_distance": 5.996321918877811, "gps/altitude": 3.292, "cam/image_name": "2520_cam-image.jpg", "framecount/count": 2520, "user/mode": "user"}