{"user/roll": 1508, "user/pitch": 1499, "user/throttle": 1473, "user/yaw": 1499, "imu/vel_x": 0.33, "imu/vel_y": -0.22, "imu/vel_z": -0.08, "gps/latitude": 51.4504661, "gps/longtitude": 5.4547798, "gps/speed": 0.4176161289215088, "gps/target_distance": 9.830271520480744, "gps/path_distance": 26.832996799305022, "gps/altitude": 3.478, "cam/image_name": "2489_cam-image.jpg", "framecount/count": 2489, "user/mode": "user"}