{"user/roll": 1506, "user/pitch": 1626, "user/throttle": 1578, "user/yaw": 1499, "imu/vel_x": 0.06, "imu/vel_y": 0.28, "imu/vel_z": 0.58, "gps/latitude": 51.4506934, "gps/longtitude": 5.4546949, "gps/speed": 0.3178422152996063, "gps/target_distance": 24.65595866168981, "gps/path_distance": 28.461706169563996, "gps/altitude": 2.617, "cam/image_name": "73_cam-image.jpg", "framecount/count": 73, "user/mode": "user"}