{"user/roll": 1417, "user/pitch": 1501, "user/throttle": 1409, "user/yaw": 1499, "imu/vel_x": -3.31, "imu/vel_y": -0.05, "imu/vel_z": 0.05, "gps/latitude": 51.4505303, "gps/longtitude": 5.4547232, "gps/speed": 3.288145065307617, "gps/target_distance": 7.474988679762395, "gps/path_distance": 14.329496058224748, "gps/altitude": 3.197, "cam/image_name": "401_cam-image.jpg", "framecount/count": 401, "user/mode": "user"}