{"user/roll": 1508, "user/pitch": 1499, "user/throttle": 1546, "user/yaw": 1500, "imu/vel_x": 1.27, "imu/vel_y": -1.88, "imu/vel_z": 0.15, "gps/latitude": 51.4504472, "gps/longtitude": 5.4550698, "gps/speed": 2.2685768604278564, "gps/target_distance": 42.15415920563738, "gps/path_distance": 7.294603773597316, "gps/altitude": 3.589, "cam/image_name": "2276_cam-image.jpg", "framecount/count": 2276, "user/mode": "user"}