{"user/roll": 1457, "user/pitch": 1310, "user/throttle": 1309, "user/yaw": 1486, "imu/vel_x": -4.48, "imu/vel_y": -0.62, "imu/vel_z": 0.31, "gps/latitude": 51.4506561, "gps/longtitude": 5.4546865, "gps/speed": 4.294254779815674, "gps/target_distance": 20.530711569452947, "gps/path_distance": 21.971464144234346, "gps/altitude": 2.279, "cam/image_name": "190_cam-image.jpg", "framecount/count": 190, "user/mode": "user"}