{"user/roll": 1493, "user/pitch": 1476, "user/throttle": 1448, "user/yaw": 1426, "imu/vel_x": -1.52, "imu/vel_y": -3.6, "imu/vel_z": -0.1, "gps/latitude": 51.4505914, "gps/longtitude": 5.4547722, "gps/speed": 3.9230573177337646, "gps/target_distance": 16.09195839046473, "gps/path_distance": 37.38261871904115, "gps/altitude": 5.672, "cam/image_name": "1236_cam-image.jpg", "framecount/count": 1236, "user/mode": "user"}