{"user/roll": 1509, "user/pitch": 1473, "user/throttle": 1558, "user/yaw": 1501, "imu/vel_x": 0.18, "imu/vel_y": -2.99, "imu/vel_z": -0.61, "gps/latitude": 51.450454, "gps/longtitude": 5.4550904, "gps/speed": 2.99642014503479, "gps/target_distance": 44.40351424671649, "gps/path_distance": 1.144582204890071, "gps/altitude": 2.435, "cam/image_name": "1959_cam-image.jpg", "framecount/count": 1959, "user/mode": "user"}