{"user/roll": 1507, "user/pitch": 1359, "user/throttle": 1321, "user/yaw": 1500, "imu/vel_x": -1.29, "imu/vel_y": -0.23, "imu/vel_z": 0.17, "gps/latitude": 51.4506786, "gps/longtitude": 5.4549025, "gps/speed": 1.317915678024292, "gps/target_distance": 32.867198936834406, "gps/path_distance": 15.313657313358789, "gps/altitude": 3.574, "cam/image_name": "518_cam-image.jpg", "framecount/count": 518, "user/mode": "user"}