{"user/roll": 1508, "user/pitch": 1445, "user/throttle": 1406, "user/yaw": 1429, "imu/vel_x": -2.18, "imu/vel_y": 0.09, "imu/vel_z": -0.24, "gps/latitude": 51.4506586, "gps/longtitude": 5.4547467, "gps/speed": 2.3009142875671387, "gps/target_distance": 21.685785053244004, "gps/path_distance": 3.3693969642781383, "gps/altitude": 4.423, "cam/image_name": "1536_cam-image.jpg", "framecount/count": 1536, "user/mode": "user"}