{"user/roll": 1508, "user/pitch": 1360, "user/throttle": 1399, "user/yaw": 1500, "imu/vel_x": -1.76, "imu/vel_y": -2.2, "imu/vel_z": -0.54, "gps/latitude": 51.4506209, "gps/longtitude": 5.4548557, "gps/speed": 2.8223495483398438, "gps/target_distance": 24.694173094853877, "gps/path_distance": 30.73232233280237, "gps/altitude": 5.341, "cam/image_name": "1207_cam-image.jpg", "framecount/count": 1207, "user/mode": "user"}