{"user/roll": 1507, "user/pitch": 1498, "user/throttle": 1359, "user/yaw": 1500, "imu/vel_x": 0.25, "imu/vel_y": 0.29, "imu/vel_z": 0.46, "gps/latitude": 51.4507016, "gps/longtitude": 5.4546895, "gps/speed": 0.4017010033130646, "gps/target_distance": 25.562096534777805, "gps/path_distance": 31.316042871318587, "gps/altitude": 2.2, "cam/image_name": "120_cam-image.jpg", "framecount/count": 120, "user/mode": "user"}