{"user/roll": 1491, "user/pitch": 1497, "user/throttle": 1430, "user/yaw": 1482, "imu/vel_x": -0.49, "imu/vel_y": -0.39, "imu/vel_z": 0.26, "gps/latitude": 51.4506332, "gps/longtitude": 5.4549604, "gps/speed": 0.6212564706802368, "gps/target_distance": 34.89769520642763, "gps/path_distance": 16.11462684718134, "gps/altitude": 4.262, "cam/image_name": "1670_cam-image.jpg", "framecount/count": 1670, "user/mode": "user"}