{"user/roll": 1508, "user/pitch": 1277, "user/throttle": 1364, "user/yaw": 1558, "imu/vel_x": 1.36, "imu/vel_y": 1.22, "imu/vel_z": 0.26, "gps/latitude": 51.4506582, "gps/longtitude": 5.4550748, "gps/speed": 1.8324378728866577, "gps/target_distance": 47.413861799232514, "gps/path_distance": 4.125668274385561, "gps/altitude": 3.07, "cam/image_name": "1053_cam-image.jpg", "framecount/count": 1053, "user/mode": "user"}