{"user/roll": 1507, "user/pitch": 1301, "user/throttle": 1461, "user/yaw": 1500, "imu/vel_x": -0.21, "imu/vel_y": -1.4, "imu/vel_z": -0.2, "gps/latitude": 51.4505092, "gps/longtitude": 5.454866, "gps/speed": 1.4197783470153809, "gps/target_distance": 19.866328913637993, "gps/path_distance": 9.476466475798532, "gps/altitude": 6.302, "cam/image_name": "943_cam-image.jpg", "framecount/count": 943, "user/mode": "user"}