{"user/roll": 1507, "user/pitch": 1433, "user/throttle": 1437, "user/yaw": 1500, "imu/vel_x": -1.65, "imu/vel_y": -0.78, "imu/vel_z": -0.26, "gps/latitude": 51.4506648, "gps/longtitude": 5.4548925, "gps/speed": 1.8246095180511475, "gps/target_distance": 31.004717252847676, "gps/path_distance": 0.8371323944391804, "gps/altitude": 3.414, "cam/image_name": "536_cam-image.jpg", "framecount/count": 536, "user/mode": "user"}