{"user/roll": 1536, "user/pitch": 1330, "user/throttle": 1530, "user/yaw": 1500, "imu/vel_x": 0.23, "imu/vel_y": -0.36, "imu/vel_z": -0.27, "gps/latitude": 51.4502549, "gps/longtitude": 5.454564, "gps/speed": 0.42419832944869995, "gps/target_distance": 27.793595824101825, "gps/path_distance": 2.215504842371786, "gps/altitude": 3.328, "cam/image_name": "2965_cam-image.jpg", "framecount/count": 2965, "user/mode": "user"}