{"user/roll": 1507, "user/pitch": 1501, "user/throttle": 1531, "user/yaw": 1495, "imu/vel_x": 1.2, "imu/vel_y": -2.2, "imu/vel_z": 0.26, "gps/latitude": 51.4504444, "gps/longtitude": 5.4550766, "gps/speed": 2.492863178253174, "gps/target_distance": 42.929055582787996, "gps/path_distance": 6.733313322261779, "gps/altitude": 3.626, "cam/image_name": "2272_cam-image.jpg", "framecount/count": 2272, "user/mode": "user"}