{"user/roll": 1428, "user/pitch": 1321, "user/throttle": 1336, "user/yaw": 1501, "imu/vel_x": -1.33, "imu/vel_y": -1.41, "imu/vel_z": -0.6, "gps/latitude": 51.4506373, "gps/longtitude": 5.4548136, "gps/speed": 1.9658080339431763, "gps/target_distance": 22.899827493174435, "gps/path_distance": 7.453407620447848, "gps/altitude": 4.324, "cam/image_name": "599_cam-image.jpg", "framecount/count": 599, "user/mode": "user"}