{"user/roll": 1354, "user/pitch": 1450, "user/throttle": 1368, "user/yaw": 1499, "imu/vel_x": -1.37, "imu/vel_y": -2.22, "imu/vel_z": 0.12, "gps/latitude": 51.4506599, "gps/longtitude": 5.4549166, "gps/speed": 2.6037650108337402, "gps/target_distance": 32.63885395195558, "gps/path_distance": 21.44325633163058, "gps/altitude": 5.098, "cam/image_name": "1161_cam-image.jpg", "framecount/count": 1161, "user/mode": "user"}