{"user/roll": 1485, "user/pitch": 1285, "user/throttle": 1444, "user/yaw": 1500, "imu/vel_x": -1.75, "imu/vel_y": -0.81, "imu/vel_z": -0.31, "gps/latitude": 51.4507034, "gps/longtitude": 5.4546916, "gps/speed": 1.948864459991455, "gps/target_distance": 25.760393923024807, "gps/path_distance": 23.99130050532378, "gps/altitude": 2.011, "cam/image_name": "165_cam-image.jpg", "framecount/count": 165, "user/mode": "user"}