{"user/roll": 1529, "user/pitch": 1370, "user/throttle": 1380, "user/yaw": 1500, "imu/vel_x": -0.22, "imu/vel_y": -0.73, "imu/vel_z": 0.39, "gps/latitude": 51.450573, "gps/longtitude": 5.4547027, "gps/speed": 0.7738199234008789, "gps/target_distance": 11.389509892065554, "gps/path_distance": 20.889996973156286, "gps/altitude": 5.862, "cam/image_name": "1282_cam-image.jpg", "framecount/count": 1282, "user/mode": "user"}