{"user/roll": 1507, "user/pitch": 1499, "user/throttle": 1407, "user/yaw": 1500, "imu/vel_x": -0.53, "imu/vel_y": -5.46, "imu/vel_z": 0.25, "gps/latitude": 51.4504732, "gps/longtitude": 5.4548064, "gps/speed": 5.496544361114502, "gps/target_distance": 12.778368618204663, "gps/path_distance": 19.03998577065181, "gps/altitude": 3.852, "cam/image_name": "2071_cam-image.jpg", "framecount/count": 2071, "user/mode": "user"}