{"user/roll": 1507, "user/pitch": 1392, "user/throttle": 1377, "user/yaw": 1500, "imu/vel_x": -2.33, "imu/vel_y": -1.5, "imu/vel_z": -0.26, "gps/latitude": 51.4505441, "gps/longtitude": 5.4549362, "gps/speed": 2.7389638423919678, "gps/target_distance": 28.399230300237605, "gps/path_distance": 18.691311524438106, "gps/altitude": 6.476, "cam/image_name": "898_cam-image.jpg", "framecount/count": 898, "user/mode": "user"}