{"user/roll": 1508, "user/pitch": 1370, "user/throttle": 1353, "user/yaw": 1501, "imu/vel_x": -3.16, "imu/vel_y": -0.49, "imu/vel_z": -0.04, "gps/latitude": 51.4505679, "gps/longtitude": 5.4547404, "gps/speed": 3.226729154586792, "gps/target_distance": 12.051758390917852, "gps/path_distance": 18.401186160178014, "gps/altitude": 4.837, "cam/image_name": "1598_cam-image.jpg", "framecount/count": 1598, "user/mode": "user"}