{"user/roll": 1507, "user/pitch": 1385, "user/throttle": 1410, "user/yaw": 1500, "imu/vel_x": 2.79, "imu/vel_y": -2.28, "imu/vel_z": 0.47, "gps/latitude": 51.4503654, "gps/longtitude": 5.4548161, "gps/speed": 3.631706714630127, "gps/target_distance": 18.111272157385983, "gps/path_distance": 8.61708340683117, "gps/altitude": 3.096, "cam/image_name": "2728_cam-image.jpg", "framecount/count": 2728, "user/mode": "user"}