{"user/roll": 1590, "user/pitch": 1498, "user/throttle": 1497, "user/yaw": 1444, "imu/vel_x": 0.92, "imu/vel_y": -2.96, "imu/vel_z": 0.3, "gps/latitude": 51.4504396, "gps/longtitude": 5.4550943, "gps/speed": 3.1070079803466797, "gps/target_distance": 44.93114276867653, "gps/path_distance": 10.925153800129237, "gps/altitude": 3.733, "cam/image_name": "2261_cam-image.jpg", "framecount/count": 2261, "user/mode": "user"}