{"user/roll": 1508, "user/pitch": 1442, "user/throttle": 1396, "user/yaw": 1500, "imu/vel_x": -2.7, "imu/vel_y": 0.14, "imu/vel_z": 0.46, "gps/latitude": 51.4505115, "gps/longtitude": 5.4547029, "gps/speed": 2.714700698852539, "gps/target_distance": 4.685534158488584, "gps/path_distance": 21.852836629716734, "gps/altitude": 5.463, "cam/image_name": "1345_cam-image.jpg", "framecount/count": 1345, "user/mode": "user"}