{"user/roll": 1507, "user/pitch": 1500, "user/throttle": 1368, "user/yaw": 1500, "imu/vel_x": 0.2, "imu/vel_y": 0.08, "imu/vel_z": -0.39, "gps/latitude": 51.4507364, "gps/longtitude": 5.4547523, "gps/speed": 0.21743784844875336, "gps/target_distance": 30.18069284730878, "gps/path_distance": 4.88827177314306, "gps/altitude": 2.95, "cam/image_name": "264_cam-image.jpg", "framecount/count": 264, "user/mode": "user"}