{"user/roll": 1408, "user/pitch": 1426, "user/throttle": 1406, "user/yaw": 1499, "imu/vel_x": -1.01, "imu/vel_y": -0.13, "imu/vel_z": -0.94, "gps/latitude": 51.4506729, "gps/longtitude": 5.4549838, "gps/speed": 1.0313005447387695, "gps/target_distance": 39.468437207308554, "gps/path_distance": 1.981889576113133, "gps/altitude": 4.532, "cam/image_name": "770_cam-image.jpg", "framecount/count": 770, "user/mode": "user"}