{"user/roll": 1365, "user/pitch": 1493, "user/throttle": 1472, "user/yaw": 1499, "imu/vel_x": 0.44, "imu/vel_y": 0.13, "imu/vel_z": 0.14, "gps/latitude": 51.4504295, "gps/longtitude": 5.4552853, "gps/speed": 0.4695747494697571, "gps/target_distance": 66.20121008239401, "gps/path_distance": 19.638677392090017, "gps/altitude": 3.248, "cam/image_name": "2121_cam-image.jpg", "framecount/count": 2121, "user/mode": "user"}