{"user/roll": 1470, "user/pitch": 1356, "user/throttle": 1439, "user/yaw": 1500, "imu/vel_x": -0.2, "imu/vel_y": -2.68, "imu/vel_z": -1.21, "gps/latitude": 51.4506691, "gps/longtitude": 5.4549906, "gps/speed": 2.7172634601593018, "gps/target_distance": 39.860330140633685, "gps/path_distance": 20.783563579440965, "gps/altitude": 3.955, "cam/image_name": "1128_cam-image.jpg", "framecount/count": 1128, "user/mode": "user"}