{"user/roll": 1469, "user/pitch": 1655, "user/throttle": 1445, "user/yaw": 1500, "imu/vel_x": -1.39, "imu/vel_y": -0.55, "imu/vel_z": 0.04, "gps/latitude": 51.450533, "gps/longtitude": 5.454729, "gps/speed": 1.4824371337890625, "gps/target_distance": 8.05399176213782, "gps/path_distance": 24.55529560330845, "gps/altitude": 4.654, "cam/image_name": "1624_cam-image.jpg", "framecount/count": 1624, "user/mode": "user"}