{"user/roll": 1507, "user/pitch": 1497, "user/throttle": 1465, "user/yaw": 1500, "imu/vel_x": -0.07, "imu/vel_y": -0.27, "imu/vel_z": 0.13, "gps/latitude": 51.4502548, "gps/longtitude": 5.4545675, "gps/speed": 0.3249254524707794, "gps/target_distance": 27.606504564894685, "gps/path_distance": 5.695579942602706, "gps/altitude": 3.336, "cam/image_name": "2954_cam-image.jpg", "framecount/count": 2954, "user/mode": "user"}