{"user/roll": 1537, "user/pitch": 1349, "user/throttle": 1497, "user/yaw": 1500, "imu/vel_x": 1.61, "imu/vel_y": 0.0, "imu/vel_z": 0.35, "gps/latitude": 51.450208, "gps/longtitude": 5.4548088, "gps/speed": 1.6333740949630737, "gps/target_distance": 31.883030012651304, "gps/path_distance": 6.541733984707832, "gps/altitude": 2.436, "cam/image_name": "2812_cam-image.jpg", "framecount/count": 2812, "user/mode": "user"}