{"user/roll": 1507, "user/pitch": 1645, "user/throttle": 1450, "user/yaw": 1501, "imu/vel_x": -0.16, "imu/vel_y": -4.59, "imu/vel_z": 0.06, "gps/latitude": 51.4504712, "gps/longtitude": 5.4547723, "gps/speed": 4.583627700805664, "gps/target_distance": 8.982690321716735, "gps/path_distance": 20.488198838073743, "gps/altitude": 3.771, "cam/image_name": "2079_cam-image.jpg", "framecount/count": 2079, "user/mode": "user"}