{"user/roll": 1508, "user/pitch": 1677, "user/throttle": 1487, "user/yaw": 1500, "imu/vel_x": 2.16, "imu/vel_y": -1.77, "imu/vel_z": -0.66, "gps/latitude": 51.4504083, "gps/longtitude": 5.4547607, "gps/speed": 2.7888336181640625, "gps/target_distance": 10.343452715322295, "gps/path_distance": 3.389961145332393, "gps/altitude": 3.262, "cam/image_name": "2758_cam-image.jpg", "framecount/count": 2758, "user/mode": "user"}