{"user/roll": 1505, "user/pitch": 1320, "user/throttle": 1363, "user/yaw": 1500, "imu/vel_x": -0.35, "imu/vel_y": -2.47, "imu/vel_z": -0.22, "gps/latitude": 51.4505069, "gps/longtitude": 5.4548516, "gps/speed": 2.507626533508301, "gps/target_distance": 18.247499385271702, "gps/path_distance": 11.92131689234327, "gps/altitude": 6.426, "cam/image_name": "953_cam-image.jpg", "framecount/count": 953, "user/mode": "user"}