{"user/roll": 1507, "user/pitch": 1316, "user/throttle": 1368, "user/yaw": 1500, "imu/vel_x": -1.77, "imu/vel_y": -0.39, "imu/vel_z": 0.13, "gps/latitude": 51.4507318, "gps/longtitude": 5.4547513, "gps/speed": 1.8222460746765137, "gps/target_distance": 29.6593799525798, "gps/path_distance": 2.881292217589447, "gps/altitude": 3.228, "cam/image_name": "283_cam-image.jpg", "framecount/count": 283, "user/mode": "user"}