{"user/roll": 1274, "user/pitch": 1497, "user/throttle": 1350, "user/yaw": 1499, "imu/vel_x": -0.88, "imu/vel_y": -1.17, "imu/vel_z": -0.23, "gps/latitude": 51.4506348, "gps/longtitude": 5.4549454, "gps/speed": 1.4416847229003906, "gps/target_distance": 33.57451637109648, "gps/path_distance": 4.039677566076193, "gps/altitude": 6.131, "cam/image_name": "818_cam-image.jpg", "framecount/count": 818, "user/mode": "user"}