{"user/roll": 1491, "user/pitch": 1366, "user/throttle": 1442, "user/yaw": 1499, "imu/vel_x": -3.19, "imu/vel_y": -0.6, "imu/vel_z": 0.11, "gps/latitude": 51.4506765, "gps/longtitude": 5.4547347, "gps/speed": 3.2645585536956787, "gps/target_distance": 23.282097810276746, "gps/path_distance": 5.447275333126328, "gps/altitude": 2.799, "cam/image_name": "323_cam-image.jpg", "framecount/count": 323, "user/mode": "user"}