{"user/roll": 1508, "user/pitch": 1450, "user/throttle": 1321, "user/yaw": 1500, "imu/vel_x": -2.34, "imu/vel_y": -0.02, "imu/vel_z": -0.15, "gps/latitude": 51.4507273, "gps/longtitude": 5.45469, "gps/speed": 2.328876256942749, "gps/target_distance": 28.407266826647785, "gps/path_distance": 27.214795681504143, "gps/altitude": 3.146, "cam/image_name": "24_cam-image.jpg", "framecount/count": 24, "user/mode": "user"}