{"user/roll": 1457, "user/pitch": 1605, "user/throttle": 1409, "user/yaw": 1498, "imu/vel_x": -1.94, "imu/vel_y": -1.07, "imu/vel_z": 0.4, "gps/latitude": 51.4505153, "gps/longtitude": 5.45473, "gps/speed": 2.2141129970550537, "gps/target_distance": 6.529151980069508, "gps/path_distance": 25.278436128203538, "gps/altitude": 2.876, "cam/image_name": "665_cam-image.jpg", "framecount/count": 665, "user/mode": "user"}