{"user/roll": 1458, "user/pitch": 1422, "user/throttle": 1430, "user/yaw": 1477, "imu/vel_x": -0.92, "imu/vel_y": -1.06, "imu/vel_z": 0.1, "gps/latitude": 51.4502715, "gps/longtitude": 5.4551932, "gps/speed": 1.428544282913208, "gps/target_distance": 60.002425995216974, "gps/path_distance": 7.488849316122753, "gps/altitude": 3.286, "cam/image_name": "2516_cam-image.jpg", "framecount/count": 2516, "user/mode": "user"}