{"user/roll": 1299, "user/pitch": 1349, "user/throttle": 1435, "user/yaw": 1499, "imu/vel_x": -0.18, "imu/vel_y": 0.33, "imu/vel_z": -0.55, "gps/latitude": 51.4507513, "gps/longtitude": 5.4546741, "gps/speed": 0.4188784658908844, "gps/target_distance": 31.12470854774037, "gps/path_distance": 25.21894221295406, "gps/altitude": 2.652, "cam/image_name": "1_cam-image.jpg", "framecount/count": 1, "user/mode": "user"}