{"user/roll": 1397, "user/pitch": 1343, "user/throttle": 1357, "user/yaw": 1424, "imu/vel_x": -3.98, "imu/vel_y": -1.76, "imu/vel_z": 0.33, "gps/latitude": 51.4505799, "gps/longtitude": 5.4547665, "gps/speed": 4.356114864349365, "gps/target_distance": 14.682541335120112, "gps/path_distance": 2.830712098074713, "gps/altitude": 3.694, "cam/image_name": "630_cam-image.jpg", "framecount/count": 630, "user/mode": "user"}