{"user/roll": 1432, "user/pitch": 1500, "user/throttle": 1375, "user/yaw": 1273, "imu/vel_x": -1.19, "imu/vel_y": -2.95, "imu/vel_z": -0.26, "gps/latitude": 51.4505859, "gps/longtitude": 5.4547489, "gps/speed": 3.2073848247528076, "gps/target_distance": 14.257131754715866, "gps/path_distance": 38.75486927358759, "gps/altitude": 5.825, "cam/image_name": "1246_cam-image.jpg", "framecount/count": 1246, "user/mode": "user"}