{"user/roll": 1507, "user/pitch": 1317, "user/throttle": 1438, "user/yaw": 1499, "imu/vel_x": -1.23, "imu/vel_y": -2.67, "imu/vel_z": 0.41, "gps/latitude": 51.4504735, "gps/longtitude": 5.4548279, "gps/speed": 2.955425977706909, "gps/target_distance": 15.169986482218542, "gps/path_distance": 22.146771248533128, "gps/altitude": 3.854, "cam/image_name": "2438_cam-image.jpg", "framecount/count": 2438, "user/mode": "user"}