{"user/roll": 1448, "user/pitch": 1441, "user/throttle": 1500, "user/yaw": 1500, "imu/vel_x": -0.67, "imu/vel_y": -1.93, "imu/vel_z": -0.46, "gps/latitude": 51.4506422, "gps/longtitude": 5.4548295, "gps/speed": 2.009373188018799, "gps/target_distance": 24.410168019653682, "gps/path_distance": 0.3685250599154415, "gps/altitude": 3.597, "cam/image_name": "586_cam-image.jpg", "framecount/count": 586, "user/mode": "user"}