{"user/roll": 1507, "user/pitch": 1349, "user/throttle": 1361, "user/yaw": 1500, "imu/vel_x": -3.06, "imu/vel_y": -0.54, "imu/vel_z": -0.23, "gps/latitude": 51.4505746, "gps/longtitude": 5.4547421, "gps/speed": 3.131425619125366, "gps/target_distance": 12.800259563076166, "gps/path_distance": 17.877041500374077, "gps/altitude": 4.79, "cam/image_name": "1593_cam-image.jpg", "framecount/count": 1593, "user/mode": "user"}