{"user/roll": 1478, "user/pitch": 1427, "user/throttle": 1407, "user/yaw": 1481, "imu/vel_x": 3.48, "imu/vel_y": -0.94, "imu/vel_z": -0.34, "gps/latitude": 51.4502614, "gps/longtitude": 5.4547916, "gps/speed": 3.60343861579895, "gps/target_distance": 25.713800669044794, "gps/path_distance": 10.41399178886519, "gps/altitude": 2.052, "cam/image_name": "2848_cam-image.jpg", "framecount/count": 2848, "user/mode": "user"}