{"user/roll": 1508, "user/pitch": 1379, "user/throttle": 1435, "user/yaw": 1500, "imu/vel_x": 0.63, "imu/vel_y": -2.74, "imu/vel_z": 0.15, "gps/latitude": 51.4504352, "gps/longtitude": 5.4551251, "gps/speed": 2.8124239444732666, "gps/target_distance": 48.3848250497861, "gps/path_distance": 11.504125881721563, "gps/altitude": 3.89, "cam/image_name": "2250_cam-image.jpg", "framecount/count": 2250, "user/mode": "user"}