{"user/roll": 1508, "user/pitch": 1499, "user/throttle": 1497, "user/yaw": 1500, "imu/vel_x": 3.46, "imu/vel_y": 1.17, "imu/vel_z": -0.03, "gps/latitude": 51.4502975, "gps/longtitude": 5.4545851, "gps/speed": 3.6503684520721436, "gps/target_distance": 22.542822639940912, "gps/path_distance": 0.950951558391921, "gps/altitude": 3.488, "cam/image_name": "2999_cam-image.jpg", "framecount/count": 2999, "user/mode": "user"}