{"user/roll": 1379, "user/pitch": 1492, "user/throttle": 1389, "user/yaw": 1501, "imu/vel_x": 0.08, "imu/vel_y": -0.12, "imu/vel_z": 0.65, "gps/latitude": 51.450701, "gps/longtitude": 5.4546892, "gps/speed": 0.1516985148191452, "gps/target_distance": 25.49598278255618, "gps/path_distance": 31.36338761058437, "gps/altitude": 2.479, "cam/image_name": "113_cam-image.jpg", "framecount/count": 113, "user/mode": "user"}