{"user/roll": 1506, "user/pitch": 1500, "user/throttle": 1438, "user/yaw": 1497, "imu/vel_x": 0.85, "imu/vel_y": 0.0, "imu/vel_z": 0.2, "gps/latitude": 51.4504, "gps/longtitude": 5.4547289, "gps/speed": 0.8522654175758362, "gps/target_distance": 8.867683280059033, "gps/path_distance": 1.7862668215597068, "gps/altitude": 2.978, "cam/image_name": "2942_cam-image.jpg", "framecount/count": 2942, "user/mode": "user"}