{"user/roll": 1505, "user/pitch": 1398, "user/throttle": 1308, "user/yaw": 1500, "imu/vel_x": -4.33, "imu/vel_y": -0.24, "imu/vel_z": 0.16, "gps/latitude": 51.4505653, "gps/longtitude": 5.454729, "gps/speed": 4.360575199127197, "gps/target_distance": 11.267668768463095, "gps/path_distance": 5.868023620867774, "gps/altitude": 3.413, "cam/image_name": "381_cam-image.jpg", "framecount/count": 381, "user/mode": "user"}