{"user/roll": 1507, "user/pitch": 1358, "user/throttle": 1475, "user/yaw": 1500, "imu/vel_x": 0.18, "imu/vel_y": -2.55, "imu/vel_z": 0.22, "gps/latitude": 51.4504529, "gps/longtitude": 5.455121, "gps/speed": 2.5757761001586914, "gps/target_distance": 47.80926855963626, "gps/path_distance": 3.8159846466783733, "gps/altitude": 2.246, "cam/image_name": "1947_cam-image.jpg", "framecount/count": 1947, "user/mode": "user"}