{"user/roll": 1316, "user/pitch": 1406, "user/throttle": 1367, "user/yaw": 1500, "imu/vel_x": -0.95, "imu/vel_y": -2.49, "imu/vel_z": 0.01, "gps/latitude": 51.4506625, "gps/longtitude": 5.4549239, "gps/speed": 2.6731603145599365, "gps/target_distance": 33.44769667075003, "gps/path_distance": 19.941141903995543, "gps/altitude": 5.098, "cam/image_name": "1155_cam-image.jpg", "framecount/count": 1155, "user/mode": "user"}