{"user/roll": 1506, "user/pitch": 1390, "user/throttle": 1410, "user/yaw": 1487, "imu/vel_x": 0.38, "imu/vel_y": -3.13, "imu/vel_z": -0.23, "gps/latitude": 51.4504861, "gps/longtitude": 5.4549582, "gps/speed": 3.1958155632019043, "gps/target_distance": 29.708834098533096, "gps/path_distance": 1.722761429043885, "gps/altitude": 4.513, "cam/image_name": "2378_cam-image.jpg", "framecount/count": 2378, "user/mode": "user"}