{"user/roll": 1505, "user/pitch": 1376, "user/throttle": 1417, "user/yaw": 1499, "imu/vel_x": -1.32, "imu/vel_y": -2.02, "imu/vel_z": 0.44, "gps/latitude": 51.4504811, "gps/longtitude": 5.4548519, "gps/speed": 2.417189359664917, "gps/target_distance": 17.87322278463061, "gps/path_distance": 18.087277712642333, "gps/altitude": 4.137, "cam/image_name": "2424_cam-image.jpg", "framecount/count": 2424, "user/mode": "user"}