{"user/roll": 1450, "user/pitch": 1498, "user/throttle": 1463, "user/yaw": 1499, "imu/vel_x": -1.06, "imu/vel_y": -1.35, "imu/vel_z": -0.1, "gps/latitude": 51.4504387, "gps/longtitude": 5.4551846, "gps/speed": 1.7224738597869873, "gps/target_distance": 54.95731308154297, "gps/path_distance": 8.044962685435735, "gps/altitude": 3.37, "cam/image_name": "2207_cam-image.jpg", "framecount/count": 2207, "user/mode": "user"}