{"user/roll": 1506, "user/pitch": 1534, "user/throttle": 1424, "user/yaw": 1500, "imu/vel_x": -0.47, "imu/vel_y": -0.55, "imu/vel_z": -0.16, "gps/latitude": 51.450478, "gps/longtitude": 5.4547442, "gps/speed": 0.7396886348724365, "gps/target_distance": 5.911745722714522, "gps/path_distance": 3.457773014607824, "gps/altitude": 5.845, "cam/image_name": "1000_cam-image.jpg", "framecount/count": 1000, "user/mode": "user"}