{"user/roll": 1582, "user/pitch": 1502, "user/throttle": 1370, "user/yaw": 1500, "imu/vel_x": 0.27, "imu/vel_y": -2.69, "imu/vel_z": 0.17, "gps/latitude": 51.4502447, "gps/longtitude": 5.4550271, "gps/speed": 2.7073135375976562, "gps/target_distance": 44.939510989982644, "gps/path_distance": 14.228605620632948, "gps/altitude": 3.828, "cam/image_name": "2603_cam-image.jpg", "framecount/count": 2603, "user/mode": "user"}