{"user/roll": 1508, "user/pitch": 1424, "user/throttle": 1408, "user/yaw": 1543, "imu/vel_x": -0.9, "imu/vel_y": -3.39, "imu/vel_z": -0.01, "gps/latitude": 51.4502566, "gps/longtitude": 5.4551355, "gps/speed": 3.526791572570801, "gps/target_distance": 54.7792530874894, "gps/path_distance": 19.74101599352514, "gps/altitude": 3.286, "cam/image_name": "2549_cam-image.jpg", "framecount/count": 2549, "user/mode": "user"}