{"user/roll": 1506, "user/pitch": 1352, "user/throttle": 1407, "user/yaw": 1499, "imu/vel_x": -1.42, "imu/vel_y": -0.78, "imu/vel_z": -0.35, "gps/latitude": 51.4506567, "gps/longtitude": 5.4549771, "gps/speed": 1.629256010055542, "gps/target_distance": 37.852054536208854, "gps/path_distance": 4.258255829348798, "gps/altitude": 5.377, "cam/image_name": "788_cam-image.jpg", "framecount/count": 788, "user/mode": "user"}