{"user/roll": 1506, "user/pitch": 1499, "user/throttle": 1410, "user/yaw": 1500, "imu/vel_x": 0.74, "imu/vel_y": 0.08, "imu/vel_z": 0.21, "gps/latitude": 51.4506493, "gps/longtitude": 5.4550694, "gps/speed": 0.7548514604568481, "gps/target_distance": 46.44661872265374, "gps/path_distance": 29.17101565513653, "gps/altitude": 3.181, "cam/image_name": "1035_cam-image.jpg", "framecount/count": 1035, "user/mode": "user"}