{"user/roll": 1508, "user/pitch": 1444, "user/throttle": 1472, "user/yaw": 1434, "imu/vel_x": 0.15, "imu/vel_y": 0.11, "imu/vel_z": 0.41, "gps/latitude": 51.4506359, "gps/longtitude": 5.4549629, "gps/speed": 0.20310263335704803, "gps/target_distance": 35.29026015831656, "gps/path_distance": 22.321623644180363, "gps/altitude": 4.542, "cam/image_name": "1652_cam-image.jpg", "framecount/count": 1652, "user/mode": "user"}