{"user/roll": 1506, "user/pitch": 1499, "user/throttle": 1314, "user/yaw": 1500, "imu/vel_x": -0.36, "imu/vel_y": -0.5, "imu/vel_z": 0.11, "gps/latitude": 51.4504759, "gps/longtitude": 5.4547418, "gps/speed": 0.624788224697113, "gps/target_distance": 5.619047626384041, "gps/path_distance": 5.662923242846773, "gps/altitude": 5.9, "cam/image_name": "1005_cam-image.jpg", "framecount/count": 1005, "user/mode": "user"}