{"user/roll": 1492, "user/pitch": 1285, "user/throttle": 1494, "user/yaw": 1501, "imu/vel_x": 0.75, "imu/vel_y": -1.78, "imu/vel_z": -0.14, "gps/latitude": 51.4504814, "gps/longtitude": 5.4549961, "gps/speed": 1.9414423704147339, "gps/target_distance": 33.89630611049623, "gps/path_distance": 4.788595199670624, "gps/altitude": 4.218, "cam/image_name": "2359_cam-image.jpg", "framecount/count": 2359, "user/mode": "user"}