{"user/roll": 1508, "user/pitch": 1499, "user/throttle": 1416, "user/yaw": 1497, "imu/vel_x": 0.6, "imu/vel_y": 0.05, "imu/vel_z": -0.03, "gps/latitude": 51.4506392, "gps/longtitude": 5.4550708, "gps/speed": 0.630197286605835, "gps/target_distance": 46.124113048704054, "gps/path_distance": 70.47792458492412, "gps/altitude": 3.195, "cam/image_name": "1012_cam-image.jpg", "framecount/count": 1012, "user/mode": "user"}