{"user/roll": 1505, "user/pitch": 1345, "user/throttle": 1473, "user/yaw": 1500, "imu/vel_x": 0.06, "imu/vel_y": -2.25, "imu/vel_z": -0.85, "gps/latitude": 51.4506689, "gps/longtitude": 5.4550154, "gps/speed": 2.2691400051116943, "gps/target_distance": 42.178200525028565, "gps/path_distance": 11.47351747693935, "gps/altitude": 3.036, "cam/image_name": "1111_cam-image.jpg", "framecount/count": 1111, "user/mode": "user"}