{"user/roll": 1439, "user/pitch": 1387, "user/throttle": 1495, "user/yaw": 1501, "imu/vel_x": 0.44, "imu/vel_y": -0.49, "imu/vel_z": 0.59, "gps/latitude": 51.4504507, "gps/longtitude": 5.4551767, "gps/speed": 0.672285258769989, "gps/target_distance": 54.009545762225066, "gps/path_distance": 0.7942760742239443, "gps/altitude": 1.715, "cam/image_name": "1901_cam-image.jpg", "framecount/count": 1901, "user/mode": "user"}