{"user/roll": 1507, "user/pitch": 1514, "user/throttle": 1391, "user/yaw": 1500, "imu/vel_x": -2.3, "imu/vel_y": 0.16, "imu/vel_z": 0.51, "gps/latitude": 51.450502, "gps/longtitude": 5.454706, "gps/speed": 2.3186557292938232, "gps/target_distance": 3.8155374012368477, "gps/path_distance": 23.082300545083797, "gps/altitude": 5.236, "cam/image_name": "1354_cam-image.jpg", "framecount/count": 1354, "user/mode": "user"}