{"user/roll": 1507, "user/pitch": 1501, "user/throttle": 1322, "user/yaw": 1500, "imu/vel_x": -0.6, "imu/vel_y": 0.26, "imu/vel_z": 0.38, "gps/latitude": 51.4506953, "gps/longtitude": 5.4546937, "gps/speed": 0.628314197063446, "gps/target_distance": 24.864668512062202, "gps/path_distance": 30.657064368796597, "gps/altitude": 3.103, "cam/image_name": "58_cam-image.jpg", "framecount/count": 58, "user/mode": "user"}