{"user/roll": 1595, "user/pitch": 1345, "user/throttle": 1481, "user/yaw": 1500, "imu/vel_x": 2.95, "imu/vel_y": 1.28, "imu/vel_z": -0.41, "gps/latitude": 51.4503652, "gps/longtitude": 5.4546297, "gps/speed": 3.2434756755828857, "gps/target_distance": 13.561291389269453, "gps/path_distance": 0.058926232467229056, "gps/altitude": 3.634, "cam/image_name": "3046_cam-image.jpg", "framecount/count": 3046, "user/mode": "user"}