{"user/roll": 1448, "user/pitch": 1502, "user/throttle": 1396, "user/yaw": 1501, "imu/vel_x": -1.76, "imu/vel_y": -3.59, "imu/vel_z": -0.36, "gps/latitude": 51.4504901, "gps/longtitude": 5.4547912, "gps/speed": 4.00559139251709, "gps/target_distance": 11.289952912532085, "gps/path_distance": 22.694995988340878, "gps/altitude": 4.078, "cam/image_name": "1840_cam-image.jpg", "framecount/count": 1840, "user/mode": "user"}