{"user/roll": 1506, "user/pitch": 1437, "user/throttle": 1439, "user/yaw": 1526, "imu/vel_x": 0.08, "imu/vel_y": -1.1, "imu/vel_z": -0.51, "gps/latitude": 51.4504518, "gps/longtitude": 5.4551536, "gps/speed": 1.1112987995147705, "gps/target_distance": 51.43730416209255, "gps/path_distance": 4.234524822263268, "gps/altitude": 2.104, "cam/image_name": "1927_cam-image.jpg", "framecount/count": 1927, "user/mode": "user"}