{"user/roll": 1460, "user/pitch": 1336, "user/throttle": 1332, "user/yaw": 1500, "imu/vel_x": -2.89, "imu/vel_y": -1.53, "imu/vel_z": 0.28, "gps/latitude": 51.4506216, "gps/longtitude": 5.4547975, "gps/speed": 3.2998838424682617, "gps/target_distance": 20.442333926669228, "gps/path_distance": 2.3596026124595255, "gps/altitude": 4.459, "cam/image_name": "610_cam-image.jpg", "framecount/count": 610, "user/mode": "user"}