{"user/roll": 1507, "user/pitch": 1401, "user/throttle": 1495, "user/yaw": 1500, "imu/vel_x": -1.23, "imu/vel_y": -0.59, "imu/vel_z": -0.31, "gps/latitude": 51.4507582, "gps/longtitude": 5.4547743, "gps/speed": 1.3874577283859253, "gps/target_distance": 33.132545004593695, "gps/path_distance": 16.828408596419365, "gps/altitude": 2.174, "cam/image_name": "1448_cam-image.jpg", "framecount/count": 1448, "user/mode": "user"}