{"user/roll": 1485, "user/pitch": 1285, "user/throttle": 1444, "user/yaw": 1500, "imu/vel_x": -2.23, "imu/vel_y": -0.94, "imu/vel_z": -0.44, "gps/latitude": 51.4506983, "gps/longtitude": 5.4546897, "gps/speed": 1.948864459991455, "gps/target_distance": 25.196524048410552, "gps/path_distance": 24.289243791094123, "gps/altitude": 2.133, "cam/image_name": "168_cam-image.jpg", "framecount/count": 168, "user/mode": "user"}