{"user/roll": 1508, "user/pitch": 1635, "user/throttle": 1323, "user/yaw": 1499, "imu/vel_x": -2.39, "imu/vel_y": 0.18, "imu/vel_z": -0.46, "gps/latitude": 51.4505124, "gps/longtitude": 5.4547233, "gps/speed": 2.406252861022949, "gps/target_distance": 5.809030925105769, "gps/path_distance": 17.415488736718686, "gps/altitude": 3.428, "cam/image_name": "413_cam-image.jpg", "framecount/count": 413, "user/mode": "user"}