{"user/roll": 1418, "user/pitch": 1384, "user/throttle": 1367, "user/yaw": 1499, "imu/vel_x": -0.48, "imu/vel_y": -2.91, "imu/vel_z": -0.21, "gps/latitude": 51.4506651, "gps/longtitude": 5.454942, "gps/speed": 2.9465322494506836, "gps/target_distance": 35.201911552219265, "gps/path_distance": 21.231982263777553, "gps/altitude": 4.992, "cam/image_name": "1147_cam-image.jpg", "framecount/count": 1147, "user/mode": "user"}