{"user/roll": 1508, "user/pitch": 1499, "user/throttle": 1423, "user/yaw": 1499, "imu/vel_x": 0.88, "imu/vel_y": 0.57, "imu/vel_z": -0.42, "gps/latitude": 51.4506955, "gps/longtitude": 5.4546961, "gps/speed": 1.0511306524276733, "gps/target_distance": 24.890817269707068, "gps/path_distance": 25.27611337573157, "gps/altitude": 2.631, "cam/image_name": "83_cam-image.jpg", "framecount/count": 83, "user/mode": "user"}