{"user/roll": 1508, "user/pitch": 1346, "user/throttle": 1322, "user/yaw": 1500, "imu/vel_x": -2.14, "imu/vel_y": -0.11, "imu/vel_z": 0.03, "gps/latitude": 51.4507176, "gps/longtitude": 5.4546916, "gps/speed": 2.135190010070801, "gps/target_distance": 27.3327051933083, "gps/path_distance": 27.991800942949055, "gps/altitude": 3.22, "cam/image_name": "33_cam-image.jpg", "framecount/count": 33, "user/mode": "user"}