{"user/roll": 1507, "user/pitch": 1352, "user/throttle": 1385, "user/yaw": 1500, "imu/vel_x": -1.4, "imu/vel_y": -0.43, "imu/vel_z": 0.34, "gps/latitude": 51.4506755, "gps/longtitude": 5.4549006, "gps/speed": 1.4875550270080566, "gps/target_distance": 32.47611337244379, "gps/path_distance": 11.468633415838553, "gps/altitude": 3.495, "cam/image_name": "522_cam-image.jpg", "framecount/count": 522, "user/mode": "user"}