{"user/roll": 1508, "user/pitch": 1431, "user/throttle": 1414, "user/yaw": 1500, "imu/vel_x": -0.57, "imu/vel_y": -1.25, "imu/vel_z": -0.02, "gps/latitude": 51.4504324, "gps/longtitude": 5.4551712, "gps/speed": 1.379273772239685, "gps/target_distance": 53.52085501002773, "gps/path_distance": 9.688845812661611, "gps/altitude": 3.558, "cam/image_name": "2219_cam-image.jpg", "framecount/count": 2219, "user/mode": "user"}