{"user/roll": 1505, "user/pitch": 1409, "user/throttle": 1386, "user/yaw": 1499, "imu/vel_x": -1.43, "imu/vel_y": -0.52, "imu/vel_z": -0.41, "gps/latitude": 51.4506598, "gps/longtitude": 5.4549796, "gps/speed": 1.5415775775909424, "gps/target_distance": 38.27234691654463, "gps/path_distance": 1.481940226511142, "gps/altitude": 5.282, "cam/image_name": "784_cam-image.jpg", "framecount/count": 784, "user/mode": "user"}