{"user/roll": 1509, "user/pitch": 1336, "user/throttle": 1406, "user/yaw": 1500, "imu/vel_x": -0.67, "imu/vel_y": -0.59, "imu/vel_z": 0.05, "gps/latitude": 51.450204, "gps/longtitude": 5.4548149, "gps/speed": 0.8912269473075867, "gps/target_distance": 32.56768201448444, "gps/path_distance": 2.076441817907437, "gps/altitude": 2.764, "cam/image_name": "2793_cam-image.jpg", "framecount/count": 2793, "user/mode": "user"}