{"user/roll": 1508, "user/pitch": 1451, "user/throttle": 1470, "user/yaw": 1499, "imu/vel_x": 0.14, "imu/vel_y": -2.89, "imu/vel_z": -0.73, "gps/latitude": 51.4504541, "gps/longtitude": 5.4550804, "gps/speed": 2.888193368911743, "gps/target_distance": 43.29173861696511, "gps/path_distance": 1.0692849103459707, "gps/altitude": 2.656, "cam/image_name": "1966_cam-image.jpg", "framecount/count": 1966, "user/mode": "user"}