{"user/roll": 1408, "user/pitch": 1452, "user/throttle": 1392, "user/yaw": 1410, "imu/vel_x": -1.1, "imu/vel_y": 0.27, "imu/vel_z": -0.41, "gps/latitude": 51.4506909, "gps/longtitude": 5.4549012, "gps/speed": 1.1336383819580078, "gps/target_distance": 33.73470943482457, "gps/path_distance": 8.311355529569, "gps/altitude": 2.961, "cam/image_name": "498_cam-image.jpg", "framecount/count": 498, "user/mode": "user"}