{"user/roll": 1560, "user/pitch": 1409, "user/throttle": 1528, "user/yaw": 1500, "imu/vel_x": 3.04, "imu/vel_y": 1.34, "imu/vel_z": -0.35, "gps/latitude": 51.4503589, "gps/longtitude": 5.4546255, "gps/speed": 3.3111672401428223, "gps/target_distance": 14.39951222242617, "gps/path_distance": 0.20209851060315032, "gps/altitude": 3.53, "cam/image_name": "3042_cam-image.jpg", "framecount/count": 3042, "user/mode": "user"}