{"user/roll": 1308, "user/pitch": 1367, "user/throttle": 1427, "user/yaw": 1500, "imu/vel_x": -0.92, "imu/vel_y": -1.87, "imu/vel_z": 0.05, "gps/latitude": 51.4502659, "gps/longtitude": 5.4551779, "gps/speed": 2.103525400161743, "gps/target_distance": 58.660139091380465, "gps/path_distance": 1.0535679563264466, "gps/altitude": 3.312, "cam/image_name": "2529_cam-image.jpg", "framecount/count": 2529, "user/mode": "user"}