{"user/roll": 1470, "user/pitch": 1554, "user/throttle": 1359, "user/yaw": 1499, "imu/vel_x": 0.14, "imu/vel_y": -1.68, "imu/vel_z": 0.51, "gps/latitude": 51.4504422, "gps/longtitude": 5.4552103, "gps/speed": 1.7064287662506104, "gps/target_distance": 57.78775281922978, "gps/path_distance": 5.952896501279724, "gps/altitude": 3.949, "cam/image_name": "2183_cam-image.jpg", "framecount/count": 2183, "user/mode": "user"}