{"user/roll": 1509, "user/pitch": 1405, "user/throttle": 1335, "user/yaw": 1415, "imu/vel_x": 0.63, "imu/vel_y": 0.19, "imu/vel_z": -0.12, "gps/latitude": 51.4507084, "gps/longtitude": 5.4546943, "gps/speed": 0.673568606376648, "gps/target_distance": 26.31581025983498, "gps/path_distance": 27.585823032611927, "gps/altitude": 2.109, "cam/image_name": "144_cam-image.jpg", "framecount/count": 144, "user/mode": "user"}