{"user/roll": 1464, "user/pitch": 1304, "user/throttle": 1409, "user/yaw": 1499, "imu/vel_x": -5.19, "imu/vel_y": -0.4, "imu/vel_z": 0.18, "gps/latitude": 51.4506339, "gps/longtitude": 5.4546876, "gps/speed": 5.197124481201172, "gps/target_distance": 18.07024983058614, "gps/path_distance": 13.862951966816354, "gps/altitude": 2.119, "cam/image_name": "203_cam-image.jpg", "framecount/count": 203, "user/mode": "user"}