{"user/roll": 1507, "user/pitch": 1458, "user/throttle": 1301, "user/yaw": 1500, "imu/vel_x": 0.34, "imu/vel_y": -0.12, "imu/vel_z": 0.15, "gps/latitude": 51.4507011, "gps/longtitude": 5.4546945, "gps/speed": 0.363128125667572, "gps/target_distance": 25.50784309616087, "gps/path_distance": 31.54169794090373, "gps/altitude": 2.956, "cam/image_name": "98_cam-image.jpg", "framecount/count": 98, "user/mode": "user"}