{"user/roll": 1504, "user/pitch": 1501, "user/throttle": 1411, "user/yaw": 1499, "imu/vel_x": -2.93, "imu/vel_y": 0.13, "imu/vel_z": -0.14, "gps/latitude": 51.4505237, "gps/longtitude": 5.4547232, "gps/speed": 2.9298760890960693, "gps/target_distance": 6.8390251251140945, "gps/path_distance": 15.434578378908611, "gps/altitude": 3.218, "cam/image_name": "402_cam-image.jpg", "framecount/count": 402, "user/mode": "user"}