{"user/roll": 1458, "user/pitch": 1410, "user/throttle": 1390, "user/yaw": 1499, "imu/vel_x": -2.27, "imu/vel_y": 0.75, "imu/vel_z": -0.01, "gps/latitude": 51.4506159, "gps/longtitude": 5.4549426, "gps/speed": 2.3840582370758057, "gps/target_distance": 32.219709055430286, "gps/path_distance": 2.146962566958962, "gps/altitude": 6.135, "cam/image_name": "842_cam-image.jpg", "framecount/count": 842, "user/mode": "user"}