{"user/roll": 1497, "user/pitch": 1341, "user/throttle": 1371, "user/yaw": 1463, "imu/vel_x": -3.94, "imu/vel_y": -0.8, "imu/vel_z": -0.11, "gps/latitude": 51.4506755, "gps/longtitude": 5.4546867, "gps/speed": 4.038304805755615, "gps/target_distance": 22.677533450268527, "gps/path_distance": 26.844563205395843, "gps/altitude": 2.349, "cam/image_name": "183_cam-image.jpg", "framecount/count": 183, "user/mode": "user"}