{"user/roll": 1350, "user/pitch": 1500, "user/throttle": 1547, "user/yaw": 1500, "imu/vel_x": -0.77, "imu/vel_y": -1.36, "imu/vel_z": 0.13, "gps/latitude": 51.4504411, "gps/longtitude": 5.4551895, "gps/speed": 1.4480891227722168, "gps/target_distance": 55.484854774174806, "gps/path_distance": 6.541923678514763, "gps/altitude": 3.336, "cam/image_name": "2199_cam-image.jpg", "framecount/count": 2199, "user/mode": "user"}