{"user/roll": 1351, "user/pitch": 1375, "user/throttle": 1428, "user/yaw": 1499, "imu/vel_x": -0.77, "imu/vel_y": -1.45, "imu/vel_z": 0.04, "gps/latitude": 51.4502677, "gps/longtitude": 5.4551842, "gps/speed": 1.6669470071792603, "gps/target_distance": 59.23105986716334, "gps/path_distance": 3.520783179120599, "gps/altitude": 3.304, "cam/image_name": "2525_cam-image.jpg", "framecount/count": 2525, "user/mode": "user"}