{"user/roll": 1507, "user/pitch": 1500, "user/throttle": 1425, "user/yaw": 1500, "imu/vel_x": 0.37, "imu/vel_y": 0.0, "imu/vel_z": -0.34, "gps/latitude": 51.4506895, "gps/longtitude": 5.4550143, "gps/speed": 0.38145318627357483, "gps/target_distance": 43.3069670349572, "gps/path_distance": 5.598422506474179, "gps/altitude": 3.527, "cam/image_name": "695_cam-image.jpg", "framecount/count": 695, "user/mode": "user"}