{"user/roll": 1506, "user/pitch": 1428, "user/throttle": 1394, "user/yaw": 1499, "imu/vel_x": 3.33, "imu/vel_y": -1.02, "imu/vel_z": -0.02, "gps/latitude": 51.4502909, "gps/longtitude": 5.4547764, "gps/speed": 3.5136804580688477, "gps/target_distance": 22.037697635402242, "gps/path_distance": 10.61493808889378, "gps/altitude": 2.354, "cam/image_name": "2865_cam-image.jpg", "framecount/count": 2865, "user/mode": "user"}