{"user/roll": 1506, "user/pitch": 1653, "user/throttle": 1378, "user/yaw": 1500, "imu/vel_x": -1.76, "imu/vel_y": -3.62, "imu/vel_z": 0.27, "gps/latitude": 51.4504882, "gps/longtitude": 5.4547681, "gps/speed": 4.682236671447754, "gps/target_distance": 8.731834119784475, "gps/path_distance": 5.089824363331331, "gps/altitude": 5.999, "cam/image_name": "977_cam-image.jpg", "framecount/count": 977, "user/mode": "user"}