{"user/roll": 1459, "user/pitch": 1500, "user/throttle": 1366, "user/yaw": 1499, "imu/vel_x": 0.14, "imu/vel_y": 0.15, "imu/vel_z": 0.5, "gps/latitude": 51.4507012, "gps/longtitude": 5.4546889, "gps/speed": 0.22367684543132782, "gps/target_distance": 25.518489513542967, "gps/path_distance": 32.40955258703559, "gps/altitude": 2.317, "cam/image_name": "118_cam-image.jpg", "framecount/count": 118, "user/mode": "user"}