{"user/roll": 1341, "user/pitch": 1398, "user/throttle": 1367, "user/yaw": 1499, "imu/vel_x": -1.93, "imu/vel_y": -0.17, "imu/vel_z": 0.09, "gps/latitude": 51.4505917, "gps/longtitude": 5.4549483, "gps/speed": 1.9555522203445435, "gps/target_distance": 31.54314192748515, "gps/path_distance": 7.914608612005196, "gps/altitude": 6.249, "cam/image_name": "865_cam-image.jpg", "framecount/count": 865, "user/mode": "user"}