{"user/roll": 1501, "user/pitch": 1368, "user/throttle": 1320, "user/yaw": 1499, "imu/vel_x": -2.93, "imu/vel_y": -0.64, "imu/vel_z": 0.42, "gps/latitude": 51.4506974, "gps/longtitude": 5.454741, "gps/speed": 3.011471748352051, "gps/target_distance": 25.691878672158285, "gps/path_distance": 9.256130032696177, "gps/altitude": 3.046, "cam/image_name": "309_cam-image.jpg", "framecount/count": 309, "user/mode": "user"}