{"user/roll": 1380, "user/pitch": 1486, "user/throttle": 1436, "user/yaw": 1433, "imu/vel_x": 0.85, "imu/vel_y": -1.53, "imu/vel_z": -0.65, "gps/latitude": 51.4504391, "gps/longtitude": 5.455227, "gps/speed": 1.7621020078659058, "gps/target_distance": 59.661774247432824, "gps/path_distance": 15.581540513631069, "gps/altitude": 3.792, "cam/image_name": "2169_cam-image.jpg", "framecount/count": 2169, "user/mode": "user"}