{"user/roll": 1506, "user/pitch": 1369, "user/throttle": 1393, "user/yaw": 1499, "imu/vel_x": 0.17, "imu/vel_y": 0.07, "imu/vel_z": 0.04, "gps/latitude": 51.4507171, "gps/longtitude": 5.4549139, "gps/speed": 0.20162539184093475, "gps/target_distance": 36.82063778593885, "gps/path_distance": 7.642398109389688, "gps/altitude": 2.586, "cam/image_name": "442_cam-image.jpg", "framecount/count": 442, "user/mode": "user"}