{"user/roll": 1508, "user/pitch": 1499, "user/throttle": 1442, "user/yaw": 1501, "imu/vel_x": -0.74, "imu/vel_y": -0.53, "imu/vel_z": 0.03, "gps/latitude": 51.4505313, "gps/longtitude": 5.4547267, "gps/speed": 0.8992041349411011, "gps/target_distance": 7.761512423872415, "gps/path_distance": 23.892204096126164, "gps/altitude": 4.649, "cam/image_name": "1629_cam-image.jpg", "framecount/count": 1629, "user/mode": "user"}