{"user/roll": 1493, "user/pitch": 1636, "user/throttle": 1389, "user/yaw": 1500, "imu/vel_x": -2.53, "imu/vel_y": -1.14, "imu/vel_z": 0.32, "gps/latitude": 51.4505202, "gps/longtitude": 5.4547339, "gps/speed": 2.776581287384033, "gps/target_distance": 7.2233090893569445, "gps/path_distance": 26.093402097985717, "gps/altitude": 2.972, "cam/image_name": "662_cam-image.jpg", "framecount/count": 662, "user/mode": "user"}