{"user/roll": 1502, "user/pitch": 1385, "user/throttle": 1377, "user/yaw": 1501, "imu/vel_x": -2.11, "imu/vel_y": -1.8, "imu/vel_z": -0.26, "gps/latitude": 51.4505391, "gps/longtitude": 5.4549299, "gps/speed": 2.7858567237854004, "gps/target_distance": 27.57139634459306, "gps/path_distance": 23.708846682333046, "gps/altitude": 6.547, "cam/image_name": "903_cam-image.jpg", "framecount/count": 903, "user/mode": "user"}