{"user/roll": 1507, "user/pitch": 1385, "user/throttle": 1408, "user/yaw": 1417, "imu/vel_x": -2.63, "imu/vel_y": -0.89, "imu/vel_z": -0.35, "gps/latitude": 51.4507233, "gps/longtitude": 5.4547524, "gps/speed": 2.7967238426208496, "gps/target_distance": 28.771459666572706, "gps/path_distance": 1.4597168430868237, "gps/altitude": 3.285, "cam/image_name": "1484_cam-image.jpg", "framecount/count": 1484, "user/mode": "user"}