{"user/roll": 1508, "user/pitch": 1373, "user/throttle": 1438, "user/yaw": 1500, "imu/vel_x": -1.46, "imu/vel_y": -0.69, "imu/vel_z": -0.53, "gps/latitude": 51.4507548, "gps/longtitude": 5.4547717, "gps/speed": 1.6214370727539062, "gps/target_distance": 32.69100994295565, "gps/path_distance": 9.025958815728984, "gps/altitude": 2.315, "cam/image_name": "1455_cam-image.jpg", "framecount/count": 1455, "user/mode": "user"}