{"user/roll": 1507, "user/pitch": 1328, "user/throttle": 1389, "user/yaw": 1500, "imu/vel_x": -1.92, "imu/vel_y": -2.5, "imu/vel_z": -0.39, "gps/latitude": 51.4506165, "gps/longtitude": 5.4548471, "gps/speed": 3.162060260772705, "gps/target_distance": 23.660566100337416, "gps/path_distance": 30.37115925489971, "gps/altitude": 5.47, "cam/image_name": "1211_cam-image.jpg", "framecount/count": 1211, "user/mode": "user"}