{"user/roll": 1508, "user/pitch": 1499, "user/throttle": 1359, "user/yaw": 1500, "imu/vel_x": -1.19, "imu/vel_y": 0.0, "imu/vel_z": 0.53, "gps/latitude": 51.4504989, "gps/longtitude": 5.4547211, "gps/speed": 1.1949940919876099, "gps/target_distance": 4.530259687403432, "gps/path_distance": 25.198409004132714, "gps/altitude": 3.461, "cam/image_name": "425_cam-image.jpg", "framecount/count": 425, "user/mode": "user"}