{"user/roll": 1410, "user/pitch": 1347, "user/throttle": 1343, "user/yaw": 1500, "imu/vel_x": -2.32, "imu/vel_y": 0.59, "imu/vel_z": -0.17, "gps/latitude": 51.4507382, "gps/longtitude": 5.4546863, "gps/speed": 2.415006399154663, "gps/target_distance": 29.619405628758827, "gps/path_distance": 27.699981125039812, "gps/altitude": 3.03, "cam/image_name": "11_cam-image.jpg", "framecount/count": 11, "user/mode": "user"}