{"user/roll": 1450, "user/pitch": 1301, "user/throttle": 1335, "user/yaw": 1498, "imu/vel_x": -4.48, "imu/vel_y": -0.62, "imu/vel_z": 0.31, "gps/latitude": 51.4506561, "gps/longtitude": 5.4546865, "gps/speed": 4.541968822479248, "gps/target_distance": 20.530711569452947, "gps/path_distance": 16.971464144234346, "gps/altitude": 2.279, "cam/image_name": "192_cam-image.jpg", "framecount/count": 192, "user/mode": "user"}