{"user/roll": 1529, "user/pitch": 1327, "user/throttle": 1488, "user/yaw": 1501, "imu/vel_x": 0.52, "imu/vel_y": -2.26, "imu/vel_z": 0.6, "gps/latitude": 51.4502468, "gps/longtitude": 5.4550033, "gps/speed": 2.3408069610595703, "gps/target_distance": 42.630608421785304, "gps/path_distance": 10.057398553418238, "gps/altitude": 3.509, "cam/image_name": "2615_cam-image.jpg", "framecount/count": 2615, "user/mode": "user"}