{"user/roll": 1455, "user/pitch": 1500, "user/throttle": 1527, "user/yaw": 1499, "imu/vel_x": -0.28, "imu/vel_y": -0.97, "imu/vel_z": 0.0, "gps/latitude": 51.4506777, "gps/longtitude": 5.4549922, "gps/speed": 1.018761157989502, "gps/target_distance": 40.539505614852175, "gps/path_distance": 10.843113406460589, "gps/altitude": 3.643, "cam/image_name": "749_cam-image.jpg", "framecount/count": 749, "user/mode": "user"}