{"user/roll": 1504, "user/pitch": 1643, "user/throttle": 1389, "user/yaw": 1499, "imu/vel_x": -3.16, "imu/vel_y": -1.23, "imu/vel_z": 0.3, "gps/latitude": 51.4505266, "gps/longtitude": 5.454738, "gps/speed": 3.397000312805176, "gps/target_distance": 8.05876419179638, "gps/path_distance": 26.401383087237946, "gps/altitude": 3.052, "cam/image_name": "659_cam-image.jpg", "framecount/count": 659, "user/mode": "user"}