{"user/roll": 1508, "user/pitch": 1499, "user/throttle": 1465, "user/yaw": 1500, "imu/vel_x": -0.95, "imu/vel_y": -0.03, "imu/vel_z": 0.07, "gps/latitude": 51.4504944, "gps/longtitude": 5.4547187, "gps/speed": 0.9622176289558411, "gps/target_distance": 3.9976790787320517, "gps/path_distance": 27.587756622786713, "gps/altitude": 3.272, "cam/image_name": "435_cam-image.jpg", "framecount/count": 435, "user/mode": "user"}