{"user/roll": 1444, "user/pitch": 1370, "user/throttle": 1337, "user/yaw": 1499, "imu/vel_x": -3.44, "imu/vel_y": -0.54, "imu/vel_z": -0.25, "gps/latitude": 51.4506615, "gps/longtitude": 5.4547306, "gps/speed": 3.4983294010162354, "gps/target_distance": 21.56311449870178, "gps/path_distance": 3.2716828547804653, "gps/altitude": 2.93, "cam/image_name": "333_cam-image.jpg", "framecount/count": 333, "user/mode": "user"}