{"user/roll": 1500, "user/pitch": 1500, "user/throttle": 1375, "user/yaw": 1498, "imu/vel_x": -0.83, "imu/vel_y": -1.03, "imu/vel_z": 0.44, "gps/latitude": 51.4506798, "gps/longtitude": 5.4549993, "gps/speed": 1.3156980276107788, "gps/target_distance": 41.32319144170187, "gps/path_distance": 7.465323263531445, "gps/altitude": 3.745, "cam/image_name": "740_cam-image.jpg", "framecount/count": 740, "user/mode": "user"}