{"user/roll": 1508, "user/pitch": 1381, "user/throttle": 1415, "user/yaw": 1500, "imu/vel_x": -1.76, "imu/vel_y": -0.82, "imu/vel_z": -0.44, "gps/latitude": 51.4507473, "gps/longtitude": 5.4547666, "gps/speed": 1.9685754776000977, "gps/target_distance": 31.738939570206938, "gps/path_distance": 2.4000430951198837, "gps/altitude": 2.639, "cam/image_name": "1465_cam-image.jpg", "framecount/count": 1465, "user/mode": "user"}