{"user/roll": 1343, "user/pitch": 1403, "user/throttle": 1369, "user/yaw": 1499, "imu/vel_x": -2.13, "imu/vel_y": -0.15, "imu/vel_z": 0.14, "gps/latitude": 51.450587, "gps/longtitude": 5.4549472, "gps/speed": 2.142390727996826, "gps/target_distance": 31.214227953574593, "gps/path_distance": 6.883795180447407, "gps/altitude": 6.223, "cam/image_name": "866_cam-image.jpg", "framecount/count": 866, "user/mode": "user"}