{"user/roll": 1507, "user/pitch": 1499, "user/throttle": 1364, "user/yaw": 1500, "imu/vel_x": 0.54, "imu/vel_y": -0.41, "imu/vel_z": -0.44, "gps/latitude": 51.450415, "gps/longtitude": 5.4547508, "gps/speed": 0.7119419574737549, "gps/target_distance": 9.030449450657041, "gps/path_distance": 5.480119031758932, "gps/altitude": 3.814, "cam/image_name": "2774_cam-image.jpg", "framecount/count": 2774, "user/mode": "user"}