{"user/roll": 1507, "user/pitch": 1364, "user/throttle": 1501, "user/yaw": 1329, "imu/vel_x": -0.23, "imu/vel_y": -0.37, "imu/vel_z": 0.01, "gps/latitude": 51.4507638, "gps/longtitude": 5.4547798, "gps/speed": 0.44969120621681213, "gps/target_distance": 33.90070843233843, "gps/path_distance": 35.3701510189635, "gps/altitude": 2.005, "cam/image_name": "1438_cam-image.jpg", "framecount/count": 1438, "user/mode": "user"}