{"user/roll": 1505, "user/pitch": 1498, "user/throttle": 1478, "user/yaw": 1431, "imu/vel_x": -0.5, "imu/vel_y": -0.42, "imu/vel_z": 0.19, "gps/latitude": 51.4506319, "gps/longtitude": 5.4549588, "gps/speed": 0.666929304599762, "gps/target_distance": 34.67101031148354, "gps/path_distance": 10.055477306772502, "gps/altitude": 4.186, "cam/image_name": "1674_cam-image.jpg", "framecount/count": 1674, "user/mode": "user"}