{"user/roll": 1415, "user/pitch": 1425, "user/throttle": 1469, "user/yaw": 1501, "imu/vel_x": -0.73, "imu/vel_y": -1.64, "imu/vel_z": -0.86, "gps/latitude": 51.4506411, "gps/longtitude": 5.4548234, "gps/speed": 1.8069661855697632, "gps/target_distance": 23.89317841507681, "gps/path_distance": 2.248625826176749, "gps/altitude": 3.801, "cam/image_name": "591_cam-image.jpg", "framecount/count": 591, "user/mode": "user"}