{"user/roll": 1476, "user/pitch": 1453, "user/throttle": 1430, "user/yaw": 1499, "imu/vel_x": -0.39, "imu/vel_y": -0.29, "imu/vel_z": 0.26, "gps/latitude": 51.4506345, "gps/longtitude": 5.4549617, "gps/speed": 0.5014802813529968, "gps/target_distance": 35.09583361986794, "gps/path_distance": 20.204742704467265, "gps/altitude": 4.334, "cam/image_name": "1662_cam-image.jpg", "framecount/count": 1662, "user/mode": "user"}