{"user/roll": 1509, "user/pitch": 1368, "user/throttle": 1405, "user/yaw": 1501, "imu/vel_x": -0.62, "imu/vel_y": -0.56, "imu/vel_z": 0.51, "gps/latitude": 51.4505721, "gps/longtitude": 5.454701, "gps/speed": 0.878760814666748, "gps/target_distance": 11.27123862302652, "gps/path_distance": 15.32791190892192, "gps/altitude": 5.751, "cam/image_name": "1287_cam-image.jpg", "framecount/count": 1287, "user/mode": "user"}