{"user/roll": 1506, "user/pitch": 1367, "user/throttle": 1407, "user/yaw": 1500, "imu/vel_x": -3.87, "imu/vel_y": 0.1, "imu/vel_z": -0.68, "gps/latitude": 51.4505923, "gps/longtitude": 5.4547309, "gps/speed": 3.871621608734131, "gps/target_distance": 14.152766038312407, "gps/path_distance": 2.408167873735266, "gps/altitude": 3.041, "cam/image_name": "367_cam-image.jpg", "framecount/count": 367, "user/mode": "user"}