{"user/roll": 1583, "user/pitch": 1313, "user/throttle": 1420, "user/yaw": 1501, "imu/vel_x": -2.34, "imu/vel_y": -1.62, "imu/vel_z": -0.22, "gps/latitude": 51.4505334, "gps/longtitude": 5.4549211, "gps/speed": 2.5915908813476562, "gps/target_distance": 26.459090728129066, "gps/path_distance": 14.34990193812655, "gps/altitude": 4.43, "cam/image_name": "1784_cam-image.jpg", "framecount/count": 1784, "user/mode": "user"}