{"user/roll": 1344, "user/pitch": 1427, "user/throttle": 1410, "user/yaw": 1501, "imu/vel_x": -1.28, "imu/vel_y": -1.35, "imu/vel_z": 0.09, "gps/latitude": 51.450614, "gps/longtitude": 5.4549255, "gps/speed": 1.8481582403182983, "gps/target_distance": 30.47590686539984, "gps/path_distance": 9.505516595858523, "gps/altitude": 4.464, "cam/image_name": "1711_cam-image.jpg", "framecount/count": 1711, "user/mode": "user"}