{"user/roll": 1507, "user/pitch": 1367, "user/throttle": 1531, "user/yaw": 1500, "imu/vel_x": 3.33, "imu/vel_y": -1.2, "imu/vel_z": -0.37, "gps/latitude": 51.4503123, "gps/longtitude": 5.4547637, "gps/speed": 3.439527750015259, "gps/target_distance": 19.293246749035855, "gps/path_distance": 10.156339926496457, "gps/altitude": 2.436, "cam/image_name": "2877_cam-image.jpg", "framecount/count": 2877, "user/mode": "user"}