{"user/roll": 1526, "user/pitch": 1276, "user/throttle": 1499, "user/yaw": 1532, "imu/vel_x": 1.21, "imu/vel_y": -2.96, "imu/vel_z": 0.4, "gps/latitude": 51.4502505, "gps/longtitude": 5.4549851, "gps/speed": 3.212059497833252, "gps/target_distance": 40.75437420930346, "gps/path_distance": 10.286736722495448, "gps/altitude": 3.285, "cam/image_name": "2627_cam-image.jpg", "framecount/count": 2627, "user/mode": "user"}