{"user/roll": 1507, "user/pitch": 1507, "user/throttle": 1373, "user/yaw": 1499, "imu/vel_x": -3.26, "imu/vel_y": -0.47, "imu/vel_z": 0.19, "gps/latitude": 51.4505538, "gps/longtitude": 5.4547371, "gps/speed": 3.3167030811309814, "gps/target_distance": 10.49948406040894, "gps/path_distance": 19.87300078183077, "gps/altitude": 4.795, "cam/image_name": "1606_cam-image.jpg", "framecount/count": 1606, "user/mode": "user"}