{"user/roll": 1432, "user/pitch": 1500, "user/throttle": 1375, "user/yaw": 1273, "imu/vel_x": -1.17, "imu/vel_y": -2.6, "imu/vel_z": -0.16, "gps/latitude": 51.4505835, "gps/longtitude": 5.454739, "gps/speed": 3.2073848247528076, "gps/target_distance": 13.554410250606551, "gps/path_distance": 41.302246202761296, "gps/altitude": 5.89, "cam/image_name": "1248_cam-image.jpg", "framecount/count": 1248, "user/mode": "user"}