{"user/roll": 1354, "user/pitch": 1419, "user/throttle": 1392, "user/yaw": 1500, "imu/vel_x": -1.48, "imu/vel_y": -0.53, "imu/vel_z": 0.36, "gps/latitude": 51.4507103, "gps/longtitude": 5.4549035, "gps/speed": 1.5676498413085938, "gps/target_distance": 35.487562665497485, "gps/path_distance": 14.127301481739067, "gps/altitude": 2.515, "cam/image_name": "467_cam-image.jpg", "framecount/count": 467, "user/mode": "user"}