{"user/roll": 1508, "user/pitch": 1356, "user/throttle": 1470, "user/yaw": 1501, "imu/vel_x": -1.74, "imu/vel_y": -0.2, "imu/vel_z": 0.08, "gps/latitude": 51.4505643, "gps/longtitude": 5.454699, "gps/speed": 1.7762714624404907, "gps/target_distance": 10.391538352513649, "gps/path_distance": 12.843745501647561, "gps/altitude": 5.418, "cam/image_name": "1302_cam-image.jpg", "framecount/count": 1302, "user/mode": "user"}