{"user/roll": 1701, "user/pitch": 1488, "user/throttle": 1470, "user/yaw": 1498, "imu/vel_x": 0.22, "imu/vel_y": -2.81, "imu/vel_z": -0.8, "gps/latitude": 51.4504543, "gps/longtitude": 5.4550706, "gps/speed": 2.8499410152435303, "gps/target_distance": 42.20173906704253, "gps/path_distance": 1.01627284679563, "gps/altitude": 2.885, "cam/image_name": "1968_cam-image.jpg", "framecount/count": 1968, "user/mode": "user"}