{"user/roll": 1244, "user/pitch": 1476, "user/throttle": 1343, "user/yaw": 1498, "imu/vel_x": -1.05, "imu/vel_y": -0.89, "imu/vel_z": -0.02, "gps/latitude": 51.4506328, "gps/longtitude": 5.4549421, "gps/speed": 1.3780587911605835, "gps/target_distance": 33.146008912681744, "gps/path_distance": 7.063105941071399, "gps/altitude": 6.176, "cam/image_name": "823_cam-image.jpg", "framecount/count": 823, "user/mode": "user"}