{"user/roll": 1455, "user/pitch": 1497, "user/throttle": 1409, "user/yaw": 1498, "imu/vel_x": -1.55, "imu/vel_y": -0.2, "imu/vel_z": 0.23, "gps/latitude": 51.4507036, "gps/longtitude": 5.4549012, "gps/speed": 1.5636184215545654, "gps/target_distance": 34.76442269844735, "gps/path_distance": 13.70240431271992, "gps/altitude": 2.433, "cam/image_name": "476_cam-image.jpg", "framecount/count": 476, "user/mode": "user"}