{"user/roll": 1507, "user/pitch": 1403, "user/throttle": 1462, "user/yaw": 1500, "imu/vel_x": -1.6, "imu/vel_y": -1.75, "imu/vel_z": -0.54, "gps/latitude": 51.4506286, "gps/longtitude": 5.4548696, "gps/speed": 2.364006519317627, "gps/target_distance": 26.414572483476235, "gps/path_distance": 26.89396166705083, "gps/altitude": 4.983, "cam/image_name": "1196_cam-image.jpg", "framecount/count": 1196, "user/mode": "user"}