{"user/roll": 1507, "user/pitch": 1467, "user/throttle": 1395, "user/yaw": 1502, "imu/vel_x": 1.1, "imu/vel_y": -1.2, "imu/vel_z": -0.06, "gps/latitude": 51.4504737, "gps/longtitude": 5.4550135, "gps/speed": 1.6292393207550049, "gps/target_distance": 35.812677396779605, "gps/path_distance": 9.157888659904302, "gps/altitude": 4.208, "cam/image_name": "2339_cam-image.jpg", "framecount/count": 2339, "user/mode": "user"}