{"user/roll": 1588, "user/pitch": 1355, "user/throttle": 1348, "user/yaw": 1500, "imu/vel_x": -2.43, "imu/vel_y": 0.3, "imu/vel_z": -0.2, "gps/latitude": 51.4507327, "gps/longtitude": 5.4546887, "gps/speed": 2.4223952293395996, "gps/target_distance": 29.006393565238582, "gps/path_distance": 26.38756512963539, "gps/altitude": 3.075, "cam/image_name": "18_cam-image.jpg", "framecount/count": 18, "user/mode": "user"}