{"user/roll": 1343, "user/pitch": 1354, "user/throttle": 1378, "user/yaw": 1500, "imu/vel_x": -0.11, "imu/vel_y": -0.03, "imu/vel_z": 0.01, "gps/latitude": 51.4506947, "gps/longtitude": 5.4550137, "gps/speed": 0.13548989593982697, "gps/target_distance": 43.57670974028738, "gps/path_distance": 7.1245237167900655, "gps/altitude": 3.87, "cam/image_name": "713_cam-image.jpg", "framecount/count": 713, "user/mode": "user"}