{"user/roll": 1545, "user/pitch": 1498, "user/throttle": 1390, "user/yaw": 1500, "imu/vel_x": -1.82, "imu/vel_y": -2.39, "imu/vel_z": 0.37, "gps/latitude": 51.4505225, "gps/longtitude": 5.4548967, "gps/speed": 2.9932305812835693, "gps/target_distance": 23.52795860837446, "gps/path_distance": 11.036180502736642, "gps/altitude": 6.531, "cam/image_name": "920_cam-image.jpg", "framecount/count": 920, "user/mode": "user"}