{"user/roll": 1507, "user/pitch": 1276, "user/throttle": 1339, "user/yaw": 1500, "imu/vel_x": -6.66, "imu/vel_y": -0.54, "imu/vel_z": -0.04, "gps/latitude": 51.4505557, "gps/longtitude": 5.4546892, "gps/speed": 6.649517059326172, "gps/target_distance": 9.409751571533414, "gps/path_distance": 18.98485148316729, "gps/altitude": 2.775, "cam/image_name": "227_cam-image.jpg", "framecount/count": 227, "user/mode": "user"}