{"user/roll": 1790, "user/pitch": 1499, "user/throttle": 1430, "user/yaw": 1480, "imu/vel_x": 0.81, "imu/vel_y": -2.68, "imu/vel_z": -0.77, "gps/latitude": 51.4504552, "gps/longtitude": 5.4550612, "gps/speed": 2.803070068359375, "gps/target_distance": 41.15288778915429, "gps/path_distance": 0.8619143138338927, "gps/altitude": 3.109, "cam/image_name": "1973_cam-image.jpg", "framecount/count": 1973, "user/mode": "user"}