{"user/roll": 1590, "user/pitch": 1415, "user/throttle": 1396, "user/yaw": 1500, "imu/vel_x": -1.2, "imu/vel_y": -2.54, "imu/vel_z": 0.49, "gps/latitude": 51.450521, "gps/longtitude": 5.4548957, "gps/speed": 2.826861619949341, "gps/target_distance": 23.380012258816063, "gps/path_distance": 20.448271293068046, "gps/altitude": 4.27, "cam/image_name": "1800_cam-image.jpg", "framecount/count": 1800, "user/mode": "user"}