{"user/roll": 1520, "user/pitch": 1351, "user/throttle": 1417, "user/yaw": 1500, "imu/vel_x": 3.49, "imu/vel_y": 1.31, "imu/vel_z": 0.23, "gps/latitude": 51.4502812, "gps/longtitude": 5.454575, "gps/speed": 3.747818946838379, "gps/target_distance": 24.668722616134172, "gps/path_distance": 0.9649870808150922, "gps/altitude": 3.582, "cam/image_name": "2990_cam-image.jpg", "framecount/count": 2990, "user/mode": "user"}