{"user/roll": 1506, "user/pitch": 1532, "user/throttle": 1531, "user/yaw": 1500, "imu/vel_x": 0.61, "imu/vel_y": 0.5, "imu/vel_z": 0.0, "gps/latitude": 51.450694, "gps/longtitude": 5.4546953, "gps/speed": 0.8289665579795837, "gps/target_distance": 24.723098698123145, "gps/path_distance": 26.399183692046535, "gps/altitude": 2.542, "cam/image_name": "77_cam-image.jpg", "framecount/count": 77, "user/mode": "user"}