{"user/roll": 1470, "user/pitch": 1523, "user/throttle": 1403, "user/yaw": 1501, "imu/vel_x": -0.96, "imu/vel_y": -1.65, "imu/vel_z": 0.04, "gps/latitude": 51.4505766, "gps/longtitude": 5.4547175, "gps/speed": 1.860132098197937, "gps/target_distance": 12.070688215987026, "gps/path_distance": 15.688737300603748, "gps/altitude": 5.974, "cam/image_name": "1264_cam-image.jpg", "framecount/count": 1264, "user/mode": "user"}