{"user/roll": 1360, "user/pitch": 1414, "user/throttle": 1404, "user/yaw": 1498, "imu/vel_x": -0.88, "imu/vel_y": -2.07, "imu/vel_z": 0.21, "gps/latitude": 51.4504895, "gps/longtitude": 5.4548716, "gps/speed": 2.262058734893799, "gps/target_distance": 20.134990029852542, "gps/path_distance": 15.51391348757312, "gps/altitude": 4.399, "cam/image_name": "2412_cam-image.jpg", "framecount/count": 2412, "user/mode": "user"}