{"user/roll": 1508, "user/pitch": 1419, "user/throttle": 1332, "user/yaw": 1500, "imu/vel_x": -1.42, "imu/vel_y": -0.72, "imu/vel_z": -0.44, "gps/latitude": 51.4506577, "gps/longtitude": 5.4548863, "gps/speed": 1.5754579305648804, "gps/target_distance": 29.962866377384348, "gps/path_distance": 2.9922862677181286, "gps/altitude": 3.656, "cam/image_name": "545_cam-image.jpg", "framecount/count": 545, "user/mode": "user"}