{"user/roll": 1529, "user/pitch": 1362, "user/throttle": 1489, "user/yaw": 1547, "imu/vel_x": 3.33, "imu/vel_y": -1.2, "imu/vel_z": -0.37, "gps/latitude": 51.4503123, "gps/longtitude": 5.4547637, "gps/speed": 3.5505454540252686, "gps/target_distance": 19.293246749035855, "gps/path_distance": 9.156339926496457, "gps/altitude": 2.436, "cam/image_name": "2879_cam-image.jpg", "framecount/count": 2879, "user/mode": "user"}