{"user/roll": 1508, "user/pitch": 1410, "user/throttle": 1406, "user/yaw": 1571, "imu/vel_x": -2.7, "imu/vel_y": -0.47, "imu/vel_z": -0.42, "gps/latitude": 51.4507064, "gps/longtitude": 5.4547467, "gps/speed": 2.7314605712890625, "gps/target_distance": 26.804128364930015, "gps/path_distance": 27.298949856134413, "gps/altitude": 3.663, "cam/image_name": "1497_cam-image.jpg", "framecount/count": 1497, "user/mode": "user"}