{"user/roll": 1507, "user/pitch": 1491, "user/throttle": 1440, "user/yaw": 1500, "imu/vel_x": -0.78, "imu/vel_y": -3.19, "imu/vel_z": 0.06, "gps/latitude": 51.450255, "gps/longtitude": 5.4551232, "gps/speed": 3.2851505279541016, "gps/target_distance": 53.627902212699034, "gps/path_distance": 20.730853498118847, "gps/altitude": 3.297, "cam/image_name": "2554_cam-image.jpg", "framecount/count": 2554, "user/mode": "user"}