{"user/roll": 1475, "user/pitch": 1445, "user/throttle": 1500, "user/yaw": 1500, "imu/vel_x": 3.59, "imu/vel_y": -0.58, "imu/vel_z": -0.27, "gps/latitude": 51.4503608, "gps/longtitude": 5.4547436, "gps/speed": 3.6571505069732666, "gps/target_distance": 13.48119859503148, "gps/path_distance": 3.5611228774389474, "gps/altitude": 2.744, "cam/image_name": "2904_cam-image.jpg", "framecount/count": 2904, "user/mode": "user"}