{"user/roll": 1507, "user/pitch": 1373, "user/throttle": 1362, "user/yaw": 1500, "imu/vel_x": -2.9, "imu/vel_y": 0.06, "imu/vel_z": 0.23, "gps/latitude": 51.450523, "gps/longtitude": 5.4547011, "gps/speed": 2.907968521118164, "gps/target_distance": 5.882240130328705, "gps/path_distance": 18.502759735488468, "gps/altitude": 5.639, "cam/image_name": "1334_cam-image.jpg", "framecount/count": 1334, "user/mode": "user"}