{"user/roll": 1505, "user/pitch": 1439, "user/throttle": 1470, "user/yaw": 1433, "imu/vel_x": 0.02, "imu/vel_y": -0.02, "imu/vel_z": 0.28, "gps/latitude": 51.4506358, "gps/longtitude": 5.454963, "gps/speed": 0.04864241182804108, "gps/target_distance": 35.29403917834046, "gps/path_distance": 25.293724497914496, "gps/altitude": 4.446, "cam/image_name": "1655_cam-image.jpg", "framecount/count": 1655, "user/mode": "user"}