{"user/roll": 1339, "user/pitch": 1500, "user/throttle": 1472, "user/yaw": 1469, "imu/vel_x": 0.73, "imu/vel_y": 0.31, "imu/vel_z": 0.23, "gps/latitude": 51.4504284, "gps/longtitude": 5.4552841, "gps/speed": 0.8144267201423645, "gps/target_distance": 66.07658504373953, "gps/path_distance": 20.457388466794043, "gps/altitude": 3.295, "cam/image_name": "2118_cam-image.jpg", "framecount/count": 2118, "user/mode": "user"}