{"user/roll": 1503, "user/pitch": 1694, "user/throttle": 1498, "user/yaw": 1500, "imu/vel_x": 0.95, "imu/vel_y": -2.41, "imu/vel_z": -0.3, "gps/latitude": 51.4504731, "gps/longtitude": 5.4547395, "gps/speed": 2.581907272338867, "gps/target_distance": 5.340554385557352, "gps/path_distance": 10.50478703343191, "gps/altitude": 3.867, "cam/image_name": "2091_cam-image.jpg", "framecount/count": 2091, "user/mode": "user"}