{"user/roll": 1316, "user/pitch": 1406, "user/throttle": 1367, "user/yaw": 1500, "imu/vel_x": -1.37, "imu/vel_y": -2.22, "imu/vel_z": 0.12, "gps/latitude": 51.4506599, "gps/longtitude": 5.4549166, "gps/speed": 2.6731603145599365, "gps/target_distance": 32.63885395195558, "gps/path_distance": 20.44325633163058, "gps/altitude": 5.098, "cam/image_name": "1159_cam-image.jpg", "framecount/count": 1159, "user/mode": "user"}