{"user/roll": 1507, "user/pitch": 1321, "user/throttle": 1404, "user/yaw": 1500, "imu/vel_x": 0.43, "imu/vel_y": -2.2, "imu/vel_z": -0.12, "gps/latitude": 51.4504325, "gps/longtitude": 5.4551432, "gps/speed": 1.8648074865341187, "gps/target_distance": 50.4159119680104, "gps/path_distance": 2.260969168209499, "gps/altitude": 3.892, "cam/image_name": "2238_cam-image.jpg", "framecount/count": 2238, "user/mode": "user"}