{"user/roll": 1507, "user/pitch": 1437, "user/throttle": 1407, "user/yaw": 1472, "imu/vel_x": -2.44, "imu/vel_y": -0.01, "imu/vel_z": -0.22, "gps/latitude": 51.4506678, "gps/longtitude": 5.4547455, "gps/speed": 2.4542341232299805, "gps/target_distance": 22.628916451328486, "gps/path_distance": 3.6838999590999606, "gps/altitude": 4.261, "cam/image_name": "1528_cam-image.jpg", "framecount/count": 1528, "user/mode": "user"}