{"user/roll": 1508, "user/pitch": 1406, "user/throttle": 1543, "user/yaw": 1501, "imu/vel_x": 0.31, "imu/vel_y": -0.11, "imu/vel_z": 0.5, "gps/latitude": 51.4507636, "gps/longtitude": 5.4547826, "gps/speed": 0.34811487793922424, "gps/target_distance": 33.97106283144804, "gps/path_distance": 25.033653496355385, "gps/altitude": 1.978, "cam/image_name": "1426_cam-image.jpg", "framecount/count": 1426, "user/mode": "user"}