{"user/roll": 1468, "user/pitch": 1439, "user/throttle": 1347, "user/yaw": 1500, "imu/vel_x": -2.26, "imu/vel_y": 0.77, "imu/vel_z": -0.09, "gps/latitude": 51.4506106, "gps/longtitude": 5.4549456, "gps/speed": 2.3930063247680664, "gps/target_distance": 32.22325962678012, "gps/path_distance": 4.545815174093093, "gps/altitude": 6.17, "cam/image_name": "846_cam-image.jpg", "framecount/count": 846, "user/mode": "user"}