{"user/roll": 1506, "user/pitch": 1653, "user/throttle": 1378, "user/yaw": 1500, "imu/vel_x": -1.86, "imu/vel_y": -4.3, "imu/vel_z": 0.4, "gps/latitude": 51.4504928, "gps/longtitude": 5.4547828, "gps/speed": 4.682236671447754, "gps/target_distance": 10.439957310610938, "gps/path_distance": 6.192121973800738, "gps/altitude": 6.083, "cam/image_name": "975_cam-image.jpg", "framecount/count": 975, "user/mode": "user"}