{"user/roll": 1599, "user/pitch": 1364, "user/throttle": 1406, "user/yaw": 1501, "imu/vel_x": 2.87, "imu/vel_y": 1.04, "imu/vel_z": 0.05, "gps/latitude": 51.4503107, "gps/longtitude": 5.4545926, "gps/speed": 3.059568405151367, "gps/target_distance": 20.860990533335087, "gps/path_distance": 1.0695351008940293, "gps/altitude": 3.545, "cam/image_name": "3011_cam-image.jpg", "framecount/count": 3011, "user/mode": "user"}