{"user/roll": 1426, "user/pitch": 1308, "user/throttle": 1354, "user/yaw": 1500, "imu/vel_x": -0.89, "imu/vel_y": -1.44, "imu/vel_z": -0.92, "gps/latitude": 51.4506397, "gps/longtitude": 5.4548185, "gps/speed": 1.6968982219696045, "gps/target_distance": 23.43864389681209, "gps/path_distance": 5.9065318553188035, "gps/altitude": 4.081, "cam/image_name": "593_cam-image.jpg", "framecount/count": 593, "user/mode": "user"}