{"user/roll": 1507, "user/pitch": 1310, "user/throttle": 1408, "user/yaw": 1500, "imu/vel_x": 0.16, "imu/vel_y": -1.84, "imu/vel_z": -0.08, "gps/latitude": 51.4504279, "gps/longtitude": 5.4552702, "gps/speed": 1.8513396978378296, "gps/target_distance": 64.53852841898563, "gps/path_distance": 7.223301246109031, "gps/altitude": 3.43, "cam/image_name": "2144_cam-image.jpg", "framecount/count": 2144, "user/mode": "user"}