{"user/roll": 1418, "user/pitch": 1481, "user/throttle": 1391, "user/yaw": 1443, "imu/vel_x": -1.05, "imu/vel_y": 0.08, "imu/vel_z": -0.46, "gps/latitude": 51.4506934, "gps/longtitude": 5.4549007, "gps/speed": 1.0766713619232178, "gps/target_distance": 33.89707842829191, "gps/path_distance": 13.654223328673993, "gps/altitude": 2.822, "cam/image_name": "492_cam-image.jpg", "framecount/count": 492, "user/mode": "user"}