{"user/roll": 1507, "user/pitch": 1499, "user/throttle": 1377, "user/yaw": 1499, "imu/vel_x": -0.52, "imu/vel_y": -1.12, "imu/vel_z": 0.15, "gps/latitude": 51.4504763, "gps/longtitude": 5.4547507, "gps/speed": 1.2304284572601318, "gps/target_distance": 6.608618105204042, "gps/path_distance": 28.439310378421737, "gps/altitude": 4.336, "cam/image_name": "1864_cam-image.jpg", "framecount/count": 1864, "user/mode": "user"}