{"user/roll": 1507, "user/pitch": 1279, "user/throttle": 1545, "user/yaw": 1500, "imu/vel_x": 2.91, "imu/vel_y": -0.41, "imu/vel_z": 0.48, "gps/latitude": 51.4502245, "gps/longtitude": 5.4548075, "gps/speed": 2.945418357849121, "gps/target_distance": 30.16303305477619, "gps/path_distance": 5.3545304837622325, "gps/altitude": 2.124, "cam/image_name": "2827_cam-image.jpg", "framecount/count": 2827, "user/mode": "user"}