{"user/roll": 1508, "user/pitch": 1271, "user/throttle": 1531, "user/yaw": 1500, "imu/vel_x": 2.49, "imu/vel_y": -0.14, "imu/vel_z": 0.51, "gps/latitude": 51.450218, "gps/longtitude": 5.4548087, "gps/speed": 2.5098352432250977, "gps/target_distance": 30.871277152260117, "gps/path_distance": 10.112200526467177, "gps/altitude": 2.243, "cam/image_name": "2821_cam-image.jpg", "framecount/count": 2821, "user/mode": "user"}