{"user/roll": 1518, "user/pitch": 1498, "user/throttle": 1382, "user/yaw": 1501, "imu/vel_x": -0.15, "imu/vel_y": -0.92, "imu/vel_z": 0.24, "gps/latitude": 51.450573, "gps/longtitude": 5.4547053, "gps/speed": 0.938512921333313, "gps/target_distance": 11.424637112846701, "gps/path_distance": 26.79271189560049, "gps/altitude": 5.937, "cam/image_name": "1280_cam-image.jpg", "framecount/count": 1280, "user/mode": "user"}