{"user/roll": 1503, "user/pitch": 1499, "user/throttle": 1416, "user/yaw": 1487, "imu/vel_x": 3.51, "imu/vel_y": 1.76, "imu/vel_z": -0.06, "gps/latitude": 51.4504024, "gps/longtitude": 5.4546575, "gps/speed": 3.9255588054656982, "gps/target_distance": 8.462617933273807, "gps/path_distance": 0.24397389007458514, "gps/altitude": 4.025, "cam/image_name": "3066_cam-image.jpg", "framecount/count": 3066, "user/mode": "user"}