{"user/roll": 1507, "user/pitch": 1456, "user/throttle": 1447, "user/yaw": 1491, "imu/vel_x": 0.0, "imu/vel_y": -2.24, "imu/vel_z": -0.28, "gps/latitude": 51.4506671, "gps/longtitude": 5.4550356, "gps/speed": 2.2609782218933105, "gps/target_distance": 44.01382478611914, "gps/path_distance": 9.481949245485453, "gps/altitude": 2.456, "cam/image_name": "1100_cam-image.jpg", "framecount/count": 1100, "user/mode": "user"}