{"user/roll": 1542, "user/pitch": 1400, "user/throttle": 1414, "user/yaw": 1501, "imu/vel_x": 3.36, "imu/vel_y": 1.85, "imu/vel_z": -0.16, "gps/latitude": 51.4503867, "gps/longtitude": 5.4546448, "gps/speed": 3.8396666049957275, "gps/target_distance": 10.660423056164705, "gps/path_distance": 0.11518181814830086, "gps/altitude": 3.946, "cam/image_name": "3057_cam-image.jpg", "framecount/count": 3057, "user/mode": "user"}