{"user/roll": 1505, "user/pitch": 1466, "user/throttle": 1484, "user/yaw": 1424, "imu/vel_x": 0.0, "imu/vel_y": -1.21, "imu/vel_z": -0.44, "gps/latitude": 51.4504515, "gps/longtitude": 5.455162, "gps/speed": 1.2101253271102905, "gps/target_distance": 52.37221232601804, "gps/path_distance": 11.243182650930919, "gps/altitude": 1.798, "cam/image_name": "1919_cam-image.jpg", "framecount/count": 1919, "user/mode": "user"}