{"user/roll": 1507, "user/pitch": 1315, "user/throttle": 1319, "user/yaw": 1500, "imu/vel_x": -7.13, "imu/vel_y": -0.83, "imu/vel_z": 0.15, "gps/latitude": 51.4505245, "gps/longtitude": 5.454685, "gps/speed": 7.153731346130371, "gps/target_distance": 5.995822353141017, "gps/path_distance": 20.338458347122923, "gps/altitude": 2.751, "cam/image_name": "237_cam-image.jpg", "framecount/count": 237, "user/mode": "user"}