{"user/roll": 1506, "user/pitch": 1372, "user/throttle": 1416, "user/yaw": 1499, "imu/vel_x": -3.85, "imu/vel_y": -1.75, "imu/vel_z": 0.53, "gps/latitude": 51.4505892, "gps/longtitude": 5.4547727, "gps/speed": 4.237252235412598, "gps/target_distance": 15.921776872837045, "gps/path_distance": 1.8782764807984336, "gps/altitude": 3.815, "cam/image_name": "627_cam-image.jpg", "framecount/count": 627, "user/mode": "user"}