{"user/roll": 1507, "user/pitch": 1366, "user/throttle": 1376, "user/yaw": 1576, "imu/vel_x": -2.96, "imu/vel_y": -0.01, "imu/vel_z": -0.03, "gps/latitude": 51.4505688, "gps/longtitude": 5.4549474, "gps/speed": 2.949983596801758, "gps/target_distance": 30.45940981998406, "gps/path_distance": 10.411336790966402, "gps/altitude": 6.183, "cam/image_name": "882_cam-image.jpg", "framecount/count": 882, "user/mode": "user"}