{"user/roll": 1507, "user/pitch": 1422, "user/throttle": 1379, "user/yaw": 1613, "imu/vel_x": -2.93, "imu/vel_y": -0.29, "imu/vel_z": -0.14, "gps/latitude": 51.450562, "gps/longtitude": 5.454947, "gps/speed": 2.9607346057891846, "gps/target_distance": 30.157310817662914, "gps/path_distance": 10.179517427139018, "gps/altitude": 6.228, "cam/image_name": "883_cam-image.jpg", "framecount/count": 883, "user/mode": "user"}