{"user/roll": 1484, "user/pitch": 1437, "user/throttle": 1424, "user/yaw": 1499, "imu/vel_x": -1.26, "imu/vel_y": -1.52, "imu/vel_z": -0.04, "gps/latitude": 51.4506193, "gps/longtitude": 5.4549359, "gps/speed": 1.9807435274124146, "gps/target_distance": 31.769265513844992, "gps/path_distance": 10.710666934385074, "gps/altitude": 4.488, "cam/image_name": "1704_cam-image.jpg", "framecount/count": 1704, "user/mode": "user"}