{"user/roll": 1468, "user/pitch": 1363, "user/throttle": 1501, "user/yaw": 1501, "imu/vel_x": 0.42, "imu/vel_y": -0.08, "imu/vel_z": 1.01, "gps/latitude": 51.4504488, "gps/longtitude": 5.455179, "gps/speed": 0.4278179705142975, "gps/target_distance": 54.274173310559284, "gps/path_distance": 5.133080858173798, "gps/altitude": 2.092, "cam/image_name": "1893_cam-image.jpg", "framecount/count": 1893, "user/mode": "user"}