{"user/roll": 1507, "user/pitch": 1276, "user/throttle": 1319, "user/yaw": 1500, "imu/vel_x": -6.89, "imu/vel_y": -0.72, "imu/vel_z": 0.07, "gps/latitude": 51.4505405, "gps/longtitude": 5.4546873, "gps/speed": 6.938214302062988, "gps/target_distance": 7.737512277014442, "gps/path_distance": 20.1711989788447, "gps/altitude": 2.769, "cam/image_name": "232_cam-image.jpg", "framecount/count": 232, "user/mode": "user"}