{"user/roll": 1420, "user/pitch": 1499, "user/throttle": 1419, "user/yaw": 1532, "imu/vel_x": 0.48, "imu/vel_y": 0.41, "imu/vel_z": -0.02, "gps/latitude": 51.4502745, "gps/longtitude": 5.4551986, "gps/speed": 0.6561831831932068, "gps/target_distance": 60.44117489901822, "gps/path_distance": 21.842868356844292, "gps/altitude": 3.35, "cam/image_name": "2494_cam-image.jpg", "framecount/count": 2494, "user/mode": "user"}