{"user/roll": 1507, "user/pitch": 1352, "user/throttle": 1386, "user/yaw": 1511, "imu/vel_x": -2.57, "imu/vel_y": 0.25, "imu/vel_z": -0.05, "gps/latitude": 51.450649, "gps/longtitude": 5.4547482, "gps/speed": 2.5988047122955322, "gps/target_distance": 20.718564818857846, "gps/path_distance": 17.204195506538838, "gps/altitude": 4.524, "cam/image_name": "1546_cam-image.jpg", "framecount/count": 1546, "user/mode": "user"}