{"user/roll": 1508, "user/pitch": 1315, "user/throttle": 1438, "user/yaw": 1500, "imu/vel_x": -1.22, "imu/vel_y": -2.38, "imu/vel_z": 0.44, "gps/latitude": 51.450476, "gps/longtitude": 5.4548368, "gps/speed": 2.6889452934265137, "gps/target_distance": 16.167329194113027, "gps/path_distance": 20.681076720192323, "gps/altitude": 3.941, "cam/image_name": "2434_cam-image.jpg", "framecount/count": 2434, "user/mode": "user"}