{"user/roll": 1508, "user/pitch": 1368, "user/throttle": 1413, "user/yaw": 1500, "imu/vel_x": 0.32, "imu/vel_y": -2.17, "imu/vel_z": 0.48, "gps/latitude": 51.4502459, "gps/longtitude": 5.4550107, "gps/speed": 2.201946973800659, "gps/target_distance": 43.359926022329965, "gps/path_distance": 10.505099238893479, "gps/altitude": 3.64, "cam/image_name": "2611_cam-image.jpg", "framecount/count": 2611, "user/mode": "user"}