{"user/roll": 1507, "user/pitch": 1439, "user/throttle": 1541, "user/yaw": 1405, "imu/vel_x": 1.22, "imu/vel_y": -1.32, "imu/vel_z": 0.15, "gps/latitude": 51.4504553, "gps/longtitude": 5.4550549, "gps/speed": 1.7816179990768433, "gps/target_distance": 40.45229430989202, "gps/path_distance": 0.09652413641811108, "gps/altitude": 3.615, "cam/image_name": "2287_cam-image.jpg", "framecount/count": 2287, "user/mode": "user"}