{"user/roll": 1504, "user/pitch": 1406, "user/throttle": 1349, "user/yaw": 1501, "imu/vel_x": -2.08, "imu/vel_y": 0.2, "imu/vel_z": 0.0, "gps/latitude": 51.4506008, "gps/longtitude": 5.4549491, "gps/speed": 2.104264497756958, "gps/target_distance": 32.063435619787676, "gps/path_distance": 6.984198137692886, "gps/altitude": 6.232, "cam/image_name": "854_cam-image.jpg", "framecount/count": 854, "user/mode": "user"}