{"user/roll": 1501, "user/pitch": 1351, "user/throttle": 1441, "user/yaw": 1500, "imu/vel_x": 0.34, "imu/vel_y": 0.3, "imu/vel_z": 1.04, "gps/latitude": 51.4504483, "gps/longtitude": 5.4551789, "gps/speed": 0.4572197496891022, "gps/target_distance": 54.26556942558051, "gps/path_distance": 3.227749056001187, "gps/altitude": 2.373, "cam/image_name": "1885_cam-image.jpg", "framecount/count": 1885, "user/mode": "user"}