{"user/roll": 1507, "user/pitch": 1366, "user/throttle": 1379, "user/yaw": 1501, "imu/vel_x": -2.43, "imu/vel_y": -0.09, "imu/vel_z": -0.35, "gps/latitude": 51.4505511, "gps/longtitude": 5.4546989, "gps/speed": 2.426980495452881, "gps/target_distance": 8.934352104304352, "gps/path_distance": 12.265663942761194, "gps/altitude": 5.626, "cam/image_name": "1313_cam-image.jpg", "framecount/count": 1313, "user/mode": "user"}