{"user/roll": 1507, "user/pitch": 1436, "user/throttle": 1524, "user/yaw": 1501, "imu/vel_x": 2.02, "imu/vel_y": -1.65, "imu/vel_z": 0.1, "gps/latitude": 51.450336, "gps/longtitude": 5.4548587, "gps/speed": 2.6071019172668457, "gps/target_distance": 23.839267545062764, "gps/path_distance": 3.2937492225167375, "gps/altitude": 3.327, "cam/image_name": "2703_cam-image.jpg", "framecount/count": 2703, "user/mode": "user"}