{"user/roll": 1343, "user/pitch": 1432, "user/throttle": 1403, "user/yaw": 1500, "imu/vel_x": -0.53, "imu/vel_y": -2.46, "imu/vel_z": 0.13, "gps/latitude": 51.4504913, "gps/longtitude": 5.4548788, "gps/speed": 2.5115714073181152, "gps/target_distance": 20.95244579283586, "gps/path_distance": 15.013014397968732, "gps/altitude": 4.441, "cam/image_name": "2408_cam-image.jpg", "framecount/count": 2408, "user/mode": "user"}