{"user/roll": 1508, "user/pitch": 1455, "user/throttle": 1494, "user/yaw": 1501, "imu/vel_x": -0.83, "imu/vel_y": -2.07, "imu/vel_z": -0.11, "gps/latitude": 51.4502498, "gps/longtitude": 5.4550971, "gps/speed": 2.2439448833465576, "gps/target_distance": 51.31712710071785, "gps/path_distance": 16.160784515212697, "gps/altitude": 3.345, "cam/image_name": "2565_cam-image.jpg", "framecount/count": 2565, "user/mode": "user"}