{"user/roll": 1401, "user/pitch": 1427, "user/throttle": 1371, "user/yaw": 1499, "imu/vel_x": -1.73, "imu/vel_y": -1.9, "imu/vel_z": 0.38, "gps/latitude": 51.4506528, "gps/longtitude": 5.4549045, "gps/speed": 2.5637807846069336, "gps/target_distance": 31.10323355333625, "gps/path_distance": 22.908225902345208, "gps/altitude": 4.992, "cam/image_name": "1171_cam-image.jpg", "framecount/count": 1171, "user/mode": "user"}