{"user/roll": 1507, "user/pitch": 1649, "user/throttle": 1453, "user/yaw": 1500, "imu/vel_x": -0.69, "imu/vel_y": -1.0, "imu/vel_z": -0.02, "gps/latitude": 51.4504795, "gps/longtitude": 5.4547463, "gps/speed": 1.2171342372894287, "gps/target_distance": 6.167147990739657, "gps/path_distance": 6.3811856979012305, "gps/altitude": 5.816, "cam/image_name": "993_cam-image.jpg", "framecount/count": 993, "user/mode": "user"}