{"user/roll": 1450, "user/pitch": 1449, "user/throttle": 1414, "user/yaw": 1481, "imu/vel_x": 3.35, "imu/vel_y": -0.65, "imu/vel_z": -0.29, "gps/latitude": 51.4503683, "gps/longtitude": 5.4547414, "gps/speed": 3.4347610473632812, "gps/target_distance": 12.626879281843934, "gps/path_distance": 3.128975627989746, "gps/altitude": 2.835, "cam/image_name": "2913_cam-image.jpg", "framecount/count": 2913, "user/mode": "user"}