{"user/roll": 1455, "user/pitch": 1376, "user/throttle": 1515, "user/yaw": 1500, "imu/vel_x": 0.44, "imu/vel_y": -0.49, "imu/vel_z": 0.59, "gps/latitude": 51.4504507, "gps/longtitude": 5.4551767, "gps/speed": 0.5749045014381409, "gps/target_distance": 54.009545762225066, "gps/path_distance": 4.794276074223944, "gps/altitude": 1.715, "cam/image_name": "1898_cam-image.jpg", "framecount/count": 1898, "user/mode": "user"}