{"user/roll": 1367, "user/pitch": 1402, "user/throttle": 1472, "user/yaw": 1500, "imu/vel_x": 0.09, "imu/vel_y": -0.08, "imu/vel_z": 0.03, "gps/latitude": 51.4504297, "gps/longtitude": 5.4552856, "gps/speed": 0.13178913295269012, "gps/target_distance": 66.23297611793015, "gps/path_distance": 20.672438597508062, "gps/altitude": 3.231, "cam/image_name": "2127_cam-image.jpg", "framecount/count": 2127, "user/mode": "user"}