{"user/roll": 1507, "user/pitch": 1500, "user/throttle": 1408, "user/yaw": 1574, "imu/vel_x": 0.42, "imu/vel_y": -1.06, "imu/vel_z": 0.07, "gps/latitude": 51.4504694, "gps/longtitude": 5.4550284, "gps/speed": 1.1452975273132324, "gps/target_distance": 37.46881102351617, "gps/path_distance": 32.36869835285131, "gps/altitude": 4.213, "cam/image_name": "2322_cam-image.jpg", "framecount/count": 2322, "user/mode": "user"}