{"user/roll": 1507, "user/pitch": 1422, "user/throttle": 1505, "user/yaw": 1501, "imu/vel_x": 2.93, "imu/vel_y": -2.2, "imu/vel_z": 0.22, "gps/latitude": 51.450379, "gps/longtitude": 5.4547994, "gps/speed": 3.6654067039489746, "gps/target_distance": 15.720491666857642, "gps/path_distance": 1.7739339495493027, "gps/altitude": 2.892, "cam/image_name": "2739_cam-image.jpg", "framecount/count": 2739, "user/mode": "user"}