{"user/roll": 1507, "user/pitch": 1333, "user/throttle": 1497, "user/yaw": 1484, "imu/vel_x": 0.59, "imu/vel_y": -0.87, "imu/vel_z": 0.68, "gps/latitude": 51.4506664, "gps/longtitude": 5.4550795, "gps/speed": 1.092466115951538, "gps/target_distance": 48.28492484245635, "gps/path_distance": 34.98089948966813, "gps/altitude": 2.439, "cam/image_name": "1073_cam-image.jpg", "framecount/count": 1073, "user/mode": "user"}