{"user/roll": 1652, "user/pitch": 1445, "user/throttle": 1361, "user/yaw": 1501, "imu/vel_x": -1.73, "imu/vel_y": -2.32, "imu/vel_z": 0.28, "gps/latitude": 51.4505242, "gps/longtitude": 5.454905, "gps/speed": 2.924834966659546, "gps/target_distance": 24.469248285954396, "gps/path_distance": 19.109647602873537, "gps/altitude": 4.388, "cam/image_name": "1795_cam-image.jpg", "framecount/count": 1795, "user/mode": "user"}