{"user/roll": 1508, "user/pitch": 1500, "user/throttle": 1322, "user/yaw": 1501, "imu/vel_x": 0.32, "imu/vel_y": 0.45, "imu/vel_z": 0.37, "gps/latitude": 51.4504473, "gps/longtitude": 5.455176, "gps/speed": 0.5509576201438904, "gps/target_distance": 53.948559485335515, "gps/path_distance": 0.5583504433325857, "gps/altitude": 2.795, "cam/image_name": "1880_cam-image.jpg", "framecount/count": 1880, "user/mode": "user"}