{"user/roll": 1507, "user/pitch": 1499, "user/throttle": 1388, "user/yaw": 1461, "imu/vel_x": 0.8, "imu/vel_y": 0.4, "imu/vel_z": 0.05, "gps/latitude": 51.4504267, "gps/longtitude": 5.4552823, "gps/speed": 0.8288381099700928, "gps/target_distance": 65.89054423503444, "gps/path_distance": 20.17665200045832, "gps/altitude": 3.336, "cam/image_name": "2112_cam-image.jpg", "framecount/count": 2112, "user/mode": "user"}