{"user/roll": 1505, "user/pitch": 1419, "user/throttle": 1350, "user/yaw": 1501, "imu/vel_x": 0.32, "imu/vel_y": 0.49, "imu/vel_z": 0.78, "gps/latitude": 51.4504478, "gps/longtitude": 5.4551776, "gps/speed": 0.5879979133605957, "gps/target_distance": 54.12369398998633, "gps/path_distance": 0.3330628760863874, "gps/altitude": 2.634, "cam/image_name": "1884_cam-image.jpg", "framecount/count": 1884, "user/mode": "user"}