{"user/roll": 1506, "user/pitch": 1499, "user/throttle": 1311, "user/yaw": 1469, "imu/vel_x": 0.38, "imu/vel_y": -0.28, "imu/vel_z": 0.29, "gps/latitude": 51.4504642, "gps/longtitude": 5.4547813, "gps/speed": 0.46754565834999084, "gps/target_distance": 10.009932481110289, "gps/path_distance": 26.679314055163047, "gps/altitude": 3.834, "cam/image_name": "2472_cam-image.jpg", "framecount/count": 2472, "user/mode": "user"}