{"user/roll": 1507, "user/pitch": 1537, "user/throttle": 1323, "user/yaw": 1499, "imu/vel_x": -0.37, "imu/vel_y": 0.24, "imu/vel_z": 0.54, "gps/latitude": 51.4506943, "gps/longtitude": 5.4546945, "gps/speed": 0.46173879504203796, "gps/target_distance": 24.754969770714546, "gps/path_distance": 29.527757790321033, "gps/altitude": 2.979, "cam/image_name": "62_cam-image.jpg", "framecount/count": 62, "user/mode": "user"}