{"user/roll": 1561, "user/pitch": 1326, "user/throttle": 1475, "user/yaw": 1500, "imu/vel_x": 0.73, "imu/vel_y": -0.16, "imu/vel_z": -0.34, "gps/latitude": 51.4502561, "gps/longtitude": 5.4545626, "gps/speed": 0.7705391645431519, "gps/target_distance": 27.759554696868516, "gps/path_distance": 0.4761681555088444, "gps/altitude": 3.432, "cam/image_name": "2968_cam-image.jpg", "framecount/count": 2968, "user/mode": "user"}