{"user/roll": 1509, "user/pitch": 1368, "user/throttle": 1405, "user/yaw": 1501, "imu/vel_x": -1.0, "imu/vel_y": -0.42, "imu/vel_z": 0.54, "gps/latitude": 51.4505704, "gps/longtitude": 5.4546999, "gps/speed": 0.878760814666748, "gps/target_distance": 11.07289811353084, "gps/path_distance": 14.991625644380576, "gps/altitude": 5.612, "cam/image_name": "1289_cam-image.jpg", "framecount/count": 1289, "user/mode": "user"}