{"user/roll": 1554, "user/pitch": 1667, "user/throttle": 1525, "user/yaw": 1500, "imu/vel_x": -0.63, "imu/vel_y": -1.93, "imu/vel_z": -0.19, "gps/latitude": 51.4504633, "gps/longtitude": 5.4547884, "gps/speed": 2.035207986831665, "gps/target_distance": 10.804891450455496, "gps/path_distance": 29.03660622916084, "gps/altitude": 3.716, "cam/image_name": "2459_cam-image.jpg", "framecount/count": 2459, "user/mode": "user"}