{"user/roll": 1508, "user/pitch": 1349, "user/throttle": 1410, "user/yaw": 1486, "imu/vel_x": -2.12, "imu/vel_y": -0.92, "imu/vel_z": -0.38, "gps/latitude": 51.4507389, "gps/longtitude": 5.4547614, "gps/speed": 2.310241222381592, "gps/target_distance": 30.691053196808788, "gps/path_distance": 2.7784937612893827, "gps/altitude": 2.927, "cam/image_name": "1470_cam-image.jpg", "framecount/count": 1470, "user/mode": "user"}