{"user/roll": 1420, "user/pitch": 1378, "user/throttle": 1336, "user/yaw": 1499, "imu/vel_x": -3.61, "imu/vel_y": -0.38, "imu/vel_z": -0.08, "gps/latitude": 51.4506535, "gps/longtitude": 5.4547291, "gps/speed": 3.6450624465942383, "gps/target_distance": 20.661860379470912, "gps/path_distance": 1.2982178716327155, "gps/altitude": 2.991, "cam/image_name": "338_cam-image.jpg", "framecount/count": 338, "user/mode": "user"}