{"user/roll": 1555, "user/pitch": 1499, "user/throttle": 1397, "user/yaw": 1504, "imu/vel_x": -1.67, "imu/vel_y": -2.1, "imu/vel_z": 0.36, "gps/latitude": 51.4505184, "gps/longtitude": 5.4548884, "gps/speed": 2.6888020038604736, "gps/target_distance": 22.523016770059016, "gps/path_distance": 7.226488698162143, "gps/altitude": 6.437, "cam/image_name": "926_cam-image.jpg", "framecount/count": 926, "user/mode": "user"}