{"user/roll": 1572, "user/pitch": 1445, "user/throttle": 1460, "user/yaw": 1584, "imu/vel_x": 0.37, "imu/vel_y": -1.07, "imu/vel_z": 0.09, "gps/latitude": 51.45047, "gps/longtitude": 5.4550249, "gps/speed": 1.151059627532959, "gps/target_distance": 37.07930134935421, "gps/path_distance": 28.207091634480662, "gps/altitude": 4.183, "cam/image_name": "2326_cam-image.jpg", "framecount/count": 2326, "user/mode": "user"}