{"user/roll": 1507, "user/pitch": 1500, "user/throttle": 1467, "user/yaw": 1500, "imu/vel_x": -1.08, "imu/vel_y": -0.01, "imu/vel_z": 0.42, "gps/latitude": 51.4504966, "gps/longtitude": 5.45472, "gps/speed": 1.069251298904419, "gps/target_distance": 4.267438216349134, "gps/path_distance": 26.451826129565404, "gps/altitude": 3.334, "cam/image_name": "428_cam-image.jpg", "framecount/count": 428, "user/mode": "user"}