{"user/roll": 1464, "user/pitch": 1664, "user/throttle": 1394, "user/yaw": 1498, "imu/vel_x": -6.19, "imu/vel_y": -0.63, "imu/vel_z": -0.45, "gps/latitude": 51.4504931, "gps/longtitude": 5.4546809, "gps/speed": 6.203775882720947, "gps/target_distance": 2.743277659417393, "gps/path_distance": 31.529617481845662, "gps/altitude": 2.802, "cam/image_name": "245_cam-image.jpg", "framecount/count": 245, "user/mode": "user"}