{"user/roll": 1468, "user/pitch": 1499, "user/throttle": 1443, "user/yaw": 1487, "imu/vel_x": -0.53, "imu/vel_y": -1.0, "imu/vel_z": 0.32, "gps/latitude": 51.4506785, "gps/longtitude": 5.4549958, "gps/speed": 1.1377841234207153, "gps/target_distance": 40.9201844474501, "gps/path_distance": 9.61370089071167, "gps/altitude": 3.664, "cam/image_name": "745_cam-image.jpg", "framecount/count": 745, "user/mode": "user"}