{"user/roll": 1449, "user/pitch": 1475, "user/throttle": 1414, "user/yaw": 1500, "imu/vel_x": -0.74, "imu/vel_y": -1.26, "imu/vel_z": -0.09, "gps/latitude": 51.450434, "gps/longtitude": 5.4551755, "gps/speed": 1.4632447957992554, "gps/target_distance": 53.984005690761684, "gps/path_distance": 9.05242736714797, "gps/altitude": 3.52, "cam/image_name": "2213_cam-image.jpg", "framecount/count": 2213, "user/mode": "user"}