{"user/roll": 1441, "user/pitch": 1245, "user/throttle": 1373, "user/yaw": 1498, "imu/vel_x": -2.23, "imu/vel_y": -0.94, "imu/vel_z": -0.44, "gps/latitude": 51.4506983, "gps/longtitude": 5.4546897, "gps/speed": 2.4315669536590576, "gps/target_distance": 25.196524048410552, "gps/path_distance": 27.289243791094123, "gps/altitude": 2.133, "cam/image_name": "169_cam-image.jpg", "framecount/count": 169, "user/mode": "user"}