{"user/roll": 1502, "user/pitch": 1499, "user/throttle": 1320, "user/yaw": 1499, "imu/vel_x": -3.73, "imu/vel_y": -0.19, "imu/vel_z": 0.3, "gps/latitude": 51.4505378, "gps/longtitude": 5.4547241, "gps/speed": 3.7658767700195312, "gps/target_distance": 8.260237463130414, "gps/path_distance": 12.83567802788329, "gps/altitude": 3.227, "cam/image_name": "392_cam-image.jpg", "framecount/count": 392, "user/mode": "user"}