{"user/roll": 1451, "user/pitch": 1650, "user/throttle": 1402, "user/yaw": 1500, "imu/vel_x": -0.47, "imu/vel_y": -1.1, "imu/vel_z": 0.09, "gps/latitude": 51.4505734, "gps/longtitude": 5.4547085, "gps/speed": 1.2143206596374512, "gps/target_distance": 11.52142104444046, "gps/path_distance": 29.877603355616515, "gps/altitude": 5.974, "cam/image_name": "1271_cam-image.jpg", "framecount/count": 1271, "user/mode": "user"}