{"user/roll": 1543, "user/pitch": 1368, "user/throttle": 1462, "user/yaw": 1500, "imu/vel_x": -2.44, "imu/vel_y": 0.0, "imu/vel_z": -0.18, "gps/latitude": 51.4505484, "gps/longtitude": 5.4549311, "gps/speed": 2.440735340118408, "gps/target_distance": 27.99864533955338, "gps/path_distance": 11.519895508516157, "gps/altitude": 4.129, "cam/image_name": "1775_cam-image.jpg", "framecount/count": 1775, "user/mode": "user"}