{"user/roll": 1595, "user/pitch": 1415, "user/throttle": 1358, "user/yaw": 1500, "imu/vel_x": -1.35, "imu/vel_y": -0.77, "imu/vel_z": -0.22, "gps/latitude": 51.4506546, "gps/longtitude": 5.4548836, "gps/speed": 1.531418800354004, "gps/target_distance": 29.50862763451119, "gps/path_distance": 6.064565504819001, "gps/altitude": 3.724, "cam/image_name": "548_cam-image.jpg", "framecount/count": 548, "user/mode": "user"}