{"user/roll": 1508, "user/pitch": 1670, "user/throttle": 1400, "user/yaw": 1500, "imu/vel_x": -0.47, "imu/vel_y": -1.1, "imu/vel_z": 0.09, "gps/latitude": 51.4505734, "gps/longtitude": 5.4547085, "gps/speed": 1.2143206596374512, "gps/target_distance": 11.52142104444046, "gps/path_distance": 29.877603355616515, "gps/altitude": 5.974, "cam/image_name": "1273_cam-image.jpg", "framecount/count": 1273, "user/mode": "user"}