{"user/roll": 1466, "user/pitch": 1459, "user/throttle": 1366, "user/yaw": 1498, "imu/vel_x": -1.66, "imu/vel_y": -3.82, "imu/vel_z": 0.06, "gps/latitude": 51.4505947, "gps/longtitude": 5.454786, "gps/speed": 4.166179180145264, "gps/target_distance": 17.284248824455027, "gps/path_distance": 35.59661527337897, "gps/altitude": 5.681, "cam/image_name": "1233_cam-image.jpg", "framecount/count": 1233, "user/mode": "user"}