{"user/roll": 1531, "user/pitch": 1498, "user/throttle": 1396, "user/yaw": 1502, "imu/vel_x": 0.24, "imu/vel_y": -2.9, "imu/vel_z": 0.02, "gps/latitude": 51.450244, "gps/longtitude": 5.455037, "gps/speed": 2.922250747680664, "gps/target_distance": 45.900529363208555, "gps/path_distance": 17.48579271345625, "gps/altitude": 3.854, "cam/image_name": "2599_cam-image.jpg", "framecount/count": 2599, "user/mode": "user"}