{"user/roll": 1466, "user/pitch": 1499, "user/throttle": 1524, "user/yaw": 1499, "imu/vel_x": 1.02, "imu/vel_y": -2.03, "imu/vel_z": -0.3, "gps/latitude": 51.4504348, "gps/longtitude": 5.4552387, "gps/speed": 2.2796103954315186, "gps/target_distance": 60.990187796281695, "gps/path_distance": 15.981234315722872, "gps/altitude": 3.467, "cam/image_name": "2164_cam-image.jpg", "framecount/count": 2164, "user/mode": "user"}