{"user/roll": 1373, "user/pitch": 1496, "user/throttle": 1387, "user/yaw": 1512, "imu/vel_x": -2.17, "imu/vel_y": -0.16, "imu/vel_z": 0.07, "gps/latitude": 51.4505822, "gps/longtitude": 5.4549204, "gps/speed": 2.180788040161133, "gps/target_distance": 28.289171154601092, "gps/path_distance": 13.99468425349201, "gps/altitude": 4.34, "cam/image_name": "1743_cam-image.jpg", "framecount/count": 1743, "user/mode": "user"}