{"user/roll": 1408, "user/pitch": 1418, "user/throttle": 1489, "user/yaw": 1500, "imu/vel_x": 2.25, "imu/vel_y": -2.23, "imu/vel_z": 0.3, "gps/latitude": 51.4504801, "gps/longtitude": 5.4550204, "gps/speed": 3.1334025859832764, "gps/target_distance": 36.59332072296827, "gps/path_distance": 2.611951086105819, "gps/altitude": 3.438, "cam/image_name": "1995_cam-image.jpg", "framecount/count": 1995, "user/mode": "user"}