{"user/roll": 1506, "user/pitch": 1406, "user/throttle": 1444, "user/yaw": 1500, "imu/vel_x": -2.32, "imu/vel_y": 0.7, "imu/vel_z": 0.09, "gps/latitude": 51.4505585, "gps/longtitude": 5.454929, "gps/speed": 2.422206401824951, "gps/target_distance": 28.142705344626492, "gps/path_distance": 19.33300283243412, "gps/altitude": 4.076, "cam/image_name": "1763_cam-image.jpg", "framecount/count": 1763, "user/mode": "user"}