{"user/roll": 1508, "user/pitch": 1554, "user/throttle": 1390, "user/yaw": 1500, "imu/vel_x": -2.55, "imu/vel_y": -0.53, "imu/vel_z": 0.16, "gps/latitude": 51.4505412, "gps/longtitude": 5.4547334, "gps/speed": 2.59987473487854, "gps/target_distance": 9.084337786438946, "gps/path_distance": 22.31760623803578, "gps/altitude": 4.706, "cam/image_name": "1612_cam-image.jpg", "framecount/count": 1612, "user/mode": "user"}