{"user/roll": 1507, "user/pitch": 1363, "user/throttle": 1387, "user/yaw": 1501, "imu/vel_x": 2.11, "imu/vel_y": -1.79, "imu/vel_z": 0.04, "gps/latitude": 51.4503488, "gps/longtitude": 5.4548396, "gps/speed": 2.769467830657959, "gps/target_distance": 21.296460121686867, "gps/path_distance": 13.888901220016464, "gps/altitude": 3.363, "cam/image_name": "2717_cam-image.jpg", "framecount/count": 2717, "user/mode": "user"}