{"user/roll": 1505, "user/pitch": 1448, "user/throttle": 1599, "user/yaw": 1498, "imu/vel_x": 3.57, "imu/vel_y": -0.95, "imu/vel_z": -0.22, "gps/latitude": 51.4502539, "gps/longtitude": 5.4547954, "gps/speed": 3.693784713745117, "gps/target_distance": 26.645381503868617, "gps/path_distance": 9.381411161367168, "gps/altitude": 1.953, "cam/image_name": "2844_cam-image.jpg", "framecount/count": 2844, "user/mode": "user"}