{"user/roll": 1393, "user/pitch": 1451, "user/throttle": 1429, "user/yaw": 1501, "imu/vel_x": -2.17, "imu/vel_y": -0.05, "imu/vel_z": 0.16, "gps/latitude": 51.4506023, "gps/longtitude": 5.4549205, "gps/speed": 2.1928188800811768, "gps/target_distance": 29.33813688229701, "gps/path_distance": 4.32503547767638, "gps/altitude": 4.341, "cam/image_name": "1726_cam-image.jpg", "framecount/count": 1726, "user/mode": "user"}