{"user/roll": 1507, "user/pitch": 1298, "user/throttle": 1367, "user/yaw": 1500, "imu/vel_x": 1.03, "imu/vel_y": 0.31, "imu/vel_z": 0.77, "gps/latitude": 51.4506634, "gps/longtitude": 5.455082, "gps/speed": 1.0846725702285767, "gps/target_distance": 48.38624264410808, "gps/path_distance": 23.369429799342953, "gps/altitude": 2.837, "cam/image_name": "1066_cam-image.jpg", "framecount/count": 1066, "user/mode": "user"}