{"user/roll": 1357, "user/pitch": 1487, "user/throttle": 1403, "user/yaw": 1500, "imu/vel_x": -0.2, "imu/vel_y": -2.97, "imu/vel_z": 0.09, "gps/latitude": 51.450492, "gps/longtitude": 5.4548881, "gps/speed": 2.950655221939087, "gps/target_distance": 21.9892109038872, "gps/path_distance": 14.158525825312495, "gps/altitude": 4.448, "cam/image_name": "2405_cam-image.jpg", "framecount/count": 2405, "user/mode": "user"}