{"user/roll": 1508, "user/pitch": 1499, "user/throttle": 1437, "user/yaw": 1297, "imu/vel_x": 0.55, "imu/vel_y": 0.07, "imu/vel_z": -0.11, "gps/latitude": 51.4507505, "gps/longtitude": 5.4547845, "gps/speed": 0.566926121711731, "gps/target_distance": 32.65568477316197, "gps/path_distance": 75.30070421933755, "gps/altitude": 2.88, "cam/image_name": "1390_cam-image.jpg", "framecount/count": 1390, "user/mode": "user"}