{"user/roll": 1505, "user/pitch": 1287, "user/throttle": 1353, "user/yaw": 1499, "imu/vel_x": -5.6, "imu/vel_y": -0.25, "imu/vel_z": -0.57, "gps/latitude": 51.4505971, "gps/longtitude": 5.45469, "gps/speed": 5.629937171936035, "gps/target_distance": 13.99125666610619, "gps/path_distance": 18.43613072182029, "gps/altitude": 2.497, "cam/image_name": "214_cam-image.jpg", "framecount/count": 214, "user/mode": "user"}