{"user/roll": 1507, "user/pitch": 1401, "user/throttle": 1366, "user/yaw": 1500, "imu/vel_x": -0.43, "imu/vel_y": -2.37, "imu/vel_z": 0.26, "gps/latitude": 51.4506446, "gps/longtitude": 5.4548539, "gps/speed": 2.42356538772583, "gps/target_distance": 26.39459781559449, "gps/path_distance": 5.199113670503095, "gps/altitude": 3.576, "cam/image_name": "573_cam-image.jpg", "framecount/count": 573, "user/mode": "user"}