{"user/roll": 1508, "user/pitch": 1351, "user/throttle": 1355, "user/yaw": 1500, "imu/vel_x": 0.02, "imu/vel_y": -0.1, "imu/vel_z": 0.27, "gps/latitude": 51.4507102, "gps/longtitude": 5.4546953, "gps/speed": 0.4293314516544342, "gps/target_distance": 26.5166234178078, "gps/path_distance": 25.439829330498696, "gps/altitude": 2.078, "cam/image_name": "150_cam-image.jpg", "framecount/count": 150, "user/mode": "user"}