{"user/roll": 1507, "user/pitch": 1638, "user/throttle": 1444, "user/yaw": 1500, "imu/vel_x": -0.97, "imu/vel_y": -1.65, "imu/vel_z": 0.14, "gps/latitude": 51.4504815, "gps/longtitude": 5.4547502, "gps/speed": 1.9109694957733154, "gps/target_distance": 6.63205580978336, "gps/path_distance": 7.387097720823931, "gps/altitude": 5.835, "cam/image_name": "990_cam-image.jpg", "framecount/count": 990, "user/mode": "user"}