{"user/roll": 1507, "user/pitch": 1499, "user/throttle": 1532, "user/yaw": 1500, "imu/vel_x": -0.46, "imu/vel_y": -0.41, "imu/vel_z": -0.05, "gps/latitude": 51.4506305, "gps/longtitude": 5.4549572, "gps/speed": 0.6194721460342407, "gps/target_distance": 34.438666186247175, "gps/path_distance": 2.9775785160908015, "gps/altitude": 4.154, "cam/image_name": "1677_cam-image.jpg", "framecount/count": 1677, "user/mode": "user"}