{"user/roll": 1507, "user/pitch": 1353, "user/throttle": 1461, "user/yaw": 1500, "imu/vel_x": -1.41, "imu/vel_y": -0.3, "imu/vel_z": 0.37, "gps/latitude": 51.4505677, "gps/longtitude": 5.4546994, "gps/speed": 1.4635722637176514, "gps/target_distance": 10.770366828000132, "gps/path_distance": 11.891133796808532, "gps/altitude": 5.48, "cam/image_name": "1296_cam-image.jpg", "framecount/count": 1296, "user/mode": "user"}