{"user/roll": 1447, "user/pitch": 1421, "user/throttle": 1303, "user/yaw": 1501, "imu/vel_x": 0.15, "imu/vel_y": -0.26, "imu/vel_z": 0.49, "gps/latitude": 51.4507014, "gps/longtitude": 5.4546925, "gps/speed": 0.30798783898353577, "gps/target_distance": 25.53916252308189, "gps/path_distance": 31.85189894836833, "gps/altitude": 2.853, "cam/image_name": "101_cam-image.jpg", "framecount/count": 101, "user/mode": "user"}