{"user/roll": 1505, "user/pitch": 1354, "user/throttle": 1476, "user/yaw": 1500, "imu/vel_x": 0.17, "imu/vel_y": -2.06, "imu/vel_z": -0.68, "gps/latitude": 51.4506684, "gps/longtitude": 5.455022, "gps/speed": 2.0933330059051514, "gps/target_distance": 42.77853091516757, "gps/path_distance": 8.82347900383283, "gps/altitude": 2.799, "cam/image_name": "1109_cam-image.jpg", "framecount/count": 1109, "user/mode": "user"}