{"user/roll": 1508, "user/pitch": 1453, "user/throttle": 1357, "user/yaw": 1476, "imu/vel_x": -4.07, "imu/vel_y": -1.35, "imu/vel_z": 0.45, "gps/latitude": 51.4505519, "gps/longtitude": 5.4547513, "gps/speed": 4.284590721130371, "gps/target_distance": 11.176584410471456, "gps/path_distance": 15.650555208605908, "gps/altitude": 3.369, "cam/image_name": "644_cam-image.jpg", "framecount/count": 644, "user/mode": "user"}