{"user/roll": 1508, "user/pitch": 1418, "user/throttle": 1362, "user/yaw": 1501, "imu/vel_x": -2.82, "imu/vel_y": 0.11, "imu/vel_z": 0.33, "gps/latitude": 51.450517, "gps/longtitude": 5.4547019, "gps/speed": 2.8338959217071533, "gps/target_distance": 5.249007485623324, "gps/path_distance": 19.944395081826315, "gps/altitude": 5.564, "cam/image_name": "1341_cam-image.jpg", "framecount/count": 1341, "user/mode": "user"}