{"user/roll": 1508, "user/pitch": 1499, "user/throttle": 1437, "user/yaw": 1500, "imu/vel_x": 0.41, "imu/vel_y": 0.44, "imu/vel_z": -0.06, "gps/latitude": 51.4502736, "gps/longtitude": 5.4551972, "gps/speed": 0.5974658131599426, "gps/target_distance": 60.33187707377985, "gps/path_distance": 24.03166736601281, "gps/altitude": 3.356, "cam/image_name": "2492_cam-image.jpg", "framecount/count": 2492, "user/mode": "user"}