{"user/roll": 1489, "user/pitch": 1384, "user/throttle": 1337, "user/yaw": 1499, "imu/vel_x": -4.03, "imu/vel_y": 0.09, "imu/vel_z": 0.31, "gps/latitude": 51.4506274, "gps/longtitude": 5.4547295, "gps/speed": 4.033447265625, "gps/target_distance": 17.851630650926904, "gps/path_distance": 0.5868543529965677, "gps/altitude": 2.92, "cam/image_name": "348_cam-image.jpg", "framecount/count": 348, "user/mode": "user"}