{"user/roll": 1507, "user/pitch": 1404, "user/throttle": 1544, "user/yaw": 1500, "imu/vel_x": 0.64, "imu/vel_y": 0.12, "imu/vel_z": 0.9, "gps/latitude": 51.4507625, "gps/longtitude": 5.4547834, "gps/speed": 0.6538723111152649, "gps/target_distance": 33.88155013455491, "gps/path_distance": 16.899004407350077, "gps/altitude": 2.113, "cam/image_name": "1421_cam-image.jpg", "framecount/count": 1421, "user/mode": "user"}