{"user/roll": 1504, "user/pitch": 1425, "user/throttle": 1510, "user/yaw": 1498, "imu/vel_x": 3.4, "imu/vel_y": -0.97, "imu/vel_z": -0.36, "gps/latitude": 51.4502763, "gps/longtitude": 5.4547842, "gps/speed": 3.5572495460510254, "gps/target_distance": 23.870282999023065, "gps/path_distance": 11.461011592392424, "gps/altitude": 2.211, "cam/image_name": "2857_cam-image.jpg", "framecount/count": 2857, "user/mode": "user"}