{"user/roll": 1507, "user/pitch": 1532, "user/throttle": 1353, "user/yaw": 1499, "imu/vel_x": 0.52, "imu/vel_y": 0.02, "imu/vel_z": -0.05, "gps/latitude": 51.4507524, "gps/longtitude": 5.4547829, "gps/speed": 0.5140818357467651, "gps/target_distance": 32.79973685158275, "gps/path_distance": 47.572216147704665, "gps/altitude": 2.987, "cam/image_name": "1401_cam-image.jpg", "framecount/count": 1401, "user/mode": "user"}