{"user/roll": 1507, "user/pitch": 1500, "user/throttle": 1442, "user/yaw": 1499, "imu/vel_x": -0.65, "imu/vel_y": -0.42, "imu/vel_z": -0.1, "gps/latitude": 51.4505283, "gps/longtitude": 5.4547211, "gps/speed": 0.7140706181526184, "gps/target_distance": 7.170335566431726, "gps/path_distance": 20.74791293221361, "gps/altitude": 4.728, "cam/image_name": "1639_cam-image.jpg", "framecount/count": 1639, "user/mode": "user"}