{"user/roll": 1449, "user/pitch": 1585, "user/throttle": 1377, "user/yaw": 1499, "imu/vel_x": -0.69, "imu/vel_y": -1.5, "imu/vel_z": -0.06, "gps/latitude": 51.4504776, "gps/longtitude": 5.4547542, "gps/speed": 1.6250170469284058, "gps/target_distance": 7.010438686001377, "gps/path_distance": 28.050499409238455, "gps/altitude": 4.351, "cam/image_name": "1859_cam-image.jpg", "framecount/count": 1859, "user/mode": "user"}