{"user/roll": 1507, "user/pitch": 1500, "user/throttle": 1442, "user/yaw": 1499, "imu/vel_x": -0.54, "imu/vel_y": -0.45, "imu/vel_z": -0.04, "gps/latitude": 51.4505296, "gps/longtitude": 5.4547228, "gps/speed": 0.7140706181526184, "gps/target_distance": 7.38566065500893, "gps/path_distance": 21.314252598735294, "gps/altitude": 4.686, "cam/image_name": "1635_cam-image.jpg", "framecount/count": 1635, "user/mode": "user"}