{"user/roll": 1507, "user/pitch": 1487, "user/throttle": 1319, "user/yaw": 1499, "imu/vel_x": 0.68, "imu/vel_y": 0.28, "imu/vel_z": -0.44, "gps/latitude": 51.450699, "gps/longtitude": 5.4546967, "gps/speed": 0.7460087537765503, "gps/target_distance": 25.279705835423965, "gps/path_distance": 27.1933679250227, "gps/altitude": 2.911, "cam/image_name": "90_cam-image.jpg", "framecount/count": 90, "user/mode": "user"}