{"user/roll": 1506, "user/pitch": 1401, "user/throttle": 1407, "user/yaw": 1499, "imu/vel_x": -1.63, "imu/vel_y": -1.32, "imu/vel_z": -0.3, "gps/latitude": 51.45065, "gps/longtitude": 5.4549692, "gps/speed": 2.0937576293945312, "gps/target_distance": 36.7114565223037, "gps/path_distance": 5.010897543206596, "gps/altitude": 5.544, "cam/image_name": "796_cam-image.jpg", "framecount/count": 796, "user/mode": "user"}