{"user/roll": 1506, "user/pitch": 1312, "user/throttle": 1408, "user/yaw": 1500, "imu/vel_x": -0.11, "imu/vel_y": -1.52, "imu/vel_z": -0.16, "gps/latitude": 51.4504281, "gps/longtitude": 5.4552767, "gps/speed": 1.532192587852478, "gps/target_distance": 65.25798123075198, "gps/path_distance": 10.328881972611725, "gps/altitude": 3.39, "cam/image_name": "2139_cam-image.jpg", "framecount/count": 2139, "user/mode": "user"}