{"user/roll": 1491, "user/pitch": 1369, "user/throttle": 1406, "user/yaw": 1477, "imu/vel_x": 0.36, "imu/vel_y": -3.39, "imu/vel_z": 0.03, "gps/latitude": 51.4504886, "gps/longtitude": 5.4549354, "gps/speed": 3.419168710708618, "gps/target_distance": 27.19604919696439, "gps/path_distance": 4.301096918322173, "gps/altitude": 4.52, "cam/image_name": "2384_cam-image.jpg", "framecount/count": 2384, "user/mode": "user"}