{"user/roll": 1508, "user/pitch": 1379, "user/throttle": 1404, "user/yaw": 1501, "imu/vel_x": 0.13, "imu/vel_y": -2.06, "imu/vel_z": 0.09, "gps/latitude": 51.4504524, "gps/longtitude": 5.4551381, "gps/speed": 2.0602216720581055, "gps/target_distance": 49.71196687332854, "gps/path_distance": 4.772788332378866, "gps/altitude": 2.329, "cam/image_name": "1938_cam-image.jpg", "framecount/count": 1938, "user/mode": "user"}