{"user/roll": 1507, "user/pitch": 1361, "user/throttle": 1564, "user/yaw": 1470, "imu/vel_x": 3.46, "imu/vel_y": -0.86, "imu/vel_z": 0.03, "gps/latitude": 51.4502462, "gps/longtitude": 5.4547992, "gps/speed": 3.5643115043640137, "gps/target_distance": 27.596928854034577, "gps/path_distance": 7.365027851119578, "gps/altitude": 1.92, "cam/image_name": "2837_cam-image.jpg", "framecount/count": 2837, "user/mode": "user"}