{"user/roll": 1508, "user/pitch": 1499, "user/throttle": 1531, "user/yaw": 1499, "imu/vel_x": 0.33, "imu/vel_y": -0.24, "imu/vel_z": 0.08, "gps/latitude": 51.4504656, "gps/longtitude": 5.4547803, "gps/speed": 0.4286169111728668, "gps/target_distance": 9.88884876761863, "gps/path_distance": 26.31979118621632, "gps/altitude": 3.465, "cam/image_name": "2483_cam-image.jpg", "framecount/count": 2483, "user/mode": "user"}