{"user/roll": 1505, "user/pitch": 1359, "user/throttle": 1361, "user/yaw": 1500, "imu/vel_x": -1.03, "imu/vel_y": 0.2, "imu/vel_z": -0.57, "gps/latitude": 51.4506839, "gps/longtitude": 5.4549044, "gps/speed": 1.0420540571212769, "gps/target_distance": 33.430100527226266, "gps/path_distance": 13.895454382307264, "gps/altitude": 3.423, "cam/image_name": "508_cam-image.jpg", "framecount/count": 508, "user/mode": "user"}