{"user/roll": 1507, "user/pitch": 1367, "user/throttle": 1531, "user/yaw": 1500, "imu/vel_x": 3.26, "imu/vel_y": -1.12, "imu/vel_z": -0.15, "gps/latitude": 51.4503052, "gps/longtitude": 5.4547682, "gps/speed": 3.439527750015259, "gps/target_distance": 20.216776942332515, "gps/path_distance": 9.903810901487077, "gps/altitude": 2.359, "cam/image_name": "2875_cam-image.jpg", "framecount/count": 2875, "user/mode": "user"}