{"user/roll": 1475, "user/pitch": 1445, "user/throttle": 1500, "user/yaw": 1500, "imu/vel_x": 3.8, "imu/vel_y": -0.58, "imu/vel_z": -0.06, "gps/latitude": 51.4503526, "gps/longtitude": 5.4547456, "gps/speed": 3.8216841220855713, "gps/target_distance": 14.397928798792694, "gps/path_distance": 4.085826485408688, "gps/altitude": 2.7, "cam/image_name": "2901_cam-image.jpg", "framecount/count": 2901, "user/mode": "user"}