{"user/roll": 1508, "user/pitch": 1437, "user/throttle": 1436, "user/yaw": 1500, "imu/vel_x": -1.55, "imu/vel_y": -0.75, "imu/vel_z": -0.49, "gps/latitude": 51.4506611, "gps/longtitude": 5.4548893, "gps/speed": 1.7022883892059326, "gps/target_distance": 30.46423588141738, "gps/path_distance": 0.9207067672870721, "gps/altitude": 3.523, "cam/image_name": "543_cam-image.jpg", "framecount/count": 543, "user/mode": "user"}