{"user/roll": 1455, "user/pitch": 1496, "user/throttle": 1383, "user/yaw": 1482, "imu/vel_x": -3.55, "imu/vel_y": -0.71, "imu/vel_z": -0.34, "gps/latitude": 51.4505883, "gps/longtitude": 5.454746, "gps/speed": 3.6043694019317627, "gps/target_distance": 14.35622335920275, "gps/path_distance": 17.103585336049406, "gps/altitude": 4.589, "cam/image_name": "1584_cam-image.jpg", "framecount/count": 1584, "user/mode": "user"}