{"user/roll": 1457, "user/pitch": 1310, "user/throttle": 1309, "user/yaw": 1486, "imu/vel_x": -4.22, "imu/vel_y": -0.72, "imu/vel_z": 0.07, "gps/latitude": 51.4506661, "gps/longtitude": 5.4546864, "gps/speed": 4.294254779815674, "gps/target_distance": 21.6378720457019, "gps/path_distance": 21.940016718926927, "gps/altitude": 2.347, "cam/image_name": "186_cam-image.jpg", "framecount/count": 186, "user/mode": "user"}