{"user/roll": 1498, "user/pitch": 1393, "user/throttle": 1358, "user/yaw": 1499, "imu/vel_x": -1.17, "imu/vel_y": -0.89, "imu/vel_z": 0.29, "gps/latitude": 51.4506843, "gps/longtitude": 5.4550069, "gps/speed": 1.490785002708435, "gps/target_distance": 42.30261723908204, "gps/path_distance": 4.376908376761861, "gps/altitude": 3.882, "cam/image_name": "733_cam-image.jpg", "framecount/count": 733, "user/mode": "user"}