{"user/roll": 1504, "user/pitch": 1480, "user/throttle": 1457, "user/yaw": 1498, "imu/vel_x": 0.06, "imu/vel_y": -1.17, "imu/vel_z": -0.54, "gps/latitude": 51.4504516, "gps/longtitude": 5.4551576, "gps/speed": 1.164855718612671, "gps/target_distance": 51.882756676617184, "gps/path_distance": 8.227462552958627, "gps/altitude": 1.951, "cam/image_name": "1922_cam-image.jpg", "framecount/count": 1922, "user/mode": "user"}