{"user/roll": 1473, "user/pitch": 1414, "user/throttle": 1437, "user/yaw": 1499, "imu/vel_x": -4.08, "imu/vel_y": 0.08, "imu/vel_z": 0.37, "gps/latitude": 51.4506184, "gps/longtitude": 5.4547301, "gps/speed": 4.0582380294799805, "gps/target_distance": 16.9018211368026, "gps/path_distance": 1.2431626652203533, "gps/altitude": 2.831, "cam/image_name": "356_cam-image.jpg", "framecount/count": 356, "user/mode": "user"}