{"user/roll": 1507, "user/pitch": 1371, "user/throttle": 1416, "user/yaw": 1499, "imu/vel_x": -1.95, "imu/vel_y": -0.88, "imu/vel_z": -0.44, "gps/latitude": 51.4507432, "gps/longtitude": 5.4547641, "gps/speed": 2.1450672149658203, "gps/target_distance": 31.22815972359319, "gps/path_distance": 1.5768853771446913, "gps/altitude": 2.784, "cam/image_name": "1467_cam-image.jpg", "framecount/count": 1467, "user/mode": "user"}