{"user/roll": 1507, "user/pitch": 1396, "user/throttle": 1357, "user/yaw": 1501, "imu/vel_x": -1.83, "imu/vel_y": -2.42, "imu/vel_z": 0.24, "gps/latitude": 51.4505268, "gps/longtitude": 5.4549058, "gps/speed": 3.0573410987854004, "gps/target_distance": 24.62656995450448, "gps/path_distance": 16.771392535742052, "gps/altitude": 6.617, "cam/image_name": "915_cam-image.jpg", "framecount/count": 915, "user/mode": "user"}