{"user/roll": 1530, "user/pitch": 1369, "user/throttle": 1608, "user/yaw": 1501, "imu/vel_x": -0.05, "imu/vel_y": -0.38, "imu/vel_z": 0.0, "gps/latitude": 51.4502547, "gps/longtitude": 5.4545659, "gps/speed": 0.37281179428100586, "gps/target_distance": 27.705439325005262, "gps/path_distance": 3.9212389289035627, "gps/altitude": 3.297, "cam/image_name": "2961_cam-image.jpg", "framecount/count": 2961, "user/mode": "user"}