{"user/roll": 1507, "user/pitch": 1315, "user/throttle": 1408, "user/yaw": 1499, "imu/vel_x": -5.46, "imu/vel_y": -0.27, "imu/vel_z": -0.52, "gps/latitude": 51.4506095, "gps/longtitude": 5.4546892, "gps/speed": 5.472219467163086, "gps/target_distance": 15.365418654946593, "gps/path_distance": 17.60301353626153, "gps/altitude": 2.296, "cam/image_name": "208_cam-image.jpg", "framecount/count": 208, "user/mode": "user"}