{"user/roll": 1488, "user/pitch": 1365, "user/throttle": 1320, "user/yaw": 1406, "imu/vel_x": -2.89, "imu/vel_y": -0.64, "imu/vel_z": 0.24, "gps/latitude": 51.4507038, "gps/longtitude": 5.454743, "gps/speed": 2.931792974472046, "gps/target_distance": 26.431804715878684, "gps/path_distance": 14.165368826140138, "gps/altitude": 3.098, "cam/image_name": "305_cam-image.jpg", "framecount/count": 305, "user/mode": "user"}