{"user/roll": 1508, "user/pitch": 1355, "user/throttle": 1386, "user/yaw": 1501, "imu/vel_x": -2.33, "imu/vel_y": 0.14, "imu/vel_z": -0.15, "gps/latitude": 51.4506541, "gps/longtitude": 5.4547474, "gps/speed": 2.345407247543335, "gps/target_distance": 21.23099560201506, "gps/path_distance": 11.749810983810363, "gps/altitude": 4.489, "cam/image_name": "1544_cam-image.jpg", "framecount/count": 1544, "user/mode": "user"}