{"user/roll": 1658, "user/pitch": 1348, "user/throttle": 1483, "user/yaw": 1500, "imu/vel_x": 0.32, "imu/vel_y": -0.51, "imu/vel_z": 0.33, "gps/latitude": 51.4502031, "gps/longtitude": 5.4548102, "gps/speed": 0.590411901473999, "gps/target_distance": 32.44191508748963, "gps/path_distance": 1.444271319561949, "gps/altitude": 2.621, "cam/image_name": "2802_cam-image.jpg", "framecount/count": 2802, "user/mode": "user"}