{"user/roll": 1506, "user/pitch": 1380, "user/throttle": 1405, "user/yaw": 1499, "imu/vel_x": -0.55, "imu/vel_y": -0.64, "imu/vel_z": -0.51, "gps/latitude": 51.4506282, "gps/longtitude": 5.4549532, "gps/speed": 0.8499929904937744, "gps/target_distance": 33.926115370185514, "gps/path_distance": 9.003257091946125, "gps/altitude": 4.346, "cam/image_name": "1684_cam-image.jpg", "framecount/count": 1684, "user/mode": "user"}