{"user/roll": 1458, "user/pitch": 1434, "user/throttle": 1439, "user/yaw": 1499, "imu/vel_x": -1.95, "imu/vel_y": -1.77, "imu/vel_z": 0.46, "gps/latitude": 51.4506442, "gps/longtitude": 5.4548928, "gps/speed": 2.646909475326538, "gps/target_distance": 29.49523934499994, "gps/path_distance": 24.12929409741659, "gps/altitude": 4.809, "cam/image_name": "1179_cam-image.jpg", "framecount/count": 1179, "user/mode": "user"}