{"user/roll": 1487, "user/pitch": 1655, "user/throttle": 1320, "user/yaw": 1499, "imu/vel_x": -7.03, "imu/vel_y": -0.83, "imu/vel_z": 0.04, "gps/latitude": 51.4505083, "gps/longtitude": 5.4546827, "gps/speed": 7.104196071624756, "gps/target_distance": 4.272493090904742, "gps/path_distance": 23.349570410053616, "gps/altitude": 2.735, "cam/image_name": "243_cam-image.jpg", "framecount/count": 243, "user/mode": "user"}