{"user/roll": 1368, "user/pitch": 1363, "user/throttle": 1531, "user/yaw": 1491, "imu/vel_x": -0.34, "imu/vel_y": -3.23, "imu/vel_z": 0.0, "gps/latitude": 51.4504951, "gps/longtitude": 5.4549557, "gps/speed": 3.24149227142334, "gps/target_distance": 29.50554475271003, "gps/path_distance": 7.586266871930036, "gps/altitude": 3.375, "cam/image_name": "2025_cam-image.jpg", "framecount/count": 2025, "user/mode": "user"}