{"user/roll": 1508, "user/pitch": 1371, "user/throttle": 1435, "user/yaw": 1501, "imu/vel_x": -1.06, "imu/vel_y": -2.75, "imu/vel_z": 0.3, "gps/latitude": 51.450516, "gps/longtitude": 5.4548759, "gps/speed": 2.960172653198242, "gps/target_distance": 21.109186381640196, "gps/path_distance": 17.502891568323292, "gps/altitude": 3.992, "cam/image_name": "1810_cam-image.jpg", "framecount/count": 1810, "user/mode": "user"}