{"user/roll": 1507, "user/pitch": 1318, "user/throttle": 1435, "user/yaw": 1500, "imu/vel_x": -1.51, "imu/vel_y": -3.31, "imu/vel_z": 0.02, "gps/latitude": 51.4505073, "gps/longtitude": 5.4548446, "gps/speed": 3.658731698989868, "gps/target_distance": 17.498877756978672, "gps/path_distance": 17.033943195970636, "gps/altitude": 3.873, "cam/image_name": "1823_cam-image.jpg", "framecount/count": 1823, "user/mode": "user"}