{"user/roll": 1507, "user/pitch": 1500, "user/throttle": 1562, "user/yaw": 1689, "imu/vel_x": 1.03, "imu/vel_y": -0.09, "imu/vel_z": -0.07, "gps/latitude": 51.450429, "gps/longtitude": 5.4546696, "gps/speed": 1.045100212097168, "gps/target_distance": 5.227630712961076, "gps/path_distance": 2.8643755311542805, "gps/altitude": 3.968, "cam/image_name": "3095_cam-image.jpg", "framecount/count": 3095, "user/mode": "user"}