{"user/roll": 1504, "user/pitch": 1559, "user/throttle": 1559, "user/yaw": 1499, "imu/vel_x": 1.12, "imu/vel_y": -1.12, "imu/vel_z": -0.02, "gps/latitude": 51.4504603, "gps/longtitude": 5.4550465, "gps/speed": 1.567884922027588, "gps/target_distance": 39.49872566440035, "gps/path_distance": 13.70494807749759, "gps/altitude": 3.557, "cam/image_name": "2299_cam-image.jpg", "framecount/count": 2299, "user/mode": "user"}