{"user/roll": 1508, "user/pitch": 1499, "user/throttle": 1437, "user/yaw": 1499, "imu/vel_x": 0.5, "imu/vel_y": 0.24, "imu/vel_z": 0.19, "gps/latitude": 51.4507038, "gps/longtitude": 5.4546913, "gps/speed": 0.5732292532920837, "gps/target_distance": 25.80469780976511, "gps/path_distance": 28.037279309948417, "gps/altitude": 2.001, "cam/image_name": "132_cam-image.jpg", "framecount/count": 132, "user/mode": "user"}