{"user/roll": 1410, "user/pitch": 1347, "user/throttle": 1343, "user/yaw": 1500, "imu/vel_x": -2.05, "imu/vel_y": 0.7, "imu/vel_z": -0.18, "gps/latitude": 51.4507435, "gps/longtitude": 5.4546834, "gps/speed": 2.174492120742798, "gps/target_distance": 30.21409204230762, "gps/path_distance": 31.065935395091174, "gps/altitude": 3.001, "cam/image_name": "8_cam-image.jpg", "framecount/count": 8, "user/mode": "user"}