{"user/roll": 1507, "user/pitch": 1499, "user/throttle": 1450, "user/yaw": 1498, "imu/vel_x": 0.89, "imu/vel_y": -0.05, "imu/vel_z": 0.22, "gps/latitude": 51.4504016, "gps/longtitude": 5.4547281, "gps/speed": 0.9126120209693909, "gps/target_distance": 8.669479823914807, "gps/path_distance": 2.765391609658309, "gps/altitude": 2.952, "cam/image_name": "2945_cam-image.jpg", "framecount/count": 2945, "user/mode": "user"}