{"user/roll": 1648, "user/pitch": 1285, "user/throttle": 1478, "user/yaw": 1500, "imu/vel_x": 0.93, "imu/vel_y": -0.22, "imu/vel_z": 0.36, "gps/latitude": 51.4502048, "gps/longtitude": 5.454809, "gps/speed": 0.9898869395256042, "gps/target_distance": 32.215692468246424, "gps/path_distance": 2.388580500010221, "gps/altitude": 2.526, "cam/image_name": "2807_cam-image.jpg", "framecount/count": 2807, "user/mode": "user"}