{"user/roll": 1508, "user/pitch": 1499, "user/throttle": 1405, "user/yaw": 1501, "imu/vel_x": -0.12, "imu/vel_y": -0.24, "imu/vel_z": 0.08, "gps/latitude": 51.4502549, "gps/longtitude": 5.4545686, "gps/speed": 0.2753627598285675, "gps/target_distance": 27.53594709078116, "gps/path_distance": 4.542561882835116, "gps/altitude": 3.379, "cam/image_name": "2949_cam-image.jpg", "framecount/count": 2949, "user/mode": "user"}