{"user/roll": 1488, "user/pitch": 1375, "user/throttle": 1414, "user/yaw": 1499, "imu/vel_x": -3.3, "imu/vel_y": -0.59, "imu/vel_z": -0.29, "gps/latitude": 51.4506692, "gps/longtitude": 5.4547326, "gps/speed": 3.366929292678833, "gps/target_distance": 22.443089369401015, "gps/path_distance": 4.346629817718679, "gps/altitude": 2.827, "cam/image_name": "329_cam-image.jpg", "framecount/count": 329, "user/mode": "user"}