{"user/roll": 1508, "user/pitch": 1402, "user/throttle": 1407, "user/yaw": 1510, "imu/vel_x": -2.66, "imu/vel_y": -0.59, "imu/vel_z": -0.41, "gps/latitude": 51.4507119, "gps/longtitude": 5.454748, "gps/speed": 2.7432122230529785, "gps/target_distance": 27.43005198303625, "gps/path_distance": 16.300784951949538, "gps/altitude": 3.537, "cam/image_name": "1494_cam-image.jpg", "framecount/count": 1494, "user/mode": "user"}