{"user/roll": 1507, "user/pitch": 1443, "user/throttle": 1398, "user/yaw": 1499, "imu/vel_x": -3.76, "imu/vel_y": -0.77, "imu/vel_z": -0.24, "gps/latitude": 51.4505962, "gps/longtitude": 5.4547484, "gps/speed": 3.873830556869507, "gps/target_distance": 15.26244908872843, "gps/path_distance": 17.772052110945907, "gps/altitude": 4.487, "cam/image_name": "1580_cam-image.jpg", "framecount/count": 1580, "user/mode": "user"}