{"user/roll": 1546, "user/pitch": 1349, "user/throttle": 1370, "user/yaw": 1500, "imu/vel_x": -1.11, "imu/vel_y": -4.71, "imu/vel_z": 0.08, "gps/latitude": 51.4504796, "gps/longtitude": 5.4548616, "gps/speed": 4.854459762573242, "gps/target_distance": 18.940740062826556, "gps/path_distance": 19.226702058331455, "gps/altitude": 4.054, "cam/image_name": "2056_cam-image.jpg", "framecount/count": 2056, "user/mode": "user"}