{"user/roll": 1559, "user/pitch": 1434, "user/throttle": 1459, "user/yaw": 1500, "imu/vel_x": 2.12, "imu/vel_y": -1.59, "imu/vel_z": -0.57, "gps/latitude": 51.4502717, "gps/longtitude": 5.4549392, "gps/speed": 2.652082681655884, "gps/target_distance": 35.27877532491575, "gps/path_distance": 11.21116716865862, "gps/altitude": 3.559, "cam/image_name": "2649_cam-image.jpg", "framecount/count": 2649, "user/mode": "user"}