{"user/roll": 1507, "user/pitch": 1550, "user/throttle": 1415, "user/yaw": 1490, "imu/vel_x": 3.0, "imu/vel_y": -0.72, "imu/vel_z": -0.17, "gps/latitude": 51.4503821, "gps/longtitude": 5.4547361, "gps/speed": 3.102590799331665, "gps/target_distance": 10.996113240646102, "gps/path_distance": 4.608261085009985, "gps/altitude": 2.95, "cam/image_name": "2921_cam-image.jpg", "framecount/count": 2921, "user/mode": "user"}