{"user/roll": 1599, "user/pitch": 1364, "user/throttle": 1406, "user/yaw": 1501, "imu/vel_x": 2.93, "imu/vel_y": 1.24, "imu/vel_z": 0.18, "gps/latitude": 51.4503166, "gps/longtitude": 5.4545967, "gps/speed": 3.059568405151367, "gps/target_distance": 20.065469667799597, "gps/path_distance": 0.9781888829969034, "gps/altitude": 3.514, "cam/image_name": "3012_cam-image.jpg", "framecount/count": 3012, "user/mode": "user"}