{"user/roll": 1774, "user/pitch": 1326, "user/throttle": 1390, "user/yaw": 1500, "imu/vel_x": -1.04, "imu/vel_y": -5.05, "imu/vel_z": 0.26, "gps/latitude": 51.4504768, "gps/longtitude": 5.4548442, "gps/speed": 5.154876232147217, "gps/target_distance": 16.99318475271954, "gps/path_distance": 20.361518528441536, "gps/altitude": 4.02, "cam/image_name": "2062_cam-image.jpg", "framecount/count": 2062, "user/mode": "user"}