{"user/roll": 1287, "user/pitch": 1405, "user/throttle": 1408, "user/yaw": 1500, "imu/vel_x": -0.4, "imu/vel_y": -0.35, "imu/vel_z": 0.07, "gps/latitude": 51.4502755, "gps/longtitude": 5.4551999, "gps/speed": 0.5613689422607422, "gps/target_distance": 60.53649576080202, "gps/path_distance": 0.6462689528252099, "gps/altitude": 3.309, "cam/image_name": "2507_cam-image.jpg", "framecount/count": 2507, "user/mode": "user"}