{"user/roll": 1508, "user/pitch": 1387, "user/throttle": 1415, "user/yaw": 1499, "imu/vel_x": 3.46, "imu/vel_y": 1.91, "imu/vel_z": -0.1, "gps/latitude": 51.4503945, "gps/longtitude": 5.4546514, "gps/speed": 3.9472272396087646, "gps/target_distance": 9.550928321440136, "gps/path_distance": 0.16411332725800776, "gps/altitude": 3.987, "cam/image_name": "3063_cam-image.jpg", "framecount/count": 3063, "user/mode": "user"}