{"user/roll": 1507, "user/pitch": 1697, "user/throttle": 1482, "user/yaw": 1501, "imu/vel_x": 0.19, "imu/vel_y": -3.84, "imu/vel_z": -0.01, "gps/latitude": 51.4504708, "gps/longtitude": 5.4547582, "gps/speed": 3.8289239406585693, "gps/target_distance": 7.4142137631247245, "gps/path_distance": 18.93162686792374, "gps/altitude": 3.763, "cam/image_name": "2085_cam-image.jpg", "framecount/count": 2085, "user/mode": "user"}