{"user/roll": 1508, "user/pitch": 1579, "user/throttle": 1384, "user/yaw": 1499, "imu/vel_x": 0.25, "imu/vel_y": -0.54, "imu/vel_z": -0.05, "gps/latitude": 51.4504634, "gps/longtitude": 5.4547816, "gps/speed": 0.5557398200035095, "gps/target_distance": 10.049999502199357, "gps/path_distance": 27.46163861629418, "gps/altitude": 3.853, "cam/image_name": "2466_cam-image.jpg", "framecount/count": 2466, "user/mode": "user"}