{"user/roll": 1507, "user/pitch": 1447, "user/throttle": 1406, "user/yaw": 1500, "imu/vel_x": -2.81, "imu/vel_y": -0.23, "imu/vel_z": -0.26, "gps/latitude": 51.4506952, "gps/longtitude": 5.4547446, "gps/speed": 2.850846290588379, "gps/target_distance": 25.543515678965463, "gps/path_distance": 37.38016625322166, "gps/altitude": 3.872, "cam/image_name": "1508_cam-image.jpg", "framecount/count": 1508, "user/mode": "user"}