{"user/roll": 1499, "user/pitch": 1500, "user/throttle": 1583, "user/yaw": 1499, "imu/vel_x": 0.95, "imu/vel_y": -0.83, "imu/vel_z": -0.44, "gps/latitude": 51.4504646, "gps/longtitude": 5.4550399, "gps/speed": 1.2504267692565918, "gps/target_distance": 38.75363985731143, "gps/path_distance": 26.622937173108767, "gps/altitude": 3.651, "cam/image_name": "2305_cam-image.jpg", "framecount/count": 2305, "user/mode": "user"}