{"user/roll": 1508, "user/pitch": 1355, "user/throttle": 1454, "user/yaw": 1501, "imu/vel_x": -2.04, "imu/vel_y": -0.15, "imu/vel_z": -0.18, "gps/latitude": 51.4505603, "gps/longtitude": 5.4546988, "gps/speed": 2.0584635734558105, "gps/target_distance": 9.9482799314287, "gps/path_distance": 13.89100949617523, "gps/altitude": 5.425, "cam/image_name": "1304_cam-image.jpg", "framecount/count": 1304, "user/mode": "user"}