{"user/roll": 1437, "user/pitch": 1395, "user/throttle": 1392, "user/yaw": 1499, "imu/vel_x": -0.72, "imu/vel_y": -0.79, "imu/vel_z": 0.18, "gps/latitude": 51.4507151, "gps/longtitude": 5.4549085, "gps/speed": 1.0899713039398193, "gps/target_distance": 36.254337404400495, "gps/path_distance": 13.043002425995411, "gps/altitude": 2.591, "cam/image_name": "455_cam-image.jpg", "framecount/count": 455, "user/mode": "user"}