{"user/roll": 1365, "user/pitch": 1302, "user/throttle": 1364, "user/yaw": 1501, "imu/vel_x": -1.02, "imu/vel_y": -3.92, "imu/vel_z": 0.29, "gps/latitude": 51.4505007, "gps/longtitude": 5.4548143, "gps/speed": 4.044627666473389, "gps/target_distance": 14.051139557514064, "gps/path_distance": 11.379981122117101, "gps/altitude": 6.316, "cam/image_name": "964_cam-image.jpg", "framecount/count": 964, "user/mode": "user"}