{"user/roll": 1506, "user/pitch": 1644, "user/throttle": 1441, "user/yaw": 1499, "imu/vel_x": 1.99, "imu/vel_y": -0.36, "imu/vel_z": 0.0, "gps/latitude": 51.4503932, "gps/longtitude": 5.4547313, "gps/speed": 2.022047281265259, "gps/target_distance": 9.658641554432347, "gps/path_distance": 2.2822266897804298, "gps/altitude": 3.01, "cam/image_name": "2928_cam-image.jpg", "framecount/count": 2928, "user/mode": "user"}