{"user/roll": 1497, "user/pitch": 1369, "user/throttle": 1359, "user/yaw": 1499, "imu/vel_x": -1.21, "imu/vel_y": -0.69, "imu/vel_z": 0.23, "gps/latitude": 51.4506869, "gps/longtitude": 5.4550101, "gps/speed": 1.396230697631836, "gps/target_distance": 42.75869334380659, "gps/path_distance": 5.434159804675261, "gps/altitude": 3.91, "cam/image_name": "728_cam-image.jpg", "framecount/count": 728, "user/mode": "user"}