{"user/roll": 1507, "user/pitch": 1500, "user/throttle": 1364, "user/yaw": 1501, "imu/vel_x": 0.57, "imu/vel_y": -0.4, "imu/vel_z": -0.07, "gps/latitude": 51.4504159, "gps/longtitude": 5.4547494, "gps/speed": 0.6883761882781982, "gps/target_distance": 8.848734968042134, "gps/path_distance": 6.681202426745642, "gps/altitude": 3.9, "cam/image_name": "2780_cam-image.jpg", "framecount/count": 2780, "user/mode": "user"}