{"user/roll": 1508, "user/pitch": 1344, "user/throttle": 1406, "user/yaw": 1500, "imu/vel_x": 0.58, "imu/vel_y": -2.51, "imu/vel_z": 0.04, "gps/latitude": 51.4504337, "gps/longtitude": 5.4551346, "gps/speed": 2.6011533737182617, "gps/target_distance": 49.45158197732235, "gps/path_distance": 9.3570971024796, "gps/altitude": 3.913, "cam/image_name": "2245_cam-image.jpg", "framecount/count": 2245, "user/mode": "user"}