{"user/roll": 1427, "user/pitch": 1321, "user/throttle": 1332, "user/yaw": 1501, "imu/vel_x": -1.89, "imu/vel_y": -1.46, "imu/vel_z": -0.29, "gps/latitude": 51.4506333, "gps/longtitude": 5.4548084, "gps/speed": 2.4155337810516357, "gps/target_distance": 22.201177235605332, "gps/path_distance": 7.867081873027473, "gps/altitude": 4.458, "cam/image_name": "604_cam-image.jpg", "framecount/count": 604, "user/mode": "user"}