{"user/roll": 1506, "user/pitch": 1388, "user/throttle": 1402, "user/yaw": 1500, "imu/vel_x": -2.32, "imu/vel_y": -0.03, "imu/vel_z": 0.05, "gps/latitude": 51.450592, "gps/longtitude": 5.4549213, "gps/speed": 2.326446056365967, "gps/target_distance": 28.867676955514156, "gps/path_distance": 9.741465436764969, "gps/altitude": 4.324, "cam/image_name": "1734_cam-image.jpg", "framecount/count": 1734, "user/mode": "user"}