{"user/roll": 1507, "user/pitch": 1500, "user/throttle": 1360, "user/yaw": 1499, "imu/vel_x": 0.14, "imu/vel_y": 0.14, "imu/vel_z": -0.02, "gps/latitude": 51.4507164, "gps/longtitude": 5.4549139, "gps/speed": 0.20899967849254608, "gps/target_distance": 36.763255229747735, "gps/path_distance": 6.572681118742906, "gps/altitude": 2.569, "cam/image_name": "438_cam-image.jpg", "framecount/count": 438, "user/mode": "user"}