{"user/roll": 1508, "user/pitch": 1494, "user/throttle": 1359, "user/yaw": 1606, "imu/vel_x": 0.54, "imu/vel_y": -0.94, "imu/vel_z": -0.23, "gps/latitude": 51.4504683, "gps/longtitude": 5.4550322, "gps/speed": 1.0749099254608154, "gps/target_distance": 37.8921574478519, "gps/path_distance": 34.66144165302029, "gps/altitude": 4.188, "cam/image_name": "2319_cam-image.jpg", "framecount/count": 2319, "user/mode": "user"}