{"user/roll": 1460, "user/pitch": 1430, "user/throttle": 1497, "user/yaw": 1474, "imu/vel_x": 0.06, "imu/vel_y": -1.13, "imu/vel_z": -0.27, "gps/latitude": 51.4504517, "gps/longtitude": 5.4551666, "gps/speed": 1.1418477296829224, "gps/target_distance": 52.882561758712484, "gps/path_distance": 10.317999272895122, "gps/altitude": 1.68, "cam/image_name": "1914_cam-image.jpg", "framecount/count": 1914, "user/mode": "user"}