{"user/roll": 1508, "user/pitch": 1504, "user/throttle": 1527, "user/yaw": 1500, "imu/vel_x": 3.33, "imu/vel_y": 1.52, "imu/vel_z": -0.19, "gps/latitude": 51.4503519, "gps/longtitude": 5.4546208, "gps/speed": 3.639152765274048, "gps/target_distance": 15.33294247949367, "gps/path_distance": 0.648077218248261, "gps/altitude": 3.457, "cam/image_name": "3038_cam-image.jpg", "framecount/count": 3038, "user/mode": "user"}