{"user/roll": 1505, "user/pitch": 1408, "user/throttle": 1336, "user/yaw": 1500, "imu/vel_x": -3.95, "imu/vel_y": 0.07, "imu/vel_z": 0.16, "gps/latitude": 51.4506363, "gps/longtitude": 5.4547287, "gps/speed": 3.958127021789551, "gps/target_distance": 18.790809267703587, "gps/path_distance": 0.9624025657266202, "gps/altitude": 2.981, "cam/image_name": "345_cam-image.jpg", "framecount/count": 345, "user/mode": "user"}