{"user/roll": 1389, "user/pitch": 1305, "user/throttle": 1407, "user/yaw": 1499, "imu/vel_x": -0.18, "imu/vel_y": -1.04, "imu/vel_z": -0.21, "gps/latitude": 51.4504288, "gps/longtitude": 5.4552817, "gps/speed": 1.072977900505066, "gps/target_distance": 65.807168183109, "gps/path_distance": 16.492522731408144, "gps/altitude": 3.328, "cam/image_name": "2137_cam-image.jpg", "framecount/count": 2137, "user/mode": "user"}