{"user/roll": 1507, "user/pitch": 1499, "user/throttle": 1532, "user/yaw": 1500, "imu/vel_x": -0.44, "imu/vel_y": -0.44, "imu/vel_z": -0.36, "gps/latitude": 51.4506294, "gps/longtitude": 5.4549554, "gps/speed": 0.6194721460342407, "gps/target_distance": 34.20432105678435, "gps/path_distance": 2.974404665501936, "gps/altitude": 4.214, "cam/image_name": "1679_cam-image.jpg", "framecount/count": 1679, "user/mode": "user"}