{"user/roll": 1508, "user/pitch": 1710, "user/throttle": 1379, "user/yaw": 1500, "imu/vel_x": -1.76, "imu/vel_y": -3.62, "imu/vel_z": 0.27, "gps/latitude": 51.4504882, "gps/longtitude": 5.4547681, "gps/speed": 3.981316328048706, "gps/target_distance": 8.731834119784475, "gps/path_distance": 4.089824363331331, "gps/altitude": 5.999, "cam/image_name": "980_cam-image.jpg", "framecount/count": 980, "user/mode": "user"}