{"user/roll": 1468, "user/pitch": 1359, "user/throttle": 1343, "user/yaw": 1450, "imu/vel_x": -2.82, "imu/vel_y": -0.6, "imu/vel_z": 0.17, "gps/latitude": 51.4507101, "gps/longtitude": 5.454745, "gps/speed": 2.8989996910095215, "gps/target_distance": 27.161080403589917, "gps/path_distance": 14.076228615449793, "gps/altitude": 3.123, "cam/image_name": "301_cam-image.jpg", "framecount/count": 301, "user/mode": "user"}