{"user/roll": 1455, "user/pitch": 1353, "user/throttle": 1389, "user/yaw": 1468, "imu/vel_x": -3.67, "imu/vel_y": -1.71, "imu/vel_z": 0.67, "gps/latitude": 51.450598, "gps/longtitude": 5.4547791, "gps/speed": 4.062906742095947, "gps/target_distance": 17.128062145582323, "gps/path_distance": 0.7903766762999851, "gps/altitude": 3.994, "cam/image_name": "626_cam-image.jpg", "framecount/count": 626, "user/mode": "user"}