{"user/roll": 1643, "user/pitch": 1417, "user/throttle": 1357, "user/yaw": 1501, "imu/vel_x": -0.82, "imu/vel_y": -1.77, "imu/vel_z": 0.08, "gps/latitude": 51.4506471, "gps/longtitude": 5.4548699, "gps/speed": 1.9749666452407837, "gps/target_distance": 27.836198308735423, "gps/path_distance": 9.222581204092165, "gps/altitude": 3.702, "cam/image_name": "563_cam-image.jpg", "framecount/count": 563, "user/mode": "user"}