{"user/roll": 1466, "user/pitch": 1403, "user/throttle": 1332, "user/yaw": 1421, "imu/vel_x": -1.9, "imu/vel_y": -2.06, "imu/vel_z": -0.18, "gps/latitude": 51.4505349, "gps/longtitude": 5.4549228, "gps/speed": 2.8181562423706055, "gps/target_distance": 26.685341327069562, "gps/path_distance": 23.994794029077553, "gps/altitude": 6.623, "cam/image_name": "906_cam-image.jpg", "framecount/count": 906, "user/mode": "user"}