{"user/roll": 1321, "user/pitch": 1354, "user/throttle": 1367, "user/yaw": 1500, "imu/vel_x": 0.4, "imu/vel_y": -0.08, "imu/vel_z": -0.04, "gps/latitude": 51.4506941, "gps/longtitude": 5.4550139, "gps/speed": 0.4045734405517578, "gps/target_distance": 43.557249902359615, "gps/path_distance": 5.030433817715505, "gps/altitude": 3.847, "cam/image_name": "708_cam-image.jpg", "framecount/count": 708, "user/mode": "user"}