{"user/roll": 1468, "user/pitch": 1359, "user/throttle": 1539, "user/yaw": 1500, "imu/vel_x": -0.76, "imu/vel_y": -3.3, "imu/vel_z": -0.19, "gps/latitude": 51.4504934, "gps/longtitude": 5.4549439, "gps/speed": 3.3954782485961914, "gps/target_distance": 28.181404343032614, "gps/path_distance": 14.80468085475411, "gps/altitude": 3.397, "cam/image_name": "2032_cam-image.jpg", "framecount/count": 2032, "user/mode": "user"}