{"user/roll": 1507, "user/pitch": 1678, "user/throttle": 1322, "user/yaw": 1500, "imu/vel_x": 0.6, "imu/vel_y": 0.05, "imu/vel_z": 0.31, "gps/latitude": 51.4507535, "gps/longtitude": 5.4547821, "gps/speed": 0.6106730103492737, "gps/target_distance": 32.88820278008903, "gps/path_distance": 29.712633750578505, "gps/altitude": 2.995, "cam/image_name": "1407_cam-image.jpg", "framecount/count": 1407, "user/mode": "user"}