{"user/roll": 1538, "user/pitch": 1269, "user/throttle": 1522, "user/yaw": 1501, "imu/vel_x": 0.83, "imu/vel_y": -2.57, "imu/vel_z": 0.53, "gps/latitude": 51.4502482, "gps/longtitude": 5.4549949, "gps/speed": 2.7216053009033203, "gps/target_distance": 41.78251962937651, "gps/path_distance": 9.653261472309339, "gps/altitude": 3.38, "cam/image_name": "2621_cam-image.jpg", "framecount/count": 2621, "user/mode": "user"}