{"user/roll": 1505, "user/pitch": 1371, "user/throttle": 1428, "user/yaw": 1500, "imu/vel_x": -3.87, "imu/vel_y": 0.11, "imu/vel_z": -0.38, "gps/latitude": 51.4506008, "gps/longtitude": 5.4547307, "gps/speed": 3.881916046142578, "gps/target_distance": 15.044143700662902, "gps/path_distance": 1.6272277782539675, "gps/altitude": 2.874, "cam/image_name": "362_cam-image.jpg", "framecount/count": 362, "user/mode": "user"}