{"user/roll": 1481, "user/pitch": 1367, "user/throttle": 1349, "user/yaw": 1499, "imu/vel_x": -0.45, "imu/vel_y": -3.13, "imu/vel_z": -0.57, "gps/latitude": 51.4506668, "gps/longtitude": 5.4549625, "gps/speed": 3.020646333694458, "gps/target_distance": 37.14237794710798, "gps/path_distance": 23.261594878419714, "gps/altitude": 4.753, "cam/image_name": "1137_cam-image.jpg", "framecount/count": 1137, "user/mode": "user"}