{"user/roll": 1506, "user/pitch": 1499, "user/throttle": 1464, "user/yaw": 1499, "imu/vel_x": 0.47, "imu/vel_y": -1.44, "imu/vel_z": -0.36, "gps/latitude": 51.4504759, "gps/longtitude": 5.4547306, "gps/speed": 1.5095508098602295, "gps/target_distance": 4.381528137702965, "gps/path_distance": 2.0540522111274413, "gps/altitude": 4.025, "cam/image_name": "2104_cam-image.jpg", "framecount/count": 2104, "user/mode": "user"}