{"user/roll": 1501, "user/pitch": 1372, "user/throttle": 1357, "user/yaw": 1500, "imu/vel_x": -2.99, "imu/vel_y": -0.62, "imu/vel_z": 0.53, "gps/latitude": 51.4506906, "gps/longtitude": 5.4547389, "gps/speed": 3.070112943649292, "gps/target_distance": 24.906479037588092, "gps/path_distance": 3.3544121518827126, "gps/altitude": 2.955, "cam/image_name": "312_cam-image.jpg", "framecount/count": 312, "user/mode": "user"}