{"user/roll": 1507, "user/pitch": 1499, "user/throttle": 1380, "user/yaw": 1498, "imu/vel_x": -0.44, "imu/vel_y": -1.03, "imu/vel_z": 0.37, "gps/latitude": 51.4504754, "gps/longtitude": 5.4547477, "gps/speed": 1.1319533586502075, "gps/target_distance": 6.267479225355225, "gps/path_distance": 28.43206345905793, "gps/altitude": 4.271, "cam/image_name": "1868_cam-image.jpg", "framecount/count": 1868, "user/mode": "user"}