{"user/roll": 1366, "user/pitch": 1365, "user/throttle": 1418, "user/yaw": 1336, "imu/vel_x": 1.02, "imu/vel_y": -2.77, "imu/vel_z": 0.02, "gps/latitude": 51.4504923, "gps/longtitude": 5.4549882, "gps/speed": 2.9608192443847656, "gps/target_distance": 33.08323346313283, "gps/path_distance": 11.648496667785935, "gps/altitude": 3.368, "cam/image_name": "2011_cam-image.jpg", "framecount/count": 2011, "user/mode": "user"}