{"user/roll": 1508, "user/pitch": 1500, "user/throttle": 1550, "user/yaw": 1332, "imu/vel_x": 1.24, "imu/vel_y": -1.44, "imu/vel_z": -0.02, "gps/latitude": 51.4504528, "gps/longtitude": 5.4550593, "gps/speed": 1.9028241634368896, "gps/target_distance": 40.95377380329423, "gps/path_distance": 6.521387890946414, "gps/altitude": 3.609, "cam/image_name": "2285_cam-image.jpg", "framecount/count": 2285, "user/mode": "user"}