{"user/roll": 1506, "user/pitch": 1312, "user/throttle": 1434, "user/yaw": 1499, "imu/vel_x": 0.47, "imu/vel_y": -2.1, "imu/vel_z": 0.06, "gps/latitude": 51.4504287, "gps/longtitude": 5.455263, "gps/speed": 2.1900148391723633, "gps/target_distance": 63.73333538381462, "gps/path_distance": 8.265639034276262, "gps/altitude": 3.441, "cam/image_name": "2150_cam-image.jpg", "framecount/count": 2150, "user/mode": "user"}