{"user/roll": 1507, "user/pitch": 1358, "user/throttle": 1418, "user/yaw": 1499, "imu/vel_x": -1.29, "imu/vel_y": -2.15, "imu/vel_z": 0.43, "gps/latitude": 51.4504783, "gps/longtitude": 5.4548444, "gps/speed": 2.494429349899292, "gps/target_distance": 17.02276092499394, "gps/path_distance": 19.468646630738533, "gps/altitude": 4.033, "cam/image_name": "2428_cam-image.jpg", "framecount/count": 2428, "user/mode": "user"}