{"user/roll": 1590, "user/pitch": 1383, "user/throttle": 1414, "user/yaw": 1500, "imu/vel_x": 3.1, "imu/vel_y": 1.43, "imu/vel_z": -0.42, "gps/latitude": 51.4503718, "gps/longtitude": 5.4546339, "gps/speed": 3.4209365844726562, "gps/target_distance": 12.694565960242436, "gps/path_distance": 0.952835335366899, "gps/altitude": 3.764, "cam/image_name": "3048_cam-image.jpg", "framecount/count": 3048, "user/mode": "user"}