{"user/roll": 1556, "user/pitch": 1390, "user/throttle": 1407, "user/yaw": 1501, "imu/vel_x": 3.52, "imu/vel_y": -1.2, "imu/vel_z": -0.38, "gps/latitude": 51.4503197, "gps/longtitude": 5.454759, "gps/speed": 3.709761142730713, "gps/target_distance": 18.331154852630597, "gps/path_distance": 6.447742364271335, "gps/altitude": 2.555, "cam/image_name": "2884_cam-image.jpg", "framecount/count": 2884, "user/mode": "user"}