{"user/roll": 1508, "user/pitch": 1352, "user/throttle": 1469, "user/yaw": 1500, "imu/vel_x": -0.98, "imu/vel_y": -2.65, "imu/vel_z": 0.49, "gps/latitude": 51.4505185, "gps/longtitude": 5.4548859, "gps/speed": 2.8209469318389893, "gps/target_distance": 22.255402558142528, "gps/path_distance": 19.484247348361237, "gps/altitude": 4.119, "cam/image_name": "1802_cam-image.jpg", "framecount/count": 1802, "user/mode": "user"}