{"user/roll": 1507, "user/pitch": 1327, "user/throttle": 1434, "user/yaw": 1500, "imu/vel_x": -1.75, "imu/vel_y": -3.63, "imu/vel_z": -0.12, "gps/latitude": 51.4505034, "gps/longtitude": 5.4548322, "gps/speed": 4.018069744110107, "gps/target_distance": 16.057468442050844, "gps/path_distance": 17.570982339098634, "gps/altitude": 3.873, "cam/image_name": "1824_cam-image.jpg", "framecount/count": 1824, "user/mode": "user"}