{"user/roll": 1508, "user/pitch": 1351, "user/throttle": 1355, "user/yaw": 1500, "imu/vel_x": 0.44, "imu/vel_y": 0.08, "imu/vel_z": 0.05, "gps/latitude": 51.4507097, "gps/longtitude": 5.4546951, "gps/speed": 0.4293314516544342, "gps/target_distance": 26.460925294042283, "gps/path_distance": 25.468540511657835, "gps/altitude": 2.122, "cam/image_name": "149_cam-image.jpg", "framecount/count": 149, "user/mode": "user"}