{"user/roll": 1508, "user/pitch": 1339, "user/throttle": 1495, "user/yaw": 1501, "imu/vel_x": 0.9, "imu/vel_y": -1.43, "imu/vel_z": 0.0, "gps/latitude": 51.4504798, "gps/longtitude": 5.4550017, "gps/speed": 1.680456519126892, "gps/target_distance": 34.51322514915208, "gps/path_distance": 5.319519658014542, "gps/altitude": 4.202, "cam/image_name": "2356_cam-image.jpg", "framecount/count": 2356, "user/mode": "user"}