{"user/roll": 1365, "user/pitch": 1375, "user/throttle": 1403, "user/yaw": 1500, "imu/vel_x": -2.79, "imu/vel_y": 0.04, "imu/vel_z": 0.06, "gps/latitude": 51.4505754, "gps/longtitude": 5.4549469, "gps/speed": 2.775413990020752, "gps/target_distance": 30.6759716383031, "gps/path_distance": 8.670703199727427, "gps/altitude": 6.16, "cam/image_name": "875_cam-image.jpg", "framecount/count": 875, "user/mode": "user"}