{"user/roll": 1508, "user/pitch": 1344, "user/throttle": 1476, "user/yaw": 1501, "imu/vel_x": 3.04, "imu/vel_y": 1.3, "imu/vel_z": 0.19, "gps/latitude": 51.4503229, "gps/longtitude": 5.4546013, "gps/speed": 3.309145450592041, "gps/target_distance": 19.20320358798699, "gps/path_distance": 1.1743675596800358, "gps/altitude": 3.456, "cam/image_name": "3019_cam-image.jpg", "framecount/count": 3019, "user/mode": "user"}