{"user/roll": 1507, "user/pitch": 1270, "user/throttle": 1435, "user/yaw": 1500, "imu/vel_x": -1.27, "imu/vel_y": -2.98, "imu/vel_z": 0.03, "gps/latitude": 51.4505105, "gps/longtitude": 5.4548558, "gps/speed": 3.2699594497680664, "gps/target_distance": 18.79290822644906, "gps/path_distance": 16.777925641437207, "gps/altitude": 3.889, "cam/image_name": "1816_cam-image.jpg", "framecount/count": 1816, "user/mode": "user"}