{"user/roll": 1506, "user/pitch": 1644, "user/throttle": 1441, "user/yaw": 1499, "imu/vel_x": 1.34, "imu/vel_y": -0.15, "imu/vel_z": 0.07, "gps/latitude": 51.4503966, "gps/longtitude": 5.4547301, "gps/speed": 2.022047281265259, "gps/target_distance": 9.262992881178215, "gps/path_distance": 2.0452700733837332, "gps/altitude": 3.009, "cam/image_name": "2931_cam-image.jpg", "framecount/count": 2931, "user/mode": "user"}