{"user/roll": 1505, "user/pitch": 1249, "user/throttle": 1340, "user/yaw": 1499, "imu/vel_x": -5.93, "imu/vel_y": -0.32, "imu/vel_z": -0.37, "gps/latitude": 51.4505842, "gps/longtitude": 5.4546903, "gps/speed": 5.938813209533691, "gps/target_distance": 12.562597427599957, "gps/path_distance": 18.391305503691, "gps/altitude": 2.667, "cam/image_name": "219_cam-image.jpg", "framecount/count": 219, "user/mode": "user"}