{"user/roll": 1509, "user/pitch": 1446, "user/throttle": 1439, "user/yaw": 1501, "imu/vel_x": 1.15, "imu/vel_y": -1.15, "imu/vel_z": 0.07, "gps/latitude": 51.4504762, "gps/longtitude": 5.4550096, "gps/speed": 1.6442866325378418, "gps/target_distance": 35.38253745597363, "gps/path_distance": 7.425229971839087, "gps/altitude": 4.225, "cam/image_name": "2344_cam-image.jpg", "framecount/count": 2344, "user/mode": "user"}