{"user/roll": 1504, "user/pitch": 1438, "user/throttle": 1467, "user/yaw": 1500, "imu/vel_x": 0.12, "imu/vel_y": -2.08, "imu/vel_z": -0.46, "gps/latitude": 51.4506675, "gps/longtitude": 5.4550285, "gps/speed": 2.0599818229675293, "gps/target_distance": 43.35116124723686, "gps/path_distance": 7.135689487589389, "gps/altitude": 2.601, "cam/image_name": "1104_cam-image.jpg", "framecount/count": 1104, "user/mode": "user"}