{"user/roll": 1508, "user/pitch": 1499, "user/throttle": 1542, "user/yaw": 1500, "imu/vel_x": 0.35, "imu/vel_y": -0.28, "imu/vel_z": 0.39, "gps/latitude": 51.4504651, "gps/longtitude": 5.4547809, "gps/speed": 0.4492291212081909, "gps/target_distance": 9.958801118511788, "gps/path_distance": 25.793928838524607, "gps/altitude": 3.527, "cam/image_name": "2480_cam-image.jpg", "framecount/count": 2480, "user/mode": "user"}