{"user/roll": 1507, "user/pitch": 1499, "user/throttle": 1364, "user/yaw": 1500, "imu/vel_x": 0.57, "imu/vel_y": -0.4, "imu/vel_z": -0.07, "gps/latitude": 51.4504159, "gps/longtitude": 5.4547494, "gps/speed": 0.7119419574737549, "gps/target_distance": 8.848734968042134, "gps/path_distance": 5.681202426745642, "gps/altitude": 3.9, "cam/image_name": "2776_cam-image.jpg", "framecount/count": 2776, "user/mode": "user"}