{"user/roll": 1354, "user/pitch": 1499, "user/throttle": 1546, "user/yaw": 1499, "imu/vel_x": -0.77, "imu/vel_y": -1.36, "imu/vel_z": 0.13, "gps/latitude": 51.4504411, "gps/longtitude": 5.4551895, "gps/speed": 1.568990707397461, "gps/target_distance": 55.484854774174806, "gps/path_distance": 7.541923678514763, "gps/altitude": 3.336, "cam/image_name": "2202_cam-image.jpg", "framecount/count": 2202, "user/mode": "user"}