{"user/roll": 1508, "user/pitch": 1652, "user/throttle": 1436, "user/yaw": 1501, "imu/vel_x": 0.84, "imu/vel_y": 0.24, "imu/vel_z": 0.18, "gps/latitude": 51.4506528, "gps/longtitude": 5.4550699, "gps/speed": 0.8941686153411865, "gps/target_distance": 46.663047580564644, "gps/path_distance": 4.671230577001722, "gps/altitude": 3.111, "cam/image_name": "1046_cam-image.jpg", "framecount/count": 1046, "user/mode": "user"}