{"user/roll": 1508, "user/pitch": 1499, "user/throttle": 1322, "user/yaw": 1500, "imu/vel_x": -1.27, "imu/vel_y": 0.08, "imu/vel_z": 0.29, "gps/latitude": 51.4505013, "gps/longtitude": 5.4547221, "gps/speed": 1.2760992050170898, "gps/target_distance": 4.795225122308879, "gps/path_distance": 22.936760430533525, "gps/altitude": 3.554, "cam/image_name": "421_cam-image.jpg", "framecount/count": 421, "user/mode": "user"}