{"user/roll": 1507, "user/pitch": 1496, "user/throttle": 1406, "user/yaw": 1500, "imu/vel_x": -0.77, "imu/vel_y": -0.57, "imu/vel_z": -0.2, "gps/latitude": 51.4502058, "gps/longtitude": 5.4548171, "gps/speed": 0.9669169783592224, "gps/target_distance": 32.49146248452741, "gps/path_distance": 4.453046088141889, "gps/altitude": 2.759, "cam/image_name": "2789_cam-image.jpg", "framecount/count": 2789, "user/mode": "user"}