{"user/roll": 1508, "user/pitch": 1353, "user/throttle": 1468, "user/yaw": 1500, "imu/vel_x": -1.13, "imu/vel_y": -3.34, "imu/vel_z": 0.09, "gps/latitude": 51.4502585, "gps/longtitude": 5.4551479, "gps/speed": 3.534566879272461, "gps/target_distance": 55.93705567663073, "gps/path_distance": 17.734699189893547, "gps/altitude": 3.278, "cam/image_name": "2546_cam-image.jpg", "framecount/count": 2546, "user/mode": "user"}