{"user/roll": 1507, "user/pitch": 1267, "user/throttle": 1450, "user/yaw": 1500, "imu/vel_x": -0.53, "imu/vel_y": -0.34, "imu/vel_z": 0.26, "gps/latitude": 51.4507095, "gps/longtitude": 5.4546948, "gps/speed": 0.6392529606819153, "gps/target_distance": 26.438304295950253, "gps/path_distance": 20.51295830412525, "gps/altitude": 1.993, "cam/image_name": "155_cam-image.jpg", "framecount/count": 155, "user/mode": "user"}