{"user/roll": 1487, "user/pitch": 1318, "user/throttle": 1369, "user/yaw": 1485, "imu/vel_x": -2.45, "imu/vel_y": -0.51, "imu/vel_z": 0.26, "gps/latitude": 51.4507221, "gps/longtitude": 5.4547484, "gps/speed": 2.5311033725738525, "gps/target_distance": 28.540461251241595, "gps/path_distance": 7.975928733176374, "gps/altitude": 3.175, "cam/image_name": "290_cam-image.jpg", "framecount/count": 290, "user/mode": "user"}