{"user/roll": 1508, "user/pitch": 1310, "user/throttle": 1372, "user/yaw": 1533, "imu/vel_x": -2.82, "imu/vel_y": 0.32, "imu/vel_z": 0.08, "gps/latitude": 51.4506435, "gps/longtitude": 5.4547491, "gps/speed": 2.8719398975372314, "gps/target_distance": 20.170827083765108, "gps/path_distance": 20.729918768886364, "gps/altitude": 4.526, "cam/image_name": "1553_cam-image.jpg", "framecount/count": 1553, "user/mode": "user"}