{"user/roll": 1506, "user/pitch": 1363, "user/throttle": 1407, "user/yaw": 1499, "imu/vel_x": -1.5, "imu/vel_y": -1.04, "imu/vel_z": -0.3, "gps/latitude": 51.4506536, "gps/longtitude": 5.4549737, "gps/speed": 1.8376755714416504, "gps/target_distance": 37.348095591194216, "gps/path_distance": 6.119900464476103, "gps/altitude": 5.458, "cam/image_name": "790_cam-image.jpg", "framecount/count": 790, "user/mode": "user"}