{"user/roll": 1504, "user/pitch": 1392, "user/throttle": 1468, "user/yaw": 1498, "imu/vel_x": -0.07, "imu/vel_y": -2.52, "imu/vel_z": -0.97, "gps/latitude": 51.4506691, "gps/longtitude": 5.4550072, "gps/speed": 2.532686471939087, "gps/target_distance": 41.41368806960302, "gps/path_distance": 15.237090304582523, "gps/altitude": 3.316, "cam/image_name": "1116_cam-image.jpg", "framecount/count": 1116, "user/mode": "user"}