{"user/roll": 1759, "user/pitch": 1499, "user/throttle": 1359, "user/yaw": 1501, "imu/vel_x": -2.27, "imu/vel_y": -2.02, "imu/vel_z": 0.07, "gps/latitude": 51.4505283, "gps/longtitude": 5.4549136, "gps/speed": 3.0586397647857666, "gps/target_distance": 25.508082620527826, "gps/path_distance": 17.419128837640955, "gps/altitude": 4.449, "cam/image_name": "1791_cam-image.jpg", "framecount/count": 1791, "user/mode": "user"}