{"user/roll": 1593, "user/pitch": 1391, "user/throttle": 1414, "user/yaw": 1500, "imu/vel_x": 3.24, "imu/vel_y": 1.67, "imu/vel_z": -0.29, "gps/latitude": 51.4503791, "gps/longtitude": 5.4546389, "gps/speed": 3.6387810707092285, "gps/target_distance": 11.71626423189839, "gps/path_distance": 0.6951433869912194, "gps/altitude": 3.878, "cam/image_name": "3054_cam-image.jpg", "framecount/count": 3054, "user/mode": "user"}