{"user/roll": 1508, "user/pitch": 1499, "user/throttle": 1497, "user/yaw": 1501, "imu/vel_x": 1.13, "imu/vel_y": 0.3, "imu/vel_z": 0.35, "gps/latitude": 51.4504249, "gps/longtitude": 5.4546713, "gps/speed": 1.1917672157287598, "gps/target_distance": 5.553762218251652, "gps/path_distance": 0.6160949873733443, "gps/altitude": 4.048, "cam/image_name": "3086_cam-image.jpg", "framecount/count": 3086, "user/mode": "user"}