{"user/roll": 1531, "user/pitch": 1421, "user/throttle": 1408, "user/yaw": 1501, "imu/vel_x": 2.41, "imu/vel_y": -1.91, "imu/vel_z": -0.05, "gps/latitude": 51.4502866, "gps/longtitude": 5.4549216, "gps/speed": 3.0908563137054443, "gps/target_distance": 32.71953879045026, "gps/path_distance": 13.09769862953101, "gps/altitude": 3.887, "cam/image_name": "2663_cam-image.jpg", "framecount/count": 2663, "user/mode": "user"}