{"user/roll": 1449, "user/pitch": 1488, "user/throttle": 1367, "user/yaw": 1500, "imu/vel_x": 0.02, "imu/vel_y": -0.31, "imu/vel_z": 0.71, "gps/latitude": 51.4507012, "gps/longtitude": 5.4546906, "gps/speed": 0.32053831219673157, "gps/target_distance": 25.517011369348133, "gps/path_distance": 31.146158659251, "gps/altitude": 2.672, "cam/image_name": "106_cam-image.jpg", "framecount/count": 106, "user/mode": "user"}