{"user/roll": 1502, "user/pitch": 1499, "user/throttle": 1320, "user/yaw": 1499, "imu/vel_x": -4.16, "imu/vel_y": -0.31, "imu/vel_z": 0.48, "gps/latitude": 51.4505464, "gps/longtitude": 5.4547257, "gps/speed": 4.16449499130249, "gps/target_distance": 9.197723027060619, "gps/path_distance": 10.715438113259069, "gps/altitude": 3.307, "cam/image_name": "391_cam-image.jpg", "framecount/count": 391, "user/mode": "user"}