{"user/roll": 1447, "user/pitch": 1499, "user/throttle": 1483, "user/yaw": 1451, "imu/vel_x": 0.97, "imu/vel_y": -1.73, "imu/vel_z": -0.61, "gps/latitude": 51.4504371, "gps/longtitude": 5.4552323, "gps/speed": 1.992161512374878, "gps/target_distance": 60.26357093789016, "gps/path_distance": 16.297455503903336, "gps/altitude": 3.601, "cam/image_name": "2166_cam-image.jpg", "framecount/count": 2166, "user/mode": "user"}