{"user/roll": 1507, "user/pitch": 1330, "user/throttle": 1475, "user/yaw": 1499, "imu/vel_x": 0.08, "imu/vel_y": -1.58, "imu/vel_z": -0.3, "gps/latitude": 51.4504312, "gps/longtitude": 5.4551564, "gps/speed": 1.5853692293167114, "gps/target_distance": 51.891051997759476, "gps/path_distance": 2.225603740955364, "gps/altitude": 3.699, "cam/image_name": "2230_cam-image.jpg", "framecount/count": 2230, "user/mode": "user"}