{"user/roll": 1507, "user/pitch": 1364, "user/throttle": 1451, "user/yaw": 1500, "imu/vel_x": -1.52, "imu/vel_y": -0.6, "imu/vel_z": 0.24, "gps/latitude": 51.4506722, "gps/longtitude": 5.4548985, "gps/speed": 1.6517149209976196, "gps/target_distance": 32.053938489608704, "gps/path_distance": 6.6285047419607395, "gps/altitude": 3.403, "cam/image_name": "527_cam-image.jpg", "framecount/count": 527, "user/mode": "user"}