{"user/roll": 1507, "user/pitch": 1282, "user/throttle": 1533, "user/yaw": 1500, "imu/vel_x": 2.49, "imu/vel_y": -0.14, "imu/vel_z": 0.51, "gps/latitude": 51.450218, "gps/longtitude": 5.4548087, "gps/speed": 2.0946507453918457, "gps/target_distance": 30.871277152260117, "gps/path_distance": 10.112200526467177, "gps/altitude": 2.243, "cam/image_name": "2819_cam-image.jpg", "framecount/count": 2819, "user/mode": "user"}