{"user/roll": 1508, "user/pitch": 1423, "user/throttle": 1406, "user/yaw": 1501, "imu/vel_x": -2.83, "imu/vel_y": -0.12, "imu/vel_z": -0.17, "gps/latitude": 51.4506894, "gps/longtitude": 5.4547443, "gps/speed": 2.8150148391723633, "gps/target_distance": 24.911239246601678, "gps/path_distance": 31.551279407898818, "gps/altitude": 3.956, "cam/image_name": "1511_cam-image.jpg", "framecount/count": 1511, "user/mode": "user"}