{"user/roll": 1508, "user/pitch": 1635, "user/throttle": 1323, "user/yaw": 1499, "imu/vel_x": -1.98, "imu/vel_y": 0.15, "imu/vel_z": -0.25, "gps/latitude": 51.4505077, "gps/longtitude": 5.4547234, "gps/speed": 1.9811040163040161, "gps/target_distance": 5.412429959550038, "gps/path_distance": 19.248877738660184, "gps/altitude": 3.546, "cam/image_name": "415_cam-image.jpg", "framecount/count": 415, "user/mode": "user"}