{"user/roll": 1470, "user/pitch": 1501, "user/throttle": 1403, "user/yaw": 1501, "imu/vel_x": -1.9, "imu/vel_y": -3.85, "imu/vel_z": -0.37, "gps/latitude": 51.4504944, "gps/longtitude": 5.4548044, "gps/speed": 4.290085792541504, "gps/target_distance": 12.823251312075834, "gps/path_distance": 21.414306414908594, "gps/altitude": 3.966, "cam/image_name": "1833_cam-image.jpg", "framecount/count": 1833, "user/mode": "user"}