{"user/roll": 1327, "user/pitch": 1590, "user/throttle": 1428, "user/yaw": 1499, "imu/vel_x": -1.5, "imu/vel_y": -0.85, "imu/vel_z": 0.44, "gps/latitude": 51.4505117, "gps/longtitude": 5.4547267, "gps/speed": 1.7388412952423096, "gps/target_distance": 5.987543106913712, "gps/path_distance": 22.14819328902817, "gps/altitude": 2.772, "cam/image_name": "670_cam-image.jpg", "framecount/count": 670, "user/mode": "user"}