{"user/roll": 1508, "user/pitch": 1343, "user/throttle": 1385, "user/yaw": 1500, "imu/vel_x": -1.08, "imu/vel_y": -4.4, "imu/vel_z": -0.19, "gps/latitude": 51.4504822, "gps/longtitude": 5.4548776, "gps/speed": 4.566033840179443, "gps/target_distance": 20.733848900941112, "gps/path_distance": 19.36057333198727, "gps/altitude": 4.037, "cam/image_name": "2053_cam-image.jpg", "framecount/count": 2053, "user/mode": "user"}