{"user/roll": 1554, "user/pitch": 1210, "user/throttle": 1415, "user/yaw": 1501, "imu/vel_x": 2.34, "imu/vel_y": 0.89, "imu/vel_z": -0.07, "gps/latitude": 51.4502672, "gps/longtitude": 5.4545664, "gps/speed": 2.5209290981292725, "gps/target_distance": 26.490275273162787, "gps/path_distance": 4.036201944946072, "gps/altitude": 3.641, "cam/image_name": "2983_cam-image.jpg", "framecount/count": 2983, "user/mode": "user"}