{"user/roll": 1504, "user/pitch": 1355, "user/throttle": 1391, "user/yaw": 1480, "imu/vel_x": 0.45, "imu/vel_y": -3.01, "imu/vel_z": -0.28, "gps/latitude": 51.4504852, "gps/longtitude": 5.4549693, "gps/speed": 3.0606935024261475, "gps/target_distance": 30.936229925552716, "gps/path_distance": 1.228258190415204, "gps/altitude": 4.46, "cam/image_name": "2373_cam-image.jpg", "framecount/count": 2373, "user/mode": "user"}