{"user/roll": 1631, "user/pitch": 1398, "user/throttle": 1405, "user/yaw": 1524, "imu/vel_x": -3.8, "imu/vel_y": 0.05, "imu/vel_z": 0.11, "gps/latitude": 51.450621, "gps/longtitude": 5.4547535, "gps/speed": 3.8159711360931396, "gps/target_distance": 18.00741174297112, "gps/path_distance": 23.41191579653048, "gps/altitude": 4.364, "cam/image_name": "1567_cam-image.jpg", "framecount/count": 1567, "user/mode": "user"}