{"user/roll": 1504, "user/pitch": 1346, "user/throttle": 1370, "user/yaw": 1498, "imu/vel_x": -2.82, "imu/vel_y": -0.6, "imu/vel_z": 0.17, "gps/latitude": 51.4507101, "gps/longtitude": 5.454745, "gps/speed": 2.764141321182251, "gps/target_distance": 27.161080403589917, "gps/path_distance": 11.076228615449793, "gps/altitude": 3.123, "cam/image_name": "298_cam-image.jpg", "framecount/count": 298, "user/mode": "user"}