{"user/roll": 1506, "user/pitch": 1500, "user/throttle": 1502, "user/yaw": 1499, "imu/vel_x": -1.03, "imu/vel_y": 0.21, "imu/vel_z": 0.0, "gps/latitude": 51.4505069, "gps/longtitude": 5.4547248, "gps/speed": 1.0654346942901611, "gps/target_distance": 5.450252052019032, "gps/path_distance": 20.826489336619602, "gps/altitude": 2.668, "cam/image_name": "679_cam-image.jpg", "framecount/count": 679, "user/mode": "user"}