{"user/roll": 1497, "user/pitch": 1353, "user/throttle": 1358, "user/yaw": 1500, "imu/vel_x": -1.14, "imu/vel_y": -0.46, "imu/vel_z": 0.19, "gps/latitude": 51.4506896, "gps/longtitude": 5.4550123, "gps/speed": 1.2400264739990234, "gps/target_distance": 43.128954450400464, "gps/path_distance": 6.592017841794529, "gps/altitude": 3.925, "cam/image_name": "724_cam-image.jpg", "framecount/count": 724, "user/mode": "user"}