{"user/roll": 1508, "user/pitch": 1443, "user/throttle": 1357, "user/yaw": 1488, "imu/vel_x": -4.23, "imu/vel_y": -1.45, "imu/vel_z": 0.43, "gps/latitude": 51.4505613, "gps/longtitude": 5.4547558, "gps/speed": 4.481973648071289, "gps/target_distance": 12.312926178918925, "gps/path_distance": 6.856687275318137, "gps/altitude": 3.492, "cam/image_name": "638_cam-image.jpg", "framecount/count": 638, "user/mode": "user"}