{"user/roll": 1507, "user/pitch": 1498, "user/throttle": 1350, "user/yaw": 1498, "imu/vel_x": 2.57, "imu/vel_y": -2.36, "imu/vel_z": -0.08, "gps/latitude": 51.4504688, "gps/longtitude": 5.4550361, "gps/speed": 3.5207626819610596, "gps/target_distance": 38.32559085086643, "gps/path_distance": 1.5205557300791952, "gps/altitude": 3.531, "cam/image_name": "1986_cam-image.jpg", "framecount/count": 1986, "user/mode": "user"}