{"user/roll": 1506, "user/pitch": 1414, "user/throttle": 1506, "user/yaw": 1499, "imu/vel_x": -0.06, "imu/vel_y": -1.52, "imu/vel_z": -0.08, "gps/latitude": 51.450431, "gps/longtitude": 5.4551618, "gps/speed": 1.5230457782745361, "gps/target_distance": 52.49142703110947, "gps/path_distance": 5.275401594013601, "gps/altitude": 3.612, "cam/image_name": "2225_cam-image.jpg", "framecount/count": 2225, "user/mode": "user"}