{"user/roll": 1507, "user/pitch": 1321, "user/throttle": 1404, "user/yaw": 1500, "imu/vel_x": 0.27, "imu/vel_y": -1.83, "imu/vel_z": -0.27, "gps/latitude": 51.4504317, "gps/longtitude": 5.4551505, "gps/speed": 1.8648074865341187, "gps/target_distance": 51.23246489216037, "gps/path_distance": 2.225217193578942, "gps/altitude": 3.814, "cam/image_name": "2237_cam-image.jpg", "framecount/count": 2237, "user/mode": "user"}