{"user/roll": 1507, "user/pitch": 1332, "user/throttle": 1439, "user/yaw": 1500, "imu/vel_x": -1.0, "imu/vel_y": -0.42, "imu/vel_z": 0.54, "gps/latitude": 51.4505704, "gps/longtitude": 5.4546999, "gps/speed": 1.10874342918396, "gps/target_distance": 11.07289811353084, "gps/path_distance": 11.991625644380576, "gps/altitude": 5.612, "cam/image_name": "1291_cam-image.jpg", "framecount/count": 1291, "user/mode": "user"}