{"user/roll": 1506, "user/pitch": 1430, "user/throttle": 1477, "user/yaw": 1499, "imu/vel_x": 0.77, "imu/vel_y": -2.33, "imu/vel_z": 0.11, "gps/latitude": 51.4504303, "gps/longtitude": 5.4552548, "gps/speed": 2.455709934234619, "gps/target_distance": 62.81084172129141, "gps/path_distance": 10.426132085560596, "gps/altitude": 3.421, "cam/image_name": "2155_cam-image.jpg", "framecount/count": 2155, "user/mode": "user"}