{"user/roll": 1646, "user/pitch": 1372, "user/throttle": 1393, "user/yaw": 1558, "imu/vel_x": -3.6, "imu/vel_y": 0.41, "imu/vel_z": 0.29, "gps/latitude": 51.4506294, "gps/longtitude": 5.4547523, "gps/speed": 3.6154634952545166, "gps/target_distance": 18.821727124965257, "gps/path_distance": 24.423015998563642, "gps/altitude": 4.422, "cam/image_name": "1559_cam-image.jpg", "framecount/count": 1559, "user/mode": "user"}