{"user/roll": 1366, "user/pitch": 1436, "user/throttle": 1359, "user/yaw": 1485, "imu/vel_x": 0.6, "imu/vel_y": -1.52, "imu/vel_z": -0.38, "gps/latitude": 51.4504407, "gps/longtitude": 5.4552219, "gps/speed": 1.6544049978256226, "gps/target_distance": 59.085249474365725, "gps/path_distance": 12.80472398314572, "gps/altitude": 3.962, "cam/image_name": "2176_cam-image.jpg", "framecount/count": 2176, "user/mode": "user"}