{"user/roll": 1415, "user/pitch": 1499, "user/throttle": 1408, "user/yaw": 1400, "imu/vel_x": -1.07, "imu/vel_y": -0.03, "imu/vel_z": -0.42, "gps/latitude": 51.4506958, "gps/longtitude": 5.4549008, "gps/speed": 1.0799641609191895, "gps/target_distance": 34.09843085915619, "gps/path_distance": 15.909473548711475, "gps/altitude": 2.666, "cam/image_name": "487_cam-image.jpg", "framecount/count": 487, "user/mode": "user"}