{"user/roll": 1495, "user/pitch": 1498, "user/throttle": 1412, "user/yaw": 1481, "imu/vel_x": 0.66, "imu/vel_y": 0.03, "imu/vel_z": 0.0, "gps/latitude": 51.4506409, "gps/longtitude": 5.4550707, "gps/speed": 0.668596088886261, "gps/target_distance": 46.190396520478735, "gps/path_distance": 71.75745387851583, "gps/altitude": 3.207, "cam/image_name": "1015_cam-image.jpg", "framecount/count": 1015, "user/mode": "user"}