{"user/roll": 1455, "user/pitch": 1499, "user/throttle": 1388, "user/yaw": 1454, "imu/vel_x": -1.03, "imu/vel_y": -1.9, "imu/vel_z": -0.01, "gps/latitude": 51.4505786, "gps/longtitude": 5.4547235, "gps/speed": 2.151576519012451, "gps/target_distance": 12.459558068708473, "gps/path_distance": 0.4621809670436505, "gps/altitude": 5.961, "cam/image_name": "1260_cam-image.jpg", "framecount/count": 1260, "user/mode": "user"}