{"user/roll": 1469, "user/pitch": 1432, "user/throttle": 1359, "user/yaw": 1499, "imu/vel_x": -0.45, "imu/vel_y": -3.13, "imu/vel_z": -0.57, "gps/latitude": 51.4506668, "gps/longtitude": 5.4549625, "gps/speed": 3.1620821952819824, "gps/target_distance": 37.14237794710798, "gps/path_distance": 22.261594878419714, "gps/altitude": 4.753, "cam/image_name": "1140_cam-image.jpg", "framecount/count": 1140, "user/mode": "user"}