{"user/roll": 1627, "user/pitch": 1444, "user/throttle": 1362, "user/yaw": 1500, "imu/vel_x": -0.62, "imu/vel_y": -2.14, "imu/vel_z": 0.18, "gps/latitude": 51.4506456, "gps/longtitude": 5.4548624, "gps/speed": 2.190415620803833, "gps/target_distance": 27.129163933005273, "gps/path_distance": 7.339743942662409, "gps/altitude": 3.646, "cam/image_name": "566_cam-image.jpg", "framecount/count": 566, "user/mode": "user"}