{"user/roll": 1410, "user/pitch": 1396, "user/throttle": 1307, "user/yaw": 1499, "imu/vel_x": 0.58, "imu/vel_y": -0.07, "imu/vel_z": -0.34, "gps/latitude": 51.4506926, "gps/longtitude": 5.4550141, "gps/speed": 0.5896156430244446, "gps/target_distance": 43.48151799043804, "gps/path_distance": 1.8207174838569529, "gps/altitude": 3.774, "cam/image_name": "702_cam-image.jpg", "framecount/count": 702, "user/mode": "user"}