{"user/roll": 1636, "user/pitch": 1497, "user/throttle": 1500, "user/yaw": 1500, "imu/vel_x": 1.94, "imu/vel_y": -2.42, "imu/vel_z": -0.24, "gps/latitude": 51.4502622, "gps/longtitude": 5.4549523, "gps/speed": 3.095120906829834, "gps/target_distance": 37.07380470318276, "gps/path_distance": 11.074535817784408, "gps/altitude": 3.298, "cam/image_name": "2639_cam-image.jpg", "framecount/count": 2639, "user/mode": "user"}