{"user/roll": 1506, "user/pitch": 1499, "user/throttle": 1361, "user/yaw": 1500, "imu/vel_x": -0.39, "imu/vel_y": -0.43, "imu/vel_z": -0.16, "gps/latitude": 51.4504769, "gps/longtitude": 5.4547431, "gps/speed": 0.5948261022567749, "gps/target_distance": 5.7749253509368135, "gps/path_distance": 1.1646985249883528, "gps/altitude": 5.897, "cam/image_name": "1001_cam-image.jpg", "framecount/count": 1001, "user/mode": "user"}