{"user/roll": 1545, "user/pitch": 1630, "user/throttle": 1496, "user/yaw": 1500, "imu/vel_x": -1.03, "imu/vel_y": -2.63, "imu/vel_z": 0.04, "gps/latitude": 51.4504653, "gps/longtitude": 5.4547962, "gps/speed": 2.836169719696045, "gps/target_distance": 11.656578629350372, "gps/path_distance": 27.77704659643132, "gps/altitude": 3.659, "cam/image_name": "2451_cam-image.jpg", "framecount/count": 2451, "user/mode": "user"}