{"user/roll": 1490, "user/pitch": 1337, "user/throttle": 1393, "user/yaw": 1499, "imu/vel_x": 0.0, "imu/vel_y": -0.2, "imu/vel_z": 0.04, "gps/latitude": 51.4507173, "gps/longtitude": 5.4549132, "gps/speed": 0.20772647857666016, "gps/target_distance": 36.78481516714666, "gps/path_distance": 9.739360766425051, "gps/altitude": 2.594, "cam/image_name": "448_cam-image.jpg", "framecount/count": 448, "user/mode": "user"}