{"user/roll": 1506, "user/pitch": 1500, "user/throttle": 1413, "user/yaw": 1499, "imu/vel_x": -0.74, "imu/vel_y": -1.26, "imu/vel_z": -0.09, "gps/latitude": 51.450434, "gps/longtitude": 5.4551755, "gps/speed": 1.650709629058838, "gps/target_distance": 53.984005690761684, "gps/path_distance": 8.05242736714797, "gps/altitude": 3.52, "cam/image_name": "2212_cam-image.jpg", "framecount/count": 2212, "user/mode": "user"}