{"user/roll": 1506, "user/pitch": 1326, "user/throttle": 1473, "user/yaw": 1499, "imu/vel_x": 0.52, "imu/vel_y": -2.73, "imu/vel_z": -0.35, "gps/latitude": 51.4504843, "gps/longtitude": 5.4549797, "gps/speed": 2.784076452255249, "gps/target_distance": 32.08671394706961, "gps/path_distance": 1.685151555569746, "gps/altitude": 4.361, "cam/image_name": "2369_cam-image.jpg", "framecount/count": 2369, "user/mode": "user"}