{"user/roll": 1471, "user/pitch": 1355, "user/throttle": 1332, "user/yaw": 1500, "imu/vel_x": -3.46, "imu/vel_y": -1.63, "imu/vel_z": 0.64, "gps/latitude": 51.4506064, "gps/longtitude": 5.4547857, "gps/speed": 3.826122760772705, "gps/target_distance": 18.31074728711664, "gps/path_distance": 0.39174144304041647, "gps/altitude": 4.195, "cam/image_name": "620_cam-image.jpg", "framecount/count": 620, "user/mode": "user"}