{"user/roll": 1506, "user/pitch": 1353, "user/throttle": 1357, "user/yaw": 1499, "imu/vel_x": -1.08, "imu/vel_y": -1.17, "imu/vel_z": -0.09, "gps/latitude": 51.4506245, "gps/longtitude": 5.4549466, "gps/speed": 1.6111572980880737, "gps/target_distance": 33.085824488418524, "gps/path_distance": 11.95265392022759, "gps/altitude": 4.519, "cam/image_name": "1693_cam-image.jpg", "framecount/count": 1693, "user/mode": "user"}