{"user/roll": 1507, "user/pitch": 1684, "user/throttle": 1322, "user/yaw": 1515, "imu/vel_x": 1.27, "imu/vel_y": 0.48, "imu/vel_z": 1.2, "gps/latitude": 51.4507578, "gps/longtitude": 5.4547824, "gps/speed": 0.9991140365600586, "gps/target_distance": 33.35186013439899, "gps/path_distance": 16.84154763477818, "gps/altitude": 2.649, "cam/image_name": "1412_cam-image.jpg", "framecount/count": 1412, "user/mode": "user"}