{"user/roll": 1363, "user/pitch": 1465, "user/throttle": 1457, "user/yaw": 1499, "imu/vel_x": -0.42, "imu/vel_y": -0.57, "imu/vel_z": -0.94, "gps/latitude": 51.4506766, "gps/longtitude": 5.4549861, "gps/speed": 0.7032313346862793, "gps/target_distance": 39.911951028089206, "gps/path_distance": 3.275169691129207, "gps/altitude": 3.951, "cam/image_name": "760_cam-image.jpg", "framecount/count": 760, "user/mode": "user"}