{"user/roll": 1426, "user/pitch": 1371, "user/throttle": 1357, "user/yaw": 1381, "imu/vel_x": -4.15, "imu/vel_y": -1.66, "imu/vel_z": 0.39, "gps/latitude": 51.4505707, "gps/longtitude": 5.4547607, "gps/speed": 4.462986946105957, "gps/target_distance": 13.477777193823806, "gps/path_distance": 0.6745057356080224, "gps/altitude": 3.604, "cam/image_name": "635_cam-image.jpg", "framecount/count": 635, "user/mode": "user"}