{"user/roll": 1457, "user/pitch": 1501, "user/throttle": 1412, "user/yaw": 1501, "imu/vel_x": 0.78, "imu/vel_y": 0.14, "imu/vel_z": 0.23, "gps/latitude": 51.4506509, "gps/longtitude": 5.4550695, "gps/speed": 0.8002682328224182, "gps/target_distance": 46.53235313334247, "gps/path_distance": 14.410082238440225, "gps/altitude": 3.141, "cam/image_name": "1042_cam-image.jpg", "framecount/count": 1042, "user/mode": "user"}