{"user/roll": 1481, "user/pitch": 1498, "user/throttle": 1428, "user/yaw": 1502, "imu/vel_x": -2.29, "imu/vel_y": -0.23, "imu/vel_z": 0.01, "gps/latitude": 51.450587, "gps/longtitude": 5.4549211, "gps/speed": 2.3031530380249023, "gps/target_distance": 28.594531193569388, "gps/path_distance": 11.902515022662271, "gps/altitude": 4.33, "cam/image_name": "1736_cam-image.jpg", "framecount/count": 1736, "user/mode": "user"}