{"user/roll": 1448, "user/pitch": 1435, "user/throttle": 1502, "user/yaw": 1488, "imu/vel_x": 1.45, "imu/vel_y": -2.25, "imu/vel_z": 0.21, "gps/latitude": 51.4504874, "gps/longtitude": 5.4550054, "gps/speed": 2.66884708404541, "gps/target_distance": 34.95886970248931, "gps/path_distance": 8.865383730845792, "gps/altitude": 3.348, "cam/image_name": "2004_cam-image.jpg", "framecount/count": 2004, "user/mode": "user"}