{"user/roll": 1507, "user/pitch": 1684, "user/throttle": 1322, "user/yaw": 1515, "imu/vel_x": 0.95, "imu/vel_y": 0.26, "imu/vel_z": 0.75, "gps/latitude": 51.4507551, "gps/longtitude": 5.4547818, "gps/speed": 0.9991140365600586, "gps/target_distance": 33.046743283167515, "gps/path_distance": 16.810777526598287, "gps/altitude": 2.883, "cam/image_name": "1411_cam-image.jpg", "framecount/count": 1411, "user/mode": "user"}