{"user/roll": 1505, "user/pitch": 1496, "user/throttle": 1359, "user/yaw": 1500, "imu/vel_x": -1.06, "imu/vel_y": -1.07, "imu/vel_z": 0.39, "gps/latitude": 51.4506818, "gps/longtitude": 5.4550031, "gps/speed": 1.5037509202957153, "gps/target_distance": 41.79741066867058, "gps/path_distance": 5.386818062871129, "gps/altitude": 3.826, "cam/image_name": "737_cam-image.jpg", "framecount/count": 737, "user/mode": "user"}