{"user/roll": 1636, "user/pitch": 1337, "user/throttle": 1434, "user/yaw": 1500, "imu/vel_x": -0.28, "imu/vel_y": -0.63, "imu/vel_z": 0.28, "gps/latitude": 51.4502028, "gps/longtitude": 5.4548126, "gps/speed": 0.679717481136322, "gps/target_distance": 32.58167644755663, "gps/path_distance": 0.7245596106835706, "gps/altitude": 2.709, "cam/image_name": "2800_cam-image.jpg", "framecount/count": 2800, "user/mode": "user"}