{"user/roll": 1507, "user/pitch": 1444, "user/throttle": 1446, "user/yaw": 1499, "imu/vel_x": -1.28, "imu/vel_y": -2.96, "imu/vel_z": 0.41, "gps/latitude": 51.4504709, "gps/longtitude": 5.4548176, "gps/speed": 3.2185091972351074, "gps/target_distance": 14.021273607109674, "gps/path_distance": 23.890946103109513, "gps/altitude": 3.757, "cam/image_name": "2445_cam-image.jpg", "framecount/count": 2445, "user/mode": "user"}