{"user/roll": 1645, "user/pitch": 1428, "user/throttle": 1357, "user/yaw": 1501, "imu/vel_x": -1.04, "imu/vel_y": -1.37, "imu/vel_z": -0.01, "gps/latitude": 51.4506492, "gps/longtitude": 5.4548759, "gps/speed": 1.70705246925354, "gps/target_distance": 28.476550029566937, "gps/path_distance": 9.774265311525738, "gps/altitude": 3.73, "cam/image_name": "560_cam-image.jpg", "framecount/count": 560, "user/mode": "user"}