{"user/roll": 1451, "user/pitch": 1498, "user/throttle": 1390, "user/yaw": 1348, "imu/vel_x": -1.12, "imu/vel_y": -2.24, "imu/vel_z": -0.07, "gps/latitude": 51.4505809, "gps/longtitude": 5.4547305, "gps/speed": 2.494112491607666, "gps/target_distance": 12.9433104450344, "gps/path_distance": 16.57048332183905, "gps/altitude": 5.933, "cam/image_name": "1256_cam-image.jpg", "framecount/count": 1256, "user/mode": "user"}