{"user/roll": 1506, "user/pitch": 1462, "user/throttle": 1444, "user/yaw": 1499, "imu/vel_x": -1.07, "imu/vel_y": 0.39, "imu/vel_z": -0.48, "gps/latitude": 51.4506884, "gps/longtitude": 5.4549022, "gps/speed": 1.1492513418197632, "gps/target_distance": 33.61267501676793, "gps/path_distance": 0.09707018658633615, "gps/altitude": 3.084, "cam/image_name": "500_cam-image.jpg", "framecount/count": 500, "user/mode": "user"}