{"user/roll": 1508, "user/pitch": 1408, "user/throttle": 1351, "user/yaw": 1512, "imu/vel_x": 1.27, "imu/vel_y": 0.48, "imu/vel_z": 1.2, "gps/latitude": 51.4507578, "gps/longtitude": 5.4547824, "gps/speed": 1.363201379776001, "gps/target_distance": 33.35186013439899, "gps/path_distance": 10.84154763477818, "gps/altitude": 2.649, "cam/image_name": "1413_cam-image.jpg", "framecount/count": 1413, "user/mode": "user"}