{"user/roll": 1507, "user/pitch": 1491, "user/throttle": 1365, "user/yaw": 1500, "imu/vel_x": 0.52, "imu/vel_y": -0.02, "imu/vel_z": -0.41, "gps/latitude": 51.450691, "gps/longtitude": 5.4550142, "gps/speed": 0.5174343585968018, "gps/target_distance": 43.39087759600185, "gps/path_distance": 1.3945534960384123, "gps/altitude": 3.65, "cam/image_name": "699_cam-image.jpg", "framecount/count": 699, "user/mode": "user"}