{"user/roll": 1508, "user/pitch": 1502, "user/throttle": 1406, "user/yaw": 1501, "imu/vel_x": -0.39, "imu/vel_y": -5.09, "imu/vel_z": 0.13, "gps/latitude": 51.4504721, "gps/longtitude": 5.4547884, "gps/speed": 5.129103660583496, "gps/target_distance": 10.774389033354126, "gps/path_distance": 19.71917866540889, "gps/altitude": 3.803, "cam/image_name": "2076_cam-image.jpg", "framecount/count": 2076, "user/mode": "user"}