{"user/roll": 1638, "user/pitch": 1342, "user/throttle": 1408, "user/yaw": 1502, "imu/vel_x": -1.09, "imu/vel_y": -4.04, "imu/vel_z": -0.36, "gps/latitude": 51.4504847, "gps/longtitude": 5.4548928, "gps/speed": 4.181299686431885, "gps/target_distance": 22.43897104324626, "gps/path_distance": 19.653620124897998, "gps/altitude": 3.961, "cam/image_name": "2048_cam-image.jpg", "framecount/count": 2048, "user/mode": "user"}