{"user/roll": 1460, "user/pitch": 1451, "user/throttle": 1408, "user/yaw": 1500, "imu/vel_x": -0.81, "imu/vel_y": -0.87, "imu/vel_z": 0.06, "gps/latitude": 51.4502738, "gps/longtitude": 5.4551972, "gps/speed": 1.1803654432296753, "gps/target_distance": 60.323867869981235, "gps/path_distance": 5.9944747343859035, "gps/altitude": 3.295, "cam/image_name": "2512_cam-image.jpg", "framecount/count": 2512, "user/mode": "user"}