{"user/roll": 1506, "user/pitch": 1426, "user/throttle": 1357, "user/yaw": 1500, "imu/vel_x": -1.42, "imu/vel_y": -0.21, "imu/vel_z": -0.79, "gps/latitude": 51.4506665, "gps/longtitude": 5.4549825, "gps/speed": 1.4235477447509766, "gps/target_distance": 38.95068483809602, "gps/path_distance": 0.1912098208632642, "gps/altitude": 4.996, "cam/image_name": "775_cam-image.jpg", "framecount/count": 775, "user/mode": "user"}