{"user/roll": 1586, "user/pitch": 1497, "user/throttle": 1439, "user/yaw": 1398, "imu/vel_x": 1.11, "imu/vel_y": -2.6, "imu/vel_z": 0.28, "gps/latitude": 51.4504418, "gps/longtitude": 5.4550847, "gps/speed": 2.839458465576172, "gps/target_distance": 43.848082633854446, "gps/path_distance": 9.261064321356798, "gps/altitude": 3.677, "cam/image_name": "2268_cam-image.jpg", "framecount/count": 2268, "user/mode": "user"}