{"user/roll": 1508, "user/pitch": 1423, "user/throttle": 1408, "user/yaw": 1501, "imu/vel_x": 3.86, "imu/vel_y": -0.69, "imu/vel_z": -0.04, "gps/latitude": 51.4503441, "gps/longtitude": 5.4547477, "gps/speed": 3.93913197517395, "gps/target_distance": 15.351713910608462, "gps/path_distance": 3.553337454461712, "gps/altitude": 2.696, "cam/image_name": "2898_cam-image.jpg", "framecount/count": 2898, "user/mode": "user"}