{"user/roll": 1329, "user/pitch": 1498, "user/throttle": 1388, "user/yaw": 1499, "imu/vel_x": -2.11, "imu/vel_y": 0.44, "imu/vel_z": 0.05, "gps/latitude": 51.4506212, "gps/longtitude": 5.4549401, "gps/speed": 2.131814479827881, "gps/target_distance": 32.27792420427431, "gps/path_distance": 2.1652542358699804, "gps/altitude": 6.125, "cam/image_name": "837_cam-image.jpg", "framecount/count": 837, "user/mode": "user"}