{"user/roll": 1507, "user/pitch": 1328, "user/throttle": 1403, "user/yaw": 1500, "imu/vel_x": -2.18, "imu/vel_y": 0.09, "imu/vel_z": -0.24, "gps/latitude": 51.4506586, "gps/longtitude": 5.4547467, "gps/speed": 2.1967432498931885, "gps/target_distance": 21.685785053244004, "gps/path_distance": 6.369396964278138, "gps/altitude": 4.423, "cam/image_name": "1540_cam-image.jpg", "framecount/count": 1540, "user/mode": "user"}