{"user/roll": 1507, "user/pitch": 1451, "user/throttle": 1469, "user/yaw": 1498, "imu/vel_x": 2.7, "imu/vel_y": -2.1, "imu/vel_z": 0.33, "gps/latitude": 51.4502983, "gps/longtitude": 5.4549069, "gps/speed": 3.460109233856201, "gps/target_distance": 30.633452814574476, "gps/path_distance": 1.1084421873650285, "gps/altitude": 3.821, "cam/image_name": "2671_cam-image.jpg", "framecount/count": 2671, "user/mode": "user"}