{"user/roll": 1503, "user/pitch": 1362, "user/throttle": 1303, "user/yaw": 1500, "imu/vel_x": -3.98, "imu/vel_y": 0.0, "imu/vel_z": -0.54, "gps/latitude": 51.4505838, "gps/longtitude": 5.4547308, "gps/speed": 3.9956576824188232, "gps/target_distance": 13.257276797951139, "gps/path_distance": 3.210759932495648, "gps/altitude": 3.254, "cam/image_name": "371_cam-image.jpg", "framecount/count": 371, "user/mode": "user"}