{"user/roll": 1423, "user/pitch": 1423, "user/throttle": 1397, "user/yaw": 1498, "imu/vel_x": -1.89, "imu/vel_y": -1.82, "imu/vel_z": 0.47, "gps/latitude": 51.4506487, "gps/longtitude": 5.4548986, "gps/speed": 2.6377058029174805, "gps/target_distance": 30.309339090080655, "gps/path_distance": 23.053134382325624, "gps/altitude": 4.906, "cam/image_name": "1174_cam-image.jpg", "framecount/count": 1174, "user/mode": "user"}