{"user/roll": 1508, "user/pitch": 1422, "user/throttle": 1490, "user/yaw": 1499, "imu/vel_x": -1.65, "imu/vel_y": -1.7, "imu/vel_z": -0.34, "gps/latitude": 51.4506321, "gps/longtitude": 5.4548755, "gps/speed": 2.382053852081299, "gps/target_distance": 27.163431983546193, "gps/path_distance": 26.605886448463025, "gps/altitude": 4.838, "cam/image_name": "1190_cam-image.jpg", "framecount/count": 1190, "user/mode": "user"}