{"user/roll": 1455, "user/pitch": 1376, "user/throttle": 1515, "user/yaw": 1500, "imu/vel_x": 0.43, "imu/vel_y": -0.32, "imu/vel_z": 0.8, "gps/latitude": 51.4504497, "gps/longtitude": 5.455178, "gps/speed": 0.5749045014381409, "gps/target_distance": 54.158674993592804, "gps/path_distance": 4.972300095855246, "gps/altitude": 1.866, "cam/image_name": "1896_cam-image.jpg", "framecount/count": 1896, "user/mode": "user"}