{"user/roll": 1560, "user/pitch": 1409, "user/throttle": 1528, "user/yaw": 1500, "imu/vel_x": 2.95, "imu/vel_y": 1.28, "imu/vel_z": -0.41, "gps/latitude": 51.4503652, "gps/longtitude": 5.4546297, "gps/speed": 3.3111672401428223, "gps/target_distance": 13.561291389269453, "gps/path_distance": 0.058926232467229056, "gps/altitude": 3.634, "cam/image_name": "3043_cam-image.jpg", "framecount/count": 3043, "user/mode": "user"}