{"user/roll": 1313, "user/pitch": 1428, "user/throttle": 1432, "user/yaw": 1500, "imu/vel_x": -1.86, "imu/vel_y": -0.44, "imu/vel_z": 0.22, "gps/latitude": 51.4506069, "gps/longtitude": 5.4549208, "gps/speed": 1.933858871459961, "gps/target_distance": 29.62303989821916, "gps/path_distance": 5.379932122582261, "gps/altitude": 4.381, "cam/image_name": "1721_cam-image.jpg", "framecount/count": 1721, "user/mode": "user"}