{"user/roll": 1508, "user/pitch": 1366, "user/throttle": 1407, "user/yaw": 1391, "imu/vel_x": -2.65, "imu/vel_y": -0.76, "imu/vel_z": -0.42, "gps/latitude": 51.4507176, "gps/longtitude": 5.4547499, "gps/speed": 2.751401662826538, "gps/target_distance": 28.09287801657075, "gps/path_distance": 5.38086842027667, "gps/altitude": 3.408, "cam/image_name": "1489_cam-image.jpg", "framecount/count": 1489, "user/mode": "user"}