{"user/roll": 1508, "user/pitch": 1585, "user/throttle": 1358, "user/yaw": 1499, "imu/vel_x": -1.91, "imu/vel_y": -0.21, "imu/vel_z": 0.03, "gps/latitude": 51.450703, "gps/longtitude": 5.4546918, "gps/speed": 1.921005129814148, "gps/target_distance": 25.71611853612519, "gps/path_distance": 30.960537392414523, "gps/altitude": 3.18, "cam/image_name": "46_cam-image.jpg", "framecount/count": 46, "user/mode": "user"}