{"user/roll": 1350, "user/pitch": 1500, "user/throttle": 1547, "user/yaw": 1500, "imu/vel_x": -0.37, "imu/vel_y": -1.41, "imu/vel_z": 0.5, "gps/latitude": 51.4504425, "gps/longtitude": 5.4551943, "gps/speed": 1.4480891227722168, "gps/target_distance": 56.00896004600028, "gps/path_distance": 6.847570759031271, "gps/altitude": 3.385, "cam/image_name": "2197_cam-image.jpg", "framecount/count": 2197, "user/mode": "user"}