{"user/roll": 1507, "user/pitch": 1535, "user/throttle": 1374, "user/yaw": 1499, "imu/vel_x": -2.96, "imu/vel_y": -0.5, "imu/vel_z": 0.17, "gps/latitude": 51.4505471, "gps/longtitude": 5.4547352, "gps/speed": 3.000725746154785, "gps/target_distance": 9.749275184841533, "gps/path_distance": 20.61304285551867, "gps/altitude": 4.747, "cam/image_name": "1608_cam-image.jpg", "framecount/count": 1608, "user/mode": "user"}