{"user/roll": 1402, "user/pitch": 1342, "user/throttle": 1335, "user/yaw": 1499, "imu/vel_x": -1.61, "imu/vel_y": 0.74, "imu/vel_z": -0.37, "gps/latitude": 51.4507482, "gps/longtitude": 5.4546804, "gps/speed": 1.7729268074035645, "gps/target_distance": 30.745918616404015, "gps/path_distance": 35.43378320430543, "gps/altitude": 2.93, "cam/image_name": "5_cam-image.jpg", "framecount/count": 5, "user/mode": "user"}