{"user/roll": 1507, "user/pitch": 1500, "user/throttle": 1526, "user/yaw": 1400, "imu/vel_x": 1.28, "imu/vel_y": -1.63, "imu/vel_z": 0.01, "gps/latitude": 51.4504501, "gps/longtitude": 5.4550643, "gps/speed": 2.0818893909454346, "gps/target_distance": 41.52466518729048, "gps/path_distance": 7.919844450020946, "gps/altitude": 3.585, "cam/image_name": "2278_cam-image.jpg", "framecount/count": 2278, "user/mode": "user"}