{"user/roll": 1470, "user/pitch": 1616, "user/throttle": 1415, "user/yaw": 1499, "imu/vel_x": -1.43, "imu/vel_y": 0.06, "imu/vel_z": 0.65, "gps/latitude": 51.4504945, "gps/longtitude": 5.4547077, "gps/speed": 1.4144835472106934, "gps/target_distance": 3.1851078716473773, "gps/path_distance": 27.97463906861691, "gps/altitude": 4.985, "cam/image_name": "1365_cam-image.jpg", "framecount/count": 1365, "user/mode": "user"}