{"user/roll": 1497, "user/pitch": 1335, "user/throttle": 1359, "user/yaw": 1500, "imu/vel_x": -0.99, "imu/vel_y": -0.15, "imu/vel_z": 0.06, "gps/latitude": 51.450692, "gps/longtitude": 5.4550136, "gps/speed": 1.0277073383331299, "gps/target_distance": 43.39810242668387, "gps/path_distance": 8.78773395567984, "gps/altitude": 3.91, "cam/image_name": "721_cam-image.jpg", "framecount/count": 721, "user/mode": "user"}