{"user/roll": 1545, "user/pitch": 1498, "user/throttle": 1390, "user/yaw": 1500, "imu/vel_x": -1.67, "imu/vel_y": -2.1, "imu/vel_z": 0.36, "gps/latitude": 51.4505184, "gps/longtitude": 5.4548884, "gps/speed": 2.9932305812835693, "gps/target_distance": 22.523016770059016, "gps/path_distance": 10.226488698162143, "gps/altitude": 6.437, "cam/image_name": "923_cam-image.jpg", "framecount/count": 923, "user/mode": "user"}