{"user/roll": 1508, "user/pitch": 1633, "user/throttle": 1415, "user/yaw": 1499, "imu/vel_x": 2.75, "imu/vel_y": 1.2, "imu/vel_z": -0.01, "gps/latitude": 51.4504171, "gps/longtitude": 5.4546677, "gps/speed": 3.6842427253723145, "gps/target_distance": 6.505624684838518, "gps/path_distance": 1.5194757137631996, "gps/altitude": 4.091, "cam/image_name": "3074_cam-image.jpg", "framecount/count": 3074, "user/mode": "user"}