{"user/roll": 1507, "user/pitch": 1618, "user/throttle": 1469, "user/yaw": 1500, "imu/vel_x": 1.82, "imu/vel_y": 0.77, "imu/vel_z": 0.06, "gps/latitude": 51.4504221, "gps/longtitude": 5.4546705, "gps/speed": 1.946596622467041, "gps/target_distance": 5.873415895600051, "gps/path_distance": 1.085854896199578, "gps/altitude": 4.098, "cam/image_name": "3082_cam-image.jpg", "framecount/count": 3082, "user/mode": "user"}