{"user/roll": 1508, "user/pitch": 1414, "user/throttle": 1365, "user/yaw": 1500, "imu/vel_x": -1.78, "imu/vel_y": -3.83, "imu/vel_z": 0.02, "gps/latitude": 51.4505982, "gps/longtitude": 5.4548002, "gps/speed": 4.220880508422852, "gps/target_distance": 18.58000803171033, "gps/path_distance": 32.01831993597992, "gps/altitude": 5.694, "cam/image_name": "1228_cam-image.jpg", "framecount/count": 1228, "user/mode": "user"}