{"user/roll": 1508, "user/pitch": 1499, "user/throttle": 1449, "user/yaw": 1499, "imu/vel_x": -1.22, "imu/vel_y": -2.96, "imu/vel_z": 0.33, "gps/latitude": 51.450468, "gps/longtitude": 5.4548065, "gps/speed": 3.199537754058838, "gps/target_distance": 12.7902388446335, "gps/path_distance": 26.19867157530632, "gps/altitude": 3.678, "cam/image_name": "2450_cam-image.jpg", "framecount/count": 2450, "user/mode": "user"}