{"user/roll": 1508, "user/pitch": 1330, "user/throttle": 1388, "user/yaw": 1579, "imu/vel_x": 2.27, "imu/vel_y": -1.94, "imu/vel_z": 0.23, "gps/latitude": 51.4503536, "gps/longtitude": 5.4548324, "gps/speed": 3.0322554111480713, "gps/target_distance": 20.340407927711443, "gps/path_distance": 14.155860447077202, "gps/altitude": 3.321, "cam/image_name": "2719_cam-image.jpg", "framecount/count": 2719, "user/mode": "user"}