{"user/roll": 1427, "user/pitch": 1413, "user/throttle": 1469, "user/yaw": 1501, "imu/vel_x": -0.45, "imu/vel_y": -2.43, "imu/vel_z": 0.26, "gps/latitude": 51.450644, "gps/longtitude": 5.4548448, "gps/speed": 2.469959259033203, "gps/target_distance": 25.66296687048718, "gps/path_distance": 2.8668653319781185, "gps/altitude": 3.503, "cam/image_name": "577_cam-image.jpg", "framecount/count": 577, "user/mode": "user"}