{"user/roll": 1507, "user/pitch": 1380, "user/throttle": 1414, "user/yaw": 1500, "imu/vel_x": -1.58, "imu/vel_y": -0.76, "imu/vel_z": -0.5, "gps/latitude": 51.4507513, "gps/longtitude": 5.4547692, "gps/speed": 1.756630778312683, "gps/target_distance": 32.24272688188264, "gps/path_distance": 4.212768467332268, "gps/altitude": 2.486, "cam/image_name": "1458_cam-image.jpg", "framecount/count": 1458, "user/mode": "user"}