{"user/roll": 1507, "user/pitch": 1401, "user/throttle": 1454, "user/yaw": 1532, "imu/vel_x": 1.92, "imu/vel_y": -1.57, "imu/vel_z": -0.05, "gps/latitude": 51.4503403, "gps/longtitude": 5.4548526, "gps/speed": 2.5036139488220215, "gps/target_distance": 23.012156677727646, "gps/path_distance": 9.425197230402262, "gps/altitude": 3.338, "cam/image_name": "2704_cam-image.jpg", "framecount/count": 2704, "user/mode": "user"}