{"user/roll": 1508, "user/pitch": 1415, "user/throttle": 1407, "user/yaw": 1499, "imu/vel_x": -2.78, "imu/vel_y": -0.07, "imu/vel_z": -0.19, "gps/latitude": 51.4506836, "gps/longtitude": 5.4547444, "gps/speed": 2.7614798545837402, "gps/target_distance": 24.290260690553733, "gps/path_distance": 24.797095035165228, "gps/altitude": 4.032, "cam/image_name": "1518_cam-image.jpg", "framecount/count": 1518, "user/mode": "user"}