{"user/roll": 1394, "user/pitch": 1394, "user/throttle": 1467, "user/yaw": 1422, "imu/vel_x": 0.63, "imu/vel_y": -3.06, "imu/vel_z": 0.07, "gps/latitude": 51.4504942, "gps/longtitude": 5.4549779, "gps/speed": 3.1244115829467773, "gps/target_distance": 31.95706165449693, "gps/path_distance": 6.485863867636169, "gps/altitude": 3.383, "cam/image_name": "2018_cam-image.jpg", "framecount/count": 2018, "user/mode": "user"}