{"user/roll": 1507, "user/pitch": 1416, "user/throttle": 1375, "user/yaw": 1500, "imu/vel_x": -2.52, "imu/vel_y": -1.11, "imu/vel_z": -0.32, "gps/latitude": 51.4505495, "gps/longtitude": 5.4549414, "gps/speed": 2.7767245769500732, "gps/target_distance": 29.127315300572935, "gps/path_distance": 8.827944139851013, "gps/altitude": 6.388, "cam/image_name": "895_cam-image.jpg", "framecount/count": 895, "user/mode": "user"}