{"user/roll": 1494, "user/pitch": 1429, "user/throttle": 1469, "user/yaw": 1499, "imu/vel_x": 3.42, "imu/vel_y": -0.96, "imu/vel_z": -0.25, "gps/latitude": 51.4502688, "gps/longtitude": 5.4547879, "gps/speed": 3.565474033355713, "gps/target_distance": 24.79702994796055, "gps/path_distance": 11.44050756271946, "gps/altitude": 2.136, "cam/image_name": "2854_cam-image.jpg", "framecount/count": 2854, "user/mode": "user"}