{"user/roll": 1508, "user/pitch": 1498, "user/throttle": 1498, "user/yaw": 1501, "imu/vel_x": 0.77, "imu/vel_y": -0.78, "imu/vel_z": -0.75, "gps/latitude": 51.4504659, "gps/longtitude": 5.4550375, "gps/speed": 1.1048983335494995, "gps/target_distance": 38.48445183446995, "gps/path_distance": 31.28893360843915, "gps/altitude": 3.833, "cam/image_name": "2312_cam-image.jpg", "framecount/count": 2312, "user/mode": "user"}