{"user/roll": 1507, "user/pitch": 1499, "user/throttle": 1531, "user/yaw": 1583, "imu/vel_x": 0.98, "imu/vel_y": 0.03, "imu/vel_z": 0.17, "gps/latitude": 51.4504269, "gps/longtitude": 5.4546708, "gps/speed": 0.9865908026695251, "gps/target_distance": 5.375714393912379, "gps/path_distance": 0.5745485396280401, "gps/altitude": 3.979, "cam/image_name": "3091_cam-image.jpg", "framecount/count": 3091, "user/mode": "user"}