{"user/roll": 1507, "user/pitch": 1345, "user/throttle": 1475, "user/yaw": 1429, "imu/vel_x": 0.4, "imu/vel_y": -1.26, "imu/vel_z": 0.42, "gps/latitude": 51.4506673, "gps/longtitude": 5.4550754, "gps/speed": 1.3161132335662842, "gps/target_distance": 47.922969074034405, "gps/path_distance": 35.40782557803786, "gps/altitude": 2.307, "cam/image_name": "1077_cam-image.jpg", "framecount/count": 1077, "user/mode": "user"}