{"user/roll": 1451, "user/pitch": 1650, "user/throttle": 1402, "user/yaw": 1500, "imu/vel_x": -0.83, "imu/vel_y": -1.33, "imu/vel_z": 0.05, "gps/latitude": 51.4505747, "gps/longtitude": 5.4547125, "gps/speed": 1.575107455253601, "gps/target_distance": 11.743605195248554, "gps/path_distance": 26.161003875914872, "gps/altitude": 5.978, "cam/image_name": "1269_cam-image.jpg", "framecount/count": 1269, "user/mode": "user"}