{"user/roll": 1634, "user/pitch": 1499, "user/throttle": 1346, "user/yaw": 1499, "imu/vel_x": 2.33, "imu/vel_y": -2.41, "imu/vel_z": -0.48, "gps/latitude": 51.4504632, "gps/longtitude": 5.4550443, "gps/speed": 3.3627054691314697, "gps/target_distance": 39.24597266232923, "gps/path_distance": 1.9672363182643835, "gps/altitude": 3.456, "cam/image_name": "1983_cam-image.jpg", "framecount/count": 1983, "user/mode": "user"}