{"user/roll": 1633, "user/pitch": 1348, "user/throttle": 1383, "user/yaw": 1500, "imu/vel_x": -2.12, "imu/vel_y": -3.16, "imu/vel_z": -0.2, "gps/latitude": 51.4506069, "gps/longtitude": 5.4548256, "gps/speed": 3.805124282836914, "gps/target_distance": 21.20391928465494, "gps/path_distance": 30.466242534546865, "gps/altitude": 5.639, "cam/image_name": "1221_cam-image.jpg", "framecount/count": 1221, "user/mode": "user"}