{"user/roll": 1256, "user/pitch": 1495, "user/throttle": 1374, "user/yaw": 1500, "imu/vel_x": -1.47, "imu/vel_y": -0.48, "imu/vel_z": 0.13, "gps/latitude": 51.45063, "gps/longtitude": 5.4549398, "gps/speed": 1.5483057498931885, "gps/target_distance": 32.76330236471373, "gps/path_distance": 7.828100632793394, "gps/altitude": 6.17, "cam/image_name": "826_cam-image.jpg", "framecount/count": 826, "user/mode": "user"}