{"user/roll": 1572, "user/pitch": 1445, "user/throttle": 1460, "user/yaw": 1584, "imu/vel_x": 0.46, "imu/vel_y": -1.15, "imu/vel_z": 0.06, "gps/latitude": 51.4504706, "gps/longtitude": 5.4550212, "gps/speed": 1.151059627532959, "gps/target_distance": 36.66766165149405, "gps/path_distance": 28.04207740914194, "gps/altitude": 4.171, "cam/image_name": "2330_cam-image.jpg", "framecount/count": 2330, "user/mode": "user"}