{"user/roll": 1249, "user/pitch": 1664, "user/throttle": 1446, "user/yaw": 1498, "imu/vel_x": 0.95, "imu/vel_y": -1.89, "imu/vel_z": -0.39, "gps/latitude": 51.4504752, "gps/longtitude": 5.4547341, "gps/speed": 2.0917208194732666, "gps/target_distance": 4.75914387317435, "gps/path_distance": 3.475835738002047, "gps/altitude": 3.965, "cam/image_name": "2098_cam-image.jpg", "framecount/count": 2098, "user/mode": "user"}