{"user/roll": 1508, "user/pitch": 1350, "user/throttle": 1407, "user/yaw": 1500, "imu/vel_x": 0.43, "imu/vel_y": -2.2, "imu/vel_z": -0.12, "gps/latitude": 51.4504325, "gps/longtitude": 5.4551432, "gps/speed": 2.2628204822540283, "gps/target_distance": 50.4159119680104, "gps/path_distance": 5.260969168209499, "gps/altitude": 3.892, "cam/image_name": "2239_cam-image.jpg", "framecount/count": 2239, "user/mode": "user"}