{"user/roll": 1507, "user/pitch": 1312, "user/throttle": 1472, "user/yaw": 1498, "imu/vel_x": 0.83, "imu/vel_y": -0.33, "imu/vel_z": 0.91, "gps/latitude": 51.4506651, "gps/longtitude": 5.4550818, "gps/speed": 0.8938111066818237, "gps/target_distance": 48.44958910356446, "gps/path_distance": 31.628967934516368, "gps/altitude": 2.633, "cam/image_name": "1067_cam-image.jpg", "framecount/count": 1067, "user/mode": "user"}