{"user/roll": 1508, "user/pitch": 1405, "user/throttle": 1407, "user/yaw": 1499, "imu/vel_x": -2.55, "imu/vel_y": -0.01, "imu/vel_z": -0.19, "gps/latitude": 51.4506727, "gps/longtitude": 5.454745, "gps/speed": 2.5540223121643066, "gps/target_distance": 23.13813776367959, "gps/path_distance": 8.367186455693968, "gps/altitude": 4.188, "cam/image_name": "1526_cam-image.jpg", "framecount/count": 1526, "user/mode": "user"}