{"user/roll": 1450, "user/pitch": 1425, "user/throttle": 1428, "user/yaw": 1501, "imu/vel_x": -2.3, "imu/vel_y": 0.09, "imu/vel_z": 0.08, "gps/latitude": 51.4505972, "gps/longtitude": 5.4549209, "gps/speed": 2.314361810684204, "gps/target_distance": 29.100899841539835, "gps/path_distance": 6.501590609913052, "gps/altitude": 4.321, "cam/image_name": "1731_cam-image.jpg", "framecount/count": 1731, "user/mode": "user"}