{"user/roll": 1509, "user/pitch": 1401, "user/throttle": 1406, "user/yaw": 1623, "imu/vel_x": 2.58, "imu/vel_y": -2.01, "imu/vel_z": 0.11, "gps/latitude": 51.4502924, "gps/longtitude": 5.4549142, "gps/speed": 3.278533458709717, "gps/target_distance": 31.675597958047238, "gps/path_distance": 8.116915461328233, "gps/altitude": 3.875, "cam/image_name": "2667_cam-image.jpg", "framecount/count": 2667, "user/mode": "user"}