{"user/roll": 1508, "user/pitch": 1421, "user/throttle": 1434, "user/yaw": 1501, "imu/vel_x": -0.07, "imu/vel_y": -2.36, "imu/vel_z": -0.09, "gps/latitude": 51.4506674, "gps/longtitude": 5.4550532, "gps/speed": 2.359062433242798, "gps/target_distance": 45.74199703239145, "gps/path_distance": 24.10527055053626, "gps/altitude": 2.272, "cam/image_name": "1089_cam-image.jpg", "framecount/count": 1089, "user/mode": "user"}