{"user/roll": 1445, "user/pitch": 1403, "user/throttle": 1525, "user/yaw": 1500, "imu/vel_x": 0.19, "imu/vel_y": -0.97, "imu/vel_z": 0.02, "gps/latitude": 51.4504517, "gps/longtitude": 5.4551708, "gps/speed": 1.0070035457611084, "gps/target_distance": 53.34935852285136, "gps/path_distance": 8.350175886301713, "gps/altitude": 1.612, "cam/image_name": "1909_cam-image.jpg", "framecount/count": 1909, "user/mode": "user"}