{"user/roll": 1508, "user/pitch": 1349, "user/throttle": 1410, "user/yaw": 1486, "imu/vel_x": -2.34, "imu/vel_y": -0.96, "imu/vel_z": -0.32, "gps/latitude": 51.4507342, "gps/longtitude": 5.4547585, "gps/speed": 2.5476956367492676, "gps/target_distance": 30.10646968484389, "gps/path_distance": 2.9998971901848677, "gps/altitude": 3.057, "cam/image_name": "1474_cam-image.jpg", "framecount/count": 1474, "user/mode": "user"}