{"user/roll": 1507, "user/pitch": 1618, "user/throttle": 1469, "user/yaw": 1500, "imu/vel_x": 1.13, "imu/vel_y": 0.3, "imu/vel_z": 0.35, "gps/latitude": 51.4504249, "gps/longtitude": 5.4546713, "gps/speed": 1.946596622467041, "gps/target_distance": 5.553762218251652, "gps/path_distance": 1.3839050126266557, "gps/altitude": 4.048, "cam/image_name": "3083_cam-image.jpg", "framecount/count": 3083, "user/mode": "user"}