{"user/roll": 1506, "user/pitch": 1478, "user/throttle": 1453, "user/yaw": 1590, "imu/vel_x": -2.34, "imu/vel_y": 0.82, "imu/vel_z": 0.25, "gps/latitude": 51.4505633, "gps/longtitude": 5.4549262, "gps/speed": 2.4738502502441406, "gps/target_distance": 28.040461592792713, "gps/path_distance": 22.671219039491803, "gps/altitude": 4.116, "cam/image_name": "1762_cam-image.jpg", "framecount/count": 1762, "user/mode": "user"}