{"user/roll": 1507, "user/pitch": 1366, "user/throttle": 1379, "user/yaw": 1501, "imu/vel_x": -2.58, "imu/vel_y": -0.04, "imu/vel_z": -0.24, "gps/latitude": 51.4505458, "gps/longtitude": 5.4546993, "gps/speed": 2.426980495452881, "gps/target_distance": 8.354620428763686, "gps/path_distance": 12.68529268541181, "gps/altitude": 5.7, "cam/image_name": "1316_cam-image.jpg", "framecount/count": 1316, "user/mode": "user"}