{"user/roll": 1507, "user/pitch": 1424, "user/throttle": 1534, "user/yaw": 1500, "imu/vel_x": 0.2, "imu/vel_y": -2.97, "imu/vel_z": -0.3, "gps/latitude": 51.4504537, "gps/longtitude": 5.4551009, "gps/speed": 2.9733381271362305, "gps/target_distance": 45.57179838831925, "gps/path_distance": 0.8239052730824028, "gps/altitude": 2.286, "cam/image_name": "1958_cam-image.jpg", "framecount/count": 1958, "user/mode": "user"}