{"user/roll": 1547, "user/pitch": 1637, "user/throttle": 1470, "user/yaw": 1500, "imu/vel_x": -0.1, "imu/vel_y": -1.09, "imu/vel_z": -0.22, "gps/latitude": 51.4504627, "gps/longtitude": 5.4547837, "gps/speed": 1.0824421644210815, "gps/target_distance": 10.28925720040198, "gps/path_distance": 28.97947009443328, "gps/altitude": 3.794, "cam/image_name": "2462_cam-image.jpg", "framecount/count": 2462, "user/mode": "user"}