{"user/roll": 1505, "user/pitch": 1448, "user/throttle": 1443, "user/yaw": 1500, "imu/vel_x": -1.28, "imu/vel_y": -1.45, "imu/vel_z": 0.02, "gps/latitude": 51.450622, "gps/longtitude": 5.4549415, "gps/speed": 1.9426416158676147, "gps/target_distance": 32.45702120386396, "gps/path_distance": 10.843720642756068, "gps/altitude": 4.502, "cam/image_name": "1700_cam-image.jpg", "framecount/count": 1700, "user/mode": "user"}