{"user/roll": 1507, "user/pitch": 1500, "user/throttle": 1439, "user/yaw": 1498, "imu/vel_x": -0.76, "imu/vel_y": -0.55, "imu/vel_z": -0.35, "gps/latitude": 51.4502077, "gps/longtitude": 5.4548193, "gps/speed": 0.947650671005249, "gps/target_distance": 32.4081845915198, "gps/path_distance": 6.839353036111447, "gps/altitude": 2.689, "cam/image_name": "2786_cam-image.jpg", "framecount/count": 2786, "user/mode": "user"}