{"user/roll": 1637, "user/pitch": 1434, "user/throttle": 1357, "user/yaw": 1500, "imu/vel_x": -1.22, "imu/vel_y": -0.97, "imu/vel_z": -0.12, "gps/latitude": 51.4506516, "gps/longtitude": 5.4548804, "gps/speed": 1.5888309478759766, "gps/target_distance": 29.021794640265597, "gps/path_distance": 8.055401164499017, "gps/altitude": 3.738, "cam/image_name": "555_cam-image.jpg", "framecount/count": 555, "user/mode": "user"}