{"user/roll": 1507, "user/pitch": 1527, "user/throttle": 1323, "user/yaw": 1499, "imu/vel_x": -0.93, "imu/vel_y": 0.16, "imu/vel_z": 0.19, "gps/latitude": 51.4506968, "gps/longtitude": 5.4546928, "gps/speed": 0.9448596835136414, "gps/target_distance": 25.02999085080996, "gps/path_distance": 30.801498395114578, "gps/altitude": 3.179, "cam/image_name": "52_cam-image.jpg", "framecount/count": 52, "user/mode": "user"}