{"user/roll": 1507, "user/pitch": 1620, "user/throttle": 1399, "user/yaw": 1499, "imu/vel_x": -2.05, "imu/vel_y": -0.56, "imu/vel_z": 0.09, "gps/latitude": 51.4505364, "gps/longtitude": 5.4547312, "gps/speed": 2.1101348400115967, "gps/target_distance": 8.502774210402393, "gps/path_distance": 23.628769903174486, "gps/altitude": 4.676, "cam/image_name": "1617_cam-image.jpg", "framecount/count": 1617, "user/mode": "user"}