{"user/roll": 1507, "user/pitch": 1360, "user/throttle": 1441, "user/yaw": 1499, "imu/vel_x": 0.69, "imu/vel_y": -2.89, "imu/vel_z": 0.21, "gps/latitude": 51.4504367, "gps/longtitude": 5.4551152, "gps/speed": 2.981405735015869, "gps/target_distance": 47.27384870527175, "gps/path_distance": 12.650992154880328, "gps/altitude": 3.847, "cam/image_name": "2252_cam-image.jpg", "framecount/count": 2252, "user/mode": "user"}