{"user/roll": 1507, "user/pitch": 1435, "user/throttle": 1513, "user/yaw": 1500, "imu/vel_x": 3.67, "imu/vel_y": 1.32, "imu/vel_z": 0.2, "gps/latitude": 51.4502894, "gps/longtitude": 5.4545803, "gps/speed": 3.8922014236450195, "gps/target_distance": 23.58646192397132, "gps/path_distance": 1.920627001295486, "gps/altitude": 3.512, "cam/image_name": "2997_cam-image.jpg", "framecount/count": 2997, "user/mode": "user"}