{"user/roll": 1334, "user/pitch": 1296, "user/throttle": 1428, "user/yaw": 1500, "imu/vel_x": -1.16, "imu/vel_y": -2.37, "imu/vel_z": 0.07, "gps/latitude": 51.4502637, "gps/longtitude": 5.4551698, "gps/speed": 2.659419536590576, "gps/target_distance": 57.926283970143565, "gps/path_distance": 5.78762612293599, "gps/altitude": 3.304, "cam/image_name": "2536_cam-image.jpg", "framecount/count": 2536, "user/mode": "user"}