{"user/roll": 1506, "user/pitch": 1320, "user/throttle": 1407, "user/yaw": 1501, "imu/vel_x": 0.09, "imu/vel_y": -1.23, "imu/vel_z": -0.4, "gps/latitude": 51.450452, "gps/longtitude": 5.4551498, "gps/speed": 1.2382497787475586, "gps/target_distance": 51.01407948301212, "gps/path_distance": 0.24334592728854432, "gps/altitude": 2.236, "cam/image_name": "1930_cam-image.jpg", "framecount/count": 1930, "user/mode": "user"}