{"user/roll": 1507, "user/pitch": 1481, "user/throttle": 1469, "user/yaw": 1500, "imu/vel_x": 3.43, "imu/vel_y": 1.52, "imu/vel_z": -0.12, "gps/latitude": 51.4503444, "gps/longtitude": 5.4546156, "gps/speed": 3.7656776905059814, "gps/target_distance": 16.342671577594594, "gps/path_distance": 1.4655162152566277, "gps/altitude": 3.418, "cam/image_name": "3034_cam-image.jpg", "framecount/count": 3034, "user/mode": "user"}