{"user/roll": 1508, "user/pitch": 1499, "user/throttle": 1369, "user/yaw": 1499, "imu/vel_x": -3.85, "imu/vel_y": -1.32, "imu/vel_z": 0.45, "gps/latitude": 51.4505428, "gps/longtitude": 5.454747, "gps/speed": 4.064992904663086, "gps/target_distance": 10.084368525692964, "gps/path_distance": 21.62568931135084, "gps/altitude": 3.255, "cam/image_name": "649_cam-image.jpg", "framecount/count": 649, "user/mode": "user"}