{"user/roll": 1507, "user/pitch": 1443, "user/throttle": 1388, "user/yaw": 1500, "imu/vel_x": -0.71, "imu/vel_y": -5.46, "imu/vel_z": 0.32, "gps/latitude": 51.4504746, "gps/longtitude": 5.4548259, "gps/speed": 5.511342525482178, "gps/target_distance": 14.950549015322705, "gps/path_distance": 20.367657902120243, "gps/altitude": 3.935, "cam/image_name": "2065_cam-image.jpg", "framecount/count": 2065, "user/mode": "user"}