{"user/roll": 1529, "user/pitch": 1499, "user/throttle": 1396, "user/yaw": 1500, "imu/vel_x": 0.39, "imu/vel_y": 0.27, "imu/vel_z": 0.45, "gps/latitude": 51.4507024, "gps/longtitude": 5.4546903, "gps/speed": 0.48644664883613586, "gps/target_distance": 25.65003984320333, "gps/path_distance": 29.19164278950268, "gps/altitude": 2.087, "cam/image_name": "126_cam-image.jpg", "framecount/count": 126, "user/mode": "user"}