{"user/roll": 1507, "user/pitch": 1499, "user/throttle": 1430, "user/yaw": 1500, "imu/vel_x": -4.91, "imu/vel_y": -0.21, "imu/vel_z": -1.0, "gps/latitude": 51.4504809, "gps/longtitude": 5.4546802, "gps/speed": 4.8862810134887695, "gps/target_distance": 1.6896473211298733, "gps/path_distance": 50.85669165798282, "gps/altitude": 2.993, "cam/image_name": "252_cam-image.jpg", "framecount/count": 252, "user/mode": "user"}