{"user/roll": 1503, "user/pitch": 1487, "user/throttle": 1408, "user/yaw": 1304, "imu/vel_x": 0.72, "imu/vel_y": 0.0, "imu/vel_z": 0.07, "gps/latitude": 51.4506442, "gps/longtitude": 5.4550701, "gps/speed": 0.7247849702835083, "gps/target_distance": 46.27990582489609, "gps/path_distance": 68.32422048947461, "gps/altitude": 3.23, "cam/image_name": "1024_cam-image.jpg", "framecount/count": 1024, "user/mode": "user"}