{"user/roll": 1507, "user/pitch": 1478, "user/throttle": 1405, "user/yaw": 1499, "imu/vel_x": 0.65, "imu/vel_y": 0.23, "imu/vel_z": -0.19, "gps/latitude": 51.4507068, "gps/longtitude": 5.4546934, "gps/speed": 0.6994794011116028, "gps/target_distance": 26.1376779013709, "gps/path_distance": 27.719149772787517, "gps/altitude": 2.051, "cam/image_name": "139_cam-image.jpg", "framecount/count": 139, "user/mode": "user"}