{"user/roll": 1507, "user/pitch": 1499, "user/throttle": 1408, "user/yaw": 1499, "imu/vel_x": -1.02, "imu/vel_y": 0.31, "imu/vel_z": -0.19, "gps/latitude": 51.4505032, "gps/longtitude": 5.4547271, "gps/speed": 1.069804310798645, "gps/target_distance": 5.343362057942879, "gps/path_distance": 28.327700999989332, "gps/altitude": 2.821, "cam/image_name": "689_cam-image.jpg", "framecount/count": 689, "user/mode": "user"}