{"user/roll": 1507, "user/pitch": 1282, "user/throttle": 1533, "user/yaw": 1500, "imu/vel_x": 2.1, "imu/vel_y": 0.0, "imu/vel_z": 0.46, "gps/latitude": 51.4502126, "gps/longtitude": 5.454809, "gps/speed": 2.0946507453918457, "gps/target_distance": 31.42818787101284, "gps/path_distance": 9.830556240435385, "gps/altitude": 2.349, "cam/image_name": "2815_cam-image.jpg", "framecount/count": 2815, "user/mode": "user"}