{"user/roll": 1352, "user/pitch": 1482, "user/throttle": 1399, "user/yaw": 1515, "imu/vel_x": -2.18, "imu/vel_y": 0.11, "imu/vel_z": 0.18, "gps/latitude": 51.4505778, "gps/longtitude": 5.4549203, "gps/speed": 2.1853413581848145, "gps/target_distance": 28.06998499103681, "gps/path_distance": 14.096665277082991, "gps/altitude": 4.322, "cam/image_name": "1747_cam-image.jpg", "framecount/count": 1747, "user/mode": "user"}