{"user/roll": 1586, "user/pitch": 1497, "user/throttle": 1439, "user/yaw": 1398, "imu/vel_x": 1.2, "imu/vel_y": -2.2, "imu/vel_z": 0.26, "gps/latitude": 51.4504444, "gps/longtitude": 5.4550766, "gps/speed": 2.839458465576172, "gps/target_distance": 42.929055582787996, "gps/path_distance": 9.733313322261779, "gps/altitude": 3.626, "cam/image_name": "2269_cam-image.jpg", "framecount/count": 2269, "user/mode": "user"}