{"user/roll": 1508, "user/pitch": 1427, "user/throttle": 1436, "user/yaw": 1500, "imu/vel_x": 2.97, "imu/vel_y": -2.3, "imu/vel_z": 0.39, "gps/latitude": 51.4503721, "gps/longtitude": 5.4548077, "gps/speed": 3.7413511276245117, "gps/target_distance": 16.918762497752425, "gps/path_distance": 4.729504249034562, "gps/altitude": 2.977, "cam/image_name": "2735_cam-image.jpg", "framecount/count": 2735, "user/mode": "user"}