{"user/roll": 1507, "user/pitch": 1499, "user/throttle": 1455, "user/yaw": 1501, "imu/vel_x": -0.82, "imu/vel_y": -2.78, "imu/vel_z": 0.02, "gps/latitude": 51.4502535, "gps/longtitude": 5.455113, "gps/speed": 2.8926777839660645, "gps/target_distance": 52.690190528059496, "gps/path_distance": 19.596096137745178, "gps/altitude": 3.303, "cam/image_name": "2559_cam-image.jpg", "framecount/count": 2559, "user/mode": "user"}