{"user/roll": 1507, "user/pitch": 1440, "user/throttle": 1439, "user/yaw": 1502, "imu/vel_x": -0.82, "imu/vel_y": -1.95, "imu/vel_z": -0.28, "gps/latitude": 51.4502476, "gps/longtitude": 5.4550903, "gps/speed": 2.111248731613159, "gps/target_distance": 50.771636937811515, "gps/path_distance": 14.923417622724628, "gps/altitude": 3.418, "cam/image_name": "2572_cam-image.jpg", "framecount/count": 2572, "user/mode": "user"}