{"user/roll": 1506, "user/pitch": 1500, "user/throttle": 1005, "user/yaw": 1499, "imu/vel_x": -0.07, "imu/vel_y": 0.0, "imu/vel_z": 0.0, "gps/speed": 0.08011041581630707, "gps/target_distance": 5745841.716930032, "gps/path_distance": 205.01260262438592, "gps/altitude": 0.889, "cam/image_name": "1747_cam-image.jpg", "Ai/mode": 1, "framecount/count": 1747, "user/mode": "user"}