{"user/roll": 1506, "user/pitch": 1500, "user/throttle": 1005, "user/yaw": 1499, "imu/vel_x": -0.08, "imu/vel_y": 0.0, "imu/vel_z": 0.0, "gps/speed": 0.08371374011039734, "gps/target_distance": 5745841.716930032, "gps/path_distance": 205.01260262438592, "gps/altitude": 0.689, "cam/image_name": "1133_cam-image.jpg", "Ai/mode": 1, "framecount/count": 1133, "user/mode": "user"}