{"user/roll": 1507, "user/pitch": 1499, "user/throttle": 1005, "user/yaw": 1500, "imu/vel_x": -0.08, "imu/vel_y": 0.0, "imu/vel_z": 0.01, "gps/speed": 0.08568526059389114, "gps/target_distance": 5745841.716930032, "gps/path_distance": 205.01260262438592, "gps/altitude": 0.79, "cam/image_name": "2366_cam-image.jpg", "Ai/mode": 1, "framecount/count": 2366, "user/mode": "user"}