{"user/roll": 1506, "user/pitch": 1499, "user/throttle": 1005, "user/yaw": 1500, "imu/vel_x": -0.08, "imu/vel_y": 0.0, "imu/vel_z": 0.0, "gps/speed": 0.08900755643844604, "gps/target_distance": 5745841.716930032, "gps/path_distance": 205.01260262438592, "gps/altitude": 0.919, "cam/image_name": "3071_cam-image.jpg", "Ai/mode": 1, "framecount/count": 3071, "user/mode": "user"}