{"user/roll": 1507, "user/pitch": 1499, "user/throttle": 1005, "user/yaw": 1499, "imu/vel_x": -0.08, "imu/vel_y": 0.0, "imu/vel_z": 0.0, "gps/speed": 0.08112801611423492, "gps/target_distance": 5745841.716930032, "gps/path_distance": 205.01260262438592, "gps/altitude": 0.853, "cam/image_name": "1632_cam-image.jpg", "Ai/mode": 1, "framecount/count": 1632, "user/mode": "user"}