{"user/roll": 1505, "user/pitch": 1499, "user/throttle": 1003, "user/yaw": 1499, "imu/vel_x": 0.09, "imu/vel_y": 0.02, "imu/vel_z": 0.02, "gps/speed": 0.10293746739625931, "gps/target_distance": 20.888264174635328, "gps/path_distance": 74.52245361970085, "gps/altitude": -0.336, "cam/image_name": "526_cam-image.jpg", "Ai/mode": 1, "framecount/count": 526, "user/mode": "user"}