{"user/roll": 1505, "user/pitch": 1499, "user/throttle": 1003, "user/yaw": 1499, "imu/vel_x": -0.01, "imu/vel_y": 0.0, "imu/vel_z": 0.01, "gps/speed": 0.012837461195886135, "gps/target_distance": 11.363443137744277, "gps/path_distance": 124.95881448727496, "gps/altitude": -0.102, "cam/image_name": "394_cam-image.jpg", "Ai/mode": 1, "framecount/count": 394, "user/mode": "user"}