{"user/roll": 1505, "user/pitch": 1498, "user/throttle": 1004, "user/yaw": 1500, "imu/vel_x": 0.0, "imu/vel_y": 0.0, "imu/vel_z": 0.01, "gps/speed": 0.0035434002056717873, "gps/target_distance": 16.109904758129424, "gps/path_distance": 106.39891119177604, "gps/altitude": -0.142, "cam/image_name": "456_cam-image.jpg", "Ai/mode": 1, "framecount/count": 456, "user/mode": "user"}