{"user/roll": 1505, "user/pitch": 1499, "user/throttle": 1003, "user/yaw": 1499, "imu/vel_x": 0.06, "imu/vel_y": 0.04, "imu/vel_z": 0.03, "gps/speed": 0.07946362346410751, "gps/target_distance": 20.918830477095472, "gps/path_distance": 74.27064075203863, "gps/altitude": -0.328, "cam/image_name": "525_cam-image.jpg", "Ai/mode": 1, "framecount/count": 525, "user/mode": "user"}