{"user/roll": 1506, "user/pitch": 1498, "user/throttle": 1003, "user/yaw": 1500, "imu/vel_x": 0.04, "imu/vel_y": 0.03, "imu/vel_z": -0.01, "gps/speed": 0.058558814227581024, "gps/target_distance": 10.471048962990436, "gps/path_distance": 113.87558197608571, "gps/altitude": -0.023, "cam/image_name": "409_cam-image.jpg", "Ai/mode": 1, "framecount/count": 409, "user/mode": "user"}