{"user/roll": 1505, "user/pitch": 1499, "user/throttle": 1003, "user/yaw": 1499, "imu/vel_x": 0.01, "imu/vel_y": 0.11, "imu/vel_z": 0.0, "gps/speed": 0.11962275952100754, "gps/target_distance": 12.406743695177973, "gps/path_distance": 105.82501704373968, "gps/altitude": -0.053, "cam/image_name": "434_cam-image.jpg", "Ai/mode": 1, "framecount/count": 434, "user/mode": "user"}