{"user/roll": 1505, "user/pitch": 1499, "user/throttle": 1004, "user/yaw": 1500, "imu/vel_x": 0.02, "imu/vel_y": -0.05, "imu/vel_z": -0.02, "gps/speed": 0.06402621418237686, "gps/target_distance": 14.157132037554229, "gps/path_distance": 126.40108563914754, "gps/altitude": 0.239, "cam/image_name": "176_cam-image.jpg", "Ai/mode": 1, "framecount/count": 176, "user/mode": "user"}