{"user/roll": 1505, "user/pitch": 1499, "user/throttle": 1003, "user/yaw": 1500, "imu/vel_x": 0.05, "imu/vel_y": 0.14, "imu/vel_z": 0.0, "gps/speed": 0.15304839611053467, "gps/target_distance": 14.532859178247653, "gps/path_distance": 105.85524250719502, "gps/altitude": -0.058, "cam/image_name": "442_cam-image.jpg", "Ai/mode": 1, "framecount/count": 442, "user/mode": "user"}