{"user/roll": 1506, "user/pitch": 1499, "user/throttle": 1113, "user/yaw": 1501, "imu/vel_x": -0.02, "imu/vel_y": -0.07, "imu/vel_z": -0.01, "gps/speed": 0.07964444160461426, "gps/target_distance": 17.750030465425837, "gps/path_distance": 121.08185245182963, "gps/altitude": 0.179, "cam/image_name": "128_cam-image.jpg", "Ai/mode": 1, "framecount/count": 128, "user/mode": "user"}