{"user/roll": 1506, "user/pitch": 1498, "user/throttle": 1003, "user/yaw": 1500, "imu/vel_x": 0.87, "imu/vel_y": 0.04, "imu/vel_z": 0.07, "gps/speed": 0.8746135234832764, "gps/target_distance": 22.344649208927297, "gps/path_distance": -13.427864935977624, "gps/altitude": 0.722, "cam/image_name": "560_cam-image.jpg", "Ai/mode": 1, "framecount/count": 560, "user/mode": "user"}