{"user/roll": 1505, "user/pitch": 1499, "user/throttle": 1114, "user/yaw": 1500, "imu/vel_x": 0.01, "imu/vel_y": -0.05, "imu/vel_z": -0.01, "gps/speed": 0.05904451385140419, "gps/target_distance": 14.350130017981376, "gps/path_distance": 124.10067617024507, "gps/altitude": 0.164, "cam/image_name": "170_cam-image.jpg", "Ai/mode": 1, "framecount/count": 170, "user/mode": "user"}