{"user/roll": 1505, "user/pitch": 1500, "user/throttle": 1113, "user/yaw": 1500, "imu/vel_x": 0.0, "imu/vel_y": 0.0, "imu/vel_z": -0.02, "gps/speed": 0.012095188722014427, "gps/target_distance": 17.225753988297882, "gps/path_distance": 122.12263004573796, "gps/altitude": 0.202, "cam/image_name": "135_cam-image.jpg", "Ai/mode": 1, "framecount/count": 135, "user/mode": "user"}