{"user/roll": 1506, "user/pitch": 1499, "user/throttle": 1004, "user/yaw": 1500, "imu/vel_x": -1.24, "imu/vel_y": 0.27, "imu/vel_z": 0.01, "gps/speed": 1.2740315198898315, "gps/target_distance": 13.304429836213671, "gps/path_distance": 45.983893774631596, "gps/altitude": 0.976, "cam/image_name": "191_cam-image.jpg", "Ai/mode": 1, "framecount/count": 191, "user/mode": "user"}