{"user/roll": 1505, "user/pitch": 1499, "user/throttle": 1113, "user/yaw": 1501, "imu/vel_x": -0.02, "imu/vel_y": -0.07, "imu/vel_z": -0.01, "gps/speed": 0.07685782015323639, "gps/target_distance": 18.604743299503458, "gps/path_distance": 120.50116376726356, "gps/altitude": 0.197, "cam/image_name": "122_cam-image.jpg", "Ai/mode": 1, "framecount/count": 122, "user/mode": "user"}