{"user/roll": 1505, "user/pitch": 1498, "user/throttle": 1003, "user/yaw": 1500, "imu/vel_x": 0.04, "imu/vel_y": 0.02, "imu/vel_z": -0.01, "gps/speed": 0.049699824303388596, "gps/target_distance": 10.414479524051508, "gps/path_distance": 114.34615056016045, "gps/altitude": -0.024, "cam/image_name": "408_cam-image.jpg", "Ai/mode": 1, "framecount/count": 408, "user/mode": "user"}