{"user/roll": 1505, "user/pitch": 1499, "user/throttle": 1003, "user/yaw": 1499, "imu/vel_x": 0.0, "imu/vel_y": 0.02, "imu/vel_z": 0.0, "gps/speed": 0.026202591136097908, "gps/target_distance": 11.171613935427327, "gps/path_distance": 107.79920018828237, "gps/altitude": -0.003, "cam/image_name": "426_cam-image.jpg", "Ai/mode": 1, "framecount/count": 426, "user/mode": "user"}