{"user/roll": 1505, "user/pitch": 1499, "user/throttle": 1003, "user/yaw": 1499, "imu/vel_x": 0.01, "imu/vel_y": -0.02, "imu/vel_z": 0.02, "gps/speed": 0.026675088331103325, "gps/target_distance": 20.713382323559696, "gps/path_distance": 75.29009466292581, "gps/altitude": -0.386, "cam/image_name": "533_cam-image.jpg", "Ai/mode": 1, "framecount/count": 533, "user/mode": "user"}