{"user/roll": 1504, "user/pitch": 1500, "user/throttle": 1301, "user/yaw": 1500, "imu/vel_x": -0.09, "imu/vel_y": -0.09, "imu/vel_z": -0.01, "gps/speed": 0.1333589106798172, "gps/target_distance": 24.788208688181243, "gps/path_distance": -56.957148810244306, "gps/altitude": -0.114, "cam/image_name": "2511_cam-image.jpg", "Ai/mode": 1, "framecount/count": 2511, "user/mode": "user"}