{"user/roll": 1506, "user/pitch": 1499, "user/throttle": 1004, "user/yaw": 1500, "imu/vel_x": 0.17, "imu/vel_y": 0.01, "imu/vel_z": -0.03, "gps/speed": 0.17752870917320251, "gps/target_distance": 30.759084879017188, "gps/path_distance": 225.4921708210938, "gps/altitude": 1.148, "cam/image_name": "212_cam-image.jpg", "Ai/mode": 1, "framecount/count": 212, "user/mode": "user"}