{"user/roll": 1506, "user/pitch": 1498, "user/throttle": 1004, "user/yaw": 1499, "imu/vel_x": 0.01, "imu/vel_y": -0.01, "imu/vel_z": 0.0, "gps/speed": 0.026745449751615524, "gps/target_distance": 16.094183704220423, "gps/path_distance": 106.72140284724136, "gps/altitude": -0.084, "cam/image_name": "459_cam-image.jpg", "Ai/mode": 1, "framecount/count": 459, "user/mode": "user"}