{"user/roll": 1506, "user/pitch": 1499, "user/throttle": 1113, "user/yaw": 1500, "imu/vel_x": -0.02, "imu/vel_y": -0.07, "imu/vel_z": -0.01, "gps/speed": 0.07576895505189896, "gps/target_distance": 18.493189445319008, "gps/path_distance": 120.58470511757415, "gps/altitude": 0.197, "cam/image_name": "123_cam-image.jpg", "Ai/mode": 1, "framecount/count": 123, "user/mode": "user"}