{"user/roll": 1506, "user/pitch": 1499, "user/throttle": 1113, "user/yaw": 1501, "imu/vel_x": 0.0, "imu/vel_y": -0.05, "imu/vel_z": -0.01, "gps/speed": 0.054529499262571335, "gps/target_distance": 14.473235395357067, "gps/path_distance": 123.83406877950065, "gps/altitude": 0.164, "cam/image_name": "169_cam-image.jpg", "Ai/mode": 1, "framecount/count": 169, "user/mode": "user"}