{"user/roll": 1504, "user/pitch": 1499, "user/throttle": 1303, "user/yaw": 1500, "imu/vel_x": 0.03, "imu/vel_y": -0.02, "imu/vel_z": 0.0, "gps/speed": 0.044815532863140106, "gps/target_distance": 17.634702335766722, "gps/path_distance": -53.122518314606154, "gps/altitude": -0.117, "cam/image_name": "666_cam-image.jpg", "Ai/mode": 1, "framecount/count": 666, "user/mode": "user"}