{"user/roll": 1387, "user/pitch": 1500, "user/throttle": 1406, "user/yaw": 1500, "imu/vel_x": 0.01, "imu/vel_y": 0.04, "imu/vel_z": -0.01, "gps/speed": 0.046064700931310654, "gps/target_distance": 18.233206568952614, "gps/path_distance": -57.193785350152496, "gps/altitude": -0.022, "cam/image_name": "644_cam-image.jpg", "Ai/mode": 1, "framecount/count": 644, "user/mode": "user"}