{"user/roll": 1506, "user/pitch": 1499, "user/throttle": 1004, "user/yaw": 1499, "imu/vel_x": -0.04, "imu/vel_y": 0.06, "imu/vel_z": -0.84, "gps/speed": 0.08216363936662674, "gps/target_distance": 13.739620159448904, "gps/path_distance": 125.77540369666582, "gps/altitude": 0.349, "cam/image_name": "178_cam-image.jpg", "Ai/mode": 1, "framecount/count": 178, "user/mode": "user"}