{"user/roll": 1506, "user/pitch": 1499, "user/throttle": 1113, "user/yaw": 1501, "imu/vel_x": -0.03, "imu/vel_y": -0.02, "imu/vel_z": -0.01, "gps/speed": 0.038268059492111206, "gps/target_distance": 15.822239203025255, "gps/path_distance": 122.27398068613493, "gps/altitude": 0.192, "cam/image_name": "149_cam-image.jpg", "Ai/mode": 1, "framecount/count": 149, "user/mode": "user"}