{"user/roll": 1505, "user/pitch": 1500, "user/throttle": 1113, "user/yaw": 1500, "imu/vel_x": -0.02, "imu/vel_y": 0.0, "imu/vel_z": -0.01, "gps/speed": 0.026109496131539345, "gps/target_distance": 15.737391872518595, "gps/path_distance": 121.98233203817017, "gps/altitude": 0.196, "cam/image_name": "152_cam-image.jpg", "Ai/mode": 1, "framecount/count": 152, "user/mode": "user"}