{"user/roll": 1506, "user/pitch": 1449, "user/throttle": 1406, "user/yaw": 1501, "imu/vel_x": -0.02, "imu/vel_y": -0.02, "imu/vel_z": 0.0, "gps/speed": 0.034432992339134216, "gps/target_distance": 26.201690458391102, "gps/path_distance": -42.281486542865224, "gps/altitude": -0.097, "cam/image_name": "610_cam-image.jpg", "Ai/mode": 1, "framecount/count": 610, "user/mode": "user"}