{"user/roll": 1505, "user/pitch": 1499, "user/throttle": 1301, "user/yaw": 1501, "imu/vel_x": -0.01, "imu/vel_y": 0.01, "imu/vel_z": 0.02, "gps/speed": 0.022510673850774765, "gps/target_distance": 6.8264234411899345, "gps/path_distance": -143.6533731734063, "gps/altitude": -0.158, "cam/image_name": "704_cam-image.jpg", "Ai/mode": 1, "framecount/count": 704, "user/mode": "user"}