{"user/roll": 1505, "user/pitch": 1499, "user/throttle": 1003, "user/yaw": 1499, "imu/vel_x": 0.02, "imu/vel_y": -0.02, "imu/vel_z": -0.01, "gps/speed": 0.035939838737249374, "gps/target_distance": 10.291409468615488, "gps/path_distance": 116.16781555665034, "gps/altitude": -0.013, "cam/image_name": "405_cam-image.jpg", "Ai/mode": 1, "framecount/count": 405, "user/mode": "user"}