{"user/roll": 1506, "user/pitch": 1499, "user/throttle": 1113, "user/yaw": 1501, "imu/vel_x": -0.02, "imu/vel_y": -0.08, "imu/vel_z": -0.01, "gps/speed": 0.08628293126821518, "gps/target_distance": 18.183435850576025, "gps/path_distance": 120.84922235215582, "gps/altitude": 0.206, "cam/image_name": "125_cam-image.jpg", "Ai/mode": 1, "framecount/count": 125, "user/mode": "user"}