{"user/roll": 1506, "user/pitch": 1498, "user/throttle": 1003, "user/yaw": 1500, "imu/vel_x": 0.02, "imu/vel_y": 0.02, "imu/vel_z": 0.01, "gps/speed": 0.03148338571190834, "gps/target_distance": 15.977297237476161, "gps/path_distance": 106.48442607785412, "gps/altitude": -0.15, "cam/image_name": "453_cam-image.jpg", "Ai/mode": 1, "framecount/count": 453, "user/mode": "user"}