{"user/roll": 1506, "user/pitch": 1499, "user/throttle": 1113, "user/yaw": 1501, "imu/vel_x": 0.0, "imu/vel_y": -0.04, "imu/vel_z": -0.01, "gps/speed": 0.044652342796325684, "gps/target_distance": 14.837478412833708, "gps/path_distance": 123.12914689264313, "gps/altitude": 0.149, "cam/image_name": "166_cam-image.jpg", "Ai/mode": 1, "framecount/count": 166, "user/mode": "user"}