{"user/roll": 1505, "user/pitch": 1499, "user/throttle": 1113, "user/yaw": 1501, "imu/vel_x": 0.0, "imu/vel_y": 0.03, "imu/vel_z": -0.01, "gps/speed": 0.03415459021925926, "gps/target_distance": 15.766287166275646, "gps/path_distance": 122.75513191754825, "gps/altitude": 0.171, "cam/image_name": "156_cam-image.jpg", "Ai/mode": 1, "framecount/count": 156, "user/mode": "user"}