{"user/roll": 1506, "user/pitch": 1499, "user/throttle": 1113, "user/yaw": 1501, "imu/vel_x": 0.01, "imu/vel_y": -0.05, "imu/vel_z": -0.01, "gps/speed": 0.05886498838663101, "gps/target_distance": 13.810822063248542, "gps/path_distance": 125.63912904118179, "gps/altitude": 0.167, "cam/image_name": "175_cam-image.jpg", "Ai/mode": 1, "framecount/count": 175, "user/mode": "user"}