{"user/roll": 1505, "user/pitch": 1500, "user/throttle": 1113, "user/yaw": 1500, "imu/vel_x": 0.0, "imu/vel_y": -0.06, "imu/vel_z": -0.01, "gps/speed": 0.061103034764528275, "gps/target_distance": 14.237447601849976, "gps/path_distance": 124.34832873103093, "gps/altitude": 0.161, "cam/image_name": "171_cam-image.jpg", "Ai/mode": 1, "framecount/count": 171, "user/mode": "user"}