{"user/roll": 1506, "user/pitch": 1498, "user/throttle": 1003, "user/yaw": 1499, "imu/vel_x": 0.05, "imu/vel_y": -0.07, "imu/vel_z": -0.02, "gps/speed": 0.09254469722509384, "gps/target_distance": 15.699670777973768, "gps/path_distance": 108.13792071283262, "gps/altitude": 0.005, "cam/image_name": "464_cam-image.jpg", "Ai/mode": 1, "framecount/count": 464, "user/mode": "user"}