{"user/roll": 1505, "user/pitch": 1499, "user/throttle": 1003, "user/yaw": 1499, "imu/vel_x": 0.02, "imu/vel_y": -0.05, "imu/vel_z": -0.03, "gps/speed": 0.06117446348071098, "gps/target_distance": 10.072150468806333, "gps/path_distance": 157.13798862131833, "gps/altitude": -0.083, "cam/image_name": "494_cam-image.jpg", "Ai/mode": 1, "framecount/count": 494, "user/mode": "user"}