{"user/roll": 1506, "user/pitch": 1498, "user/throttle": 1003, "user/yaw": 1500, "imu/vel_x": 0.01, "imu/vel_y": 0.01, "imu/vel_z": 0.0, "gps/speed": 0.023864025250077248, "gps/target_distance": 24.377893328672112, "gps/path_distance": -39.209699559825836, "gps/altitude": -0.066, "cam/image_name": "592_cam-image.jpg", "Ai/mode": 1, "framecount/count": 592, "user/mode": "user"}