{"user/roll": 1505, "user/pitch": 1499, "user/throttle": 1003, "user/yaw": 1499, "imu/vel_x": 0.03, "imu/vel_y": -0.06, "imu/vel_z": -0.01, "gps/speed": 0.07183822989463806, "gps/target_distance": 10.329785890740089, "gps/path_distance": 118.61581368149028, "gps/altitude": -0.005, "cam/image_name": "402_cam-image.jpg", "Ai/mode": 1, "framecount/count": 402, "user/mode": "user"}