{"user/roll": 1505, "user/pitch": 1499, "user/throttle": 1004, "user/yaw": 1500, "imu/vel_x": 0.25, "imu/vel_y": -0.01, "imu/vel_z": -0.07, "gps/speed": 0.25786831974983215, "gps/target_distance": 31.116108965460292, "gps/path_distance": 212.67167086138184, "gps/altitude": 1.117, "cam/image_name": "214_cam-image.jpg", "Ai/mode": 1, "framecount/count": 214, "user/mode": "user"}