{"user/roll": 1505, "user/pitch": 1499, "user/throttle": 1113, "user/yaw": 1501, "imu/vel_x": -0.03, "imu/vel_y": -0.05, "imu/vel_z": -0.01, "gps/speed": 0.06779105216264725, "gps/target_distance": 18.817568553805156, "gps/path_distance": 120.35326005042482, "gps/altitude": 0.178, "cam/image_name": "120_cam-image.jpg", "Ai/mode": 1, "framecount/count": 120, "user/mode": "user"}