{"user/roll": 1506, "user/pitch": 1499, "user/throttle": 1113, "user/yaw": 1501, "imu/vel_x": -0.02, "imu/vel_y": -0.01, "imu/vel_z": -0.01, "gps/speed": 0.030296675860881805, "gps/target_distance": 17.452734777723055, "gps/path_distance": 120.98301531126116, "gps/altitude": 0.183, "cam/image_name": "132_cam-image.jpg", "Ai/mode": 1, "framecount/count": 132, "user/mode": "user"}