{"user/roll": 1506, "user/pitch": 1498, "user/throttle": 1003, "user/yaw": 1500, "imu/vel_x": -0.03, "imu/vel_y": -0.03, "imu/vel_z": 0.0, "gps/speed": 0.052889976650476456, "gps/target_distance": 10.205928164151429, "gps/path_distance": 157.19670412923682, "gps/altitude": -0.146, "cam/image_name": "498_cam-image.jpg", "Ai/mode": 1, "framecount/count": 498, "user/mode": "user"}