{"user/roll": 1506, "user/pitch": 1498, "user/throttle": 1003, "user/yaw": 1499, "imu/vel_x": 0.04, "imu/vel_y": 0.04, "imu/vel_z": -0.01, "gps/speed": 0.06283362954854965, "gps/target_distance": 10.527923831119486, "gps/path_distance": 113.40863377307502, "gps/altitude": -0.022, "cam/image_name": "410_cam-image.jpg", "Ai/mode": 1, "framecount/count": 410, "user/mode": "user"}