{"user/roll": 1505, "user/pitch": 1499, "user/throttle": 1003, "user/yaw": 1499, "imu/vel_x": 0.05, "imu/vel_y": 0.1, "imu/vel_z": 0.01, "gps/speed": 0.11798317730426788, "gps/target_distance": 15.232877789540513, "gps/path_distance": 106.19956789246491, "gps/altitude": -0.124, "cam/image_name": "446_cam-image.jpg", "Ai/mode": 1, "framecount/count": 446, "user/mode": "user"}