{"user/roll": 1506, "user/pitch": 1499, "user/throttle": 1113, "user/yaw": 1500, "imu/vel_x": 0.02, "imu/vel_y": -0.03, "imu/vel_z": 0.0, "gps/speed": 0.037719178944826126, "gps/target_distance": 18.816089602714673, "gps/path_distance": -4.7825702054839425, "gps/altitude": 0.156, "cam/image_name": "100_cam-image.jpg", "Ai/mode": 1, "framecount/count": 100, "user/mode": "user"}