{"user/roll": 1506, "user/pitch": 1498, "user/throttle": 1003, "user/yaw": 1500, "imu/vel_x": 0.02, "imu/vel_y": -0.03, "imu/vel_z": 0.02, "gps/speed": 0.039865750819444656, "gps/target_distance": 20.412834213479577, "gps/path_distance": 75.93197645073678, "gps/altitude": -0.412, "cam/image_name": "538_cam-image.jpg", "Ai/mode": 1, "framecount/count": 538, "user/mode": "user"}