{"user/roll": 1506, "user/pitch": 1498, "user/throttle": 1003, "user/yaw": 1500, "imu/vel_x": 0.0, "imu/vel_y": 0.02, "imu/vel_z": -0.01, "gps/speed": 0.02955753542482853, "gps/target_distance": 10.978730193770065, "gps/path_distance": 109.00598898207997, "gps/altitude": 0.002, "cam/image_name": "422_cam-image.jpg", "Ai/mode": 1, "framecount/count": 422, "user/mode": "user"}