{"user/roll": 1505, "user/pitch": 1499, "user/throttle": 1003, "user/yaw": 1499, "imu/vel_x": 0.0, "imu/vel_y": 0.02, "imu/vel_z": -0.02, "gps/speed": 0.028338009491562843, "gps/target_distance": 10.928480371582934, "gps/path_distance": 109.33885522339635, "gps/altitude": 0.009, "cam/image_name": "421_cam-image.jpg", "Ai/mode": 1, "framecount/count": 421, "user/mode": "user"}