{"user/roll": 1505, "user/pitch": 1500, "user/throttle": 1004, "user/yaw": 1499, "imu/vel_x": 0.47, "imu/vel_y": -0.06, "imu/vel_z": 0.03, "gps/speed": 0.4828314781188965, "gps/target_distance": 31.398902229870455, "gps/path_distance": 222.30597959558662, "gps/altitude": 1.095, "cam/image_name": "216_cam-image.jpg", "Ai/mode": 1, "framecount/count": 216, "user/mode": "user"}