{"user/roll": 1505, "user/pitch": 1500, "user/throttle": 1113, "user/yaw": 1500, "imu/vel_x": -0.02, "imu/vel_y": -0.01, "imu/vel_z": -0.01, "gps/speed": 0.027709832414984703, "gps/target_distance": 15.28951205209329, "gps/path_distance": 122.63699596172071, "gps/altitude": 0.177, "cam/image_name": "162_cam-image.jpg", "Ai/mode": 1, "framecount/count": 162, "user/mode": "user"}