{"user/roll": 1505, "user/pitch": 1499, "user/throttle": 1003, "user/yaw": 1499, "imu/vel_x": 0.01, "imu/vel_y": -0.07, "imu/vel_z": -0.05, "gps/speed": 0.07605767995119095, "gps/target_distance": 10.037384171160074, "gps/path_distance": 156.74282920418912, "gps/altitude": -0.083, "cam/image_name": "493_cam-image.jpg", "Ai/mode": 1, "framecount/count": 493, "user/mode": "user"}