{"user/roll": 1505, "user/pitch": 1498, "user/throttle": 1003, "user/yaw": 1500, "imu/vel_x": 0.04, "imu/vel_y": 0.14, "imu/vel_z": 0.0, "gps/speed": 0.15716184675693512, "gps/target_distance": 13.347562754639856, "gps/path_distance": 105.89297122408797, "gps/altitude": -0.077, "cam/image_name": "437_cam-image.jpg", "Ai/mode": 1, "framecount/count": 437, "user/mode": "user"}