{"user/roll": 1505, "user/pitch": 1499, "user/throttle": 1003, "user/yaw": 1499, "imu/vel_x": 0.03, "imu/vel_y": 0.03, "imu/vel_z": 0.01, "gps/speed": 0.049324892461299896, "gps/target_distance": 15.922048386471175, "gps/path_distance": 106.52046912267704, "gps/altitude": -0.144, "cam/image_name": "452_cam-image.jpg", "Ai/mode": 1, "framecount/count": 452, "user/mode": "user"}