{"user/roll": 1505, "user/pitch": 1500, "user/throttle": 1113, "user/yaw": 1500, "imu/vel_x": 0.0, "imu/vel_y": -0.01, "imu/vel_z": -0.02, "gps/speed": 0.010969148017466068, "gps/target_distance": 16.875325637274074, "gps/path_distance": 122.48991060006199, "gps/altitude": 0.224, "cam/image_name": "139_cam-image.jpg", "Ai/mode": 1, "framecount/count": 139, "user/mode": "user"}