{"user/roll": 1506, "user/pitch": 1498, "user/throttle": 1003, "user/yaw": 1500, "imu/vel_x": 0.05, "imu/vel_y": -0.07, "imu/vel_z": -0.01, "gps/speed": 0.08439358323812485, "gps/target_distance": 15.584386784004453, "gps/path_distance": 108.48338955311623, "gps/altitude": 0.021, "cam/image_name": "465_cam-image.jpg", "Ai/mode": 1, "framecount/count": 465, "user/mode": "user"}