{"user/roll": 1505, "user/pitch": 1499, "user/throttle": 1003, "user/yaw": 1499, "imu/vel_x": 0.35, "imu/vel_y": -0.34, "imu/vel_z": 0.24, "gps/speed": 0.49358952045440674, "gps/target_distance": 10.013418956589089, "gps/path_distance": 319.4143303694967, "gps/altitude": 0.427, "cam/image_name": "476_cam-image.jpg", "Ai/mode": 1, "framecount/count": 476, "user/mode": "user"}