{"user/roll": 1505, "user/pitch": 1500, "user/throttle": 1113, "user/yaw": 1500, "imu/vel_x": -0.02, "imu/vel_y": -0.07, "imu/vel_z": -0.01, "gps/speed": 0.08305808901786804, "gps/target_distance": 18.340339476071556, "gps/path_distance": 120.73714499574962, "gps/altitude": 0.202, "cam/image_name": "124_cam-image.jpg", "Ai/mode": 1, "framecount/count": 124, "user/mode": "user"}