{"user/roll": 1506, "user/pitch": 1498, "user/throttle": 1003, "user/yaw": 1499, "imu/vel_x": 0.03, "imu/vel_y": 0.04, "imu/vel_z": 0.01, "gps/speed": 0.060311634093523026, "gps/target_distance": 15.842166104751684, "gps/path_distance": 106.4460434803272, "gps/altitude": -0.149, "cam/image_name": "451_cam-image.jpg", "Ai/mode": 1, "framecount/count": 451, "user/mode": "user"}