{"user/roll": 1505, "user/pitch": 1500, "user/throttle": 1113, "user/yaw": 1500, "imu/vel_x": -0.05, "imu/vel_y": -0.07, "imu/vel_z": -0.01, "gps/speed": 0.09225533902645111, "gps/target_distance": 18.906249570948397, "gps/path_distance": 120.40411621520886, "gps/altitude": 0.163, "cam/image_name": "117_cam-image.jpg", "Ai/mode": 1, "framecount/count": 117, "user/mode": "user"}