{"user/roll": 1506, "user/pitch": 1498, "user/throttle": 1003, "user/yaw": 1500, "imu/vel_x": 0.0, "imu/vel_y": 0.02, "imu/vel_z": -0.01, "gps/speed": 0.028381608426570892, "gps/target_distance": 10.885099226138951, "gps/path_distance": 110.0318046316124, "gps/altitude": 0.007, "cam/image_name": "419_cam-image.jpg", "Ai/mode": 1, "framecount/count": 419, "user/mode": "user"}