{"user/roll": 1505, "user/pitch": 1499, "user/throttle": 1113, "user/yaw": 1501, "imu/vel_x": 0.15, "imu/vel_y": -0.42, "imu/vel_z": 0.06, "gps/speed": 0.44809457659721375, "gps/target_distance": 18.262580436281592, "gps/path_distance": 121.58233864803319, "gps/altitude": 0.129, "cam/image_name": "109_cam-image.jpg", "Ai/mode": 1, "framecount/count": 109, "user/mode": "user"}