{"user/roll": 1506, "user/pitch": 1498, "user/throttle": 1003, "user/yaw": 1499, "imu/vel_x": 0.04, "imu/vel_y": 0.14, "imu/vel_z": 0.01, "gps/speed": 0.1534506380558014, "gps/target_distance": 14.062450721778646, "gps/path_distance": 105.82400115073222, "gps/altitude": -0.067, "cam/image_name": "440_cam-image.jpg", "Ai/mode": 1, "framecount/count": 440, "user/mode": "user"}