{"user/roll": 1506, "user/pitch": 1498, "user/throttle": 1003, "user/yaw": 1500, "imu/vel_x": 0.02, "imu/vel_y": 0.13, "imu/vel_z": 0.0, "gps/speed": 0.14009423553943634, "gps/target_distance": 12.753131146499491, "gps/path_distance": 105.79734078302329, "gps/altitude": -0.067, "cam/image_name": "435_cam-image.jpg", "Ai/mode": 1, "framecount/count": 435, "user/mode": "user"}