{"user/roll": 1506, "user/pitch": 1498, "user/throttle": 1003, "user/yaw": 1500, "imu/vel_x": -0.91, "imu/vel_y": 0.59, "imu/vel_z": 0.03, "gps/speed": 1.0928339958190918, "gps/target_distance": 13.166395303109988, "gps/path_distance": 107.29319527881441, "gps/altitude": 0.679, "cam/image_name": "508_cam-image.jpg", "Ai/mode": 1, "framecount/count": 508, "user/mode": "user"}