{"user/roll": 1506, "user/pitch": 1498, "user/throttle": 1003, "user/yaw": 1499, "imu/vel_x": 0.02, "imu/vel_y": 0.01, "imu/vel_z": 0.0, "gps/speed": 0.029288267716765404, "gps/target_distance": 10.35592994607404, "gps/path_distance": 114.73008659861868, "gps/altitude": -0.021, "cam/image_name": "407_cam-image.jpg", "Ai/mode": 1, "framecount/count": 407, "user/mode": "user"}