{"user/roll": 1506, "user/pitch": 1498, "user/throttle": 1003, "user/yaw": 1499, "imu/vel_x": 0.06, "imu/vel_y": 0.12, "imu/vel_z": 0.01, "gps/speed": 0.13808460533618927, "gps/target_distance": 14.906167468574875, "gps/path_distance": 106.08349960609753, "gps/altitude": -0.09, "cam/image_name": "444_cam-image.jpg", "Ai/mode": 1, "framecount/count": 444, "user/mode": "user"}