{"user/roll": 1505, "user/pitch": 1500, "user/throttle": 1113, "user/yaw": 1500, "imu/vel_x": -0.01, "imu/vel_y": -0.02, "imu/vel_z": -0.01, "gps/speed": 0.029582398012280464, "gps/target_distance": 15.184220700864723, "gps/path_distance": 122.66782753067639, "gps/altitude": 0.166, "cam/image_name": "163_cam-image.jpg", "Ai/mode": 1, "framecount/count": 163, "user/mode": "user"}