{"user/roll": 1505, "user/pitch": 1499, "user/throttle": 1113, "user/yaw": 1501, "imu/vel_x": 0.02, "imu/vel_y": -0.29, "imu/vel_z": 0.0, "gps/speed": 0.29870298504829407, "gps/target_distance": 18.210030758872175, "gps/path_distance": 110.77150232941267, "gps/altitude": 0.146, "cam/image_name": "107_cam-image.jpg", "Ai/mode": 1, "framecount/count": 107, "user/mode": "user"}