{"user/roll": 1505, "user/pitch": 1500, "user/throttle": 1113, "user/yaw": 1500, "imu/vel_x": 0.0, "imu/vel_y": 0.01, "imu/vel_z": 0.0, "gps/speed": 0.018962811678647995, "gps/target_distance": 15.739436511820491, "gps/path_distance": 121.86396110059113, "gps/altitude": 0.169, "cam/image_name": "154_cam-image.jpg", "Ai/mode": 1, "framecount/count": 154, "user/mode": "user"}