{"user/roll": 1505, "user/pitch": 1499, "user/throttle": 1004, "user/yaw": 1500, "imu/vel_x": -0.05, "imu/vel_y": 0.15, "imu/vel_z": 0.0, "gps/speed": 0.16312648355960846, "gps/target_distance": 38.825117932696095, "gps/path_distance": 148.42523028773212, "gps/altitude": 0.136, "cam/image_name": "273_cam-image.jpg", "Ai/mode": 1, "framecount/count": 273, "user/mode": "user"}