{"user/roll": 1506, "user/pitch": 1498, "user/throttle": 1003, "user/yaw": 1500, "imu/vel_x": 0.04, "imu/vel_y": 0.05, "imu/vel_z": -0.01, "gps/speed": 0.07132923603057861, "gps/target_distance": 10.828590794033685, "gps/path_distance": 112.20862016351407, "gps/altitude": -0.035, "cam/image_name": "414_cam-image.jpg", "Ai/mode": 1, "framecount/count": 414, "user/mode": "user"}