{"user/roll": 1505, "user/pitch": 1500, "user/throttle": 1113, "user/yaw": 1500, "imu/vel_x": -0.01, "imu/vel_y": -0.01, "imu/vel_z": -0.01, "gps/speed": 0.020936990156769753, "gps/target_distance": 16.701828994314294, "gps/path_distance": 122.43420325381835, "gps/altitude": 0.223, "cam/image_name": "141_cam-image.jpg", "Ai/mode": 1, "framecount/count": 141, "user/mode": "user"}