{"user/roll": 1506, "user/pitch": 1498, "user/throttle": 1003, "user/yaw": 1500, "imu/vel_x": 0.18, "imu/vel_y": -0.08, "imu/vel_z": 0.03, "gps/speed": 0.20511148869991302, "gps/target_distance": 22.501482319045397, "gps/path_distance": -22.426959212775216, "gps/altitude": 0.683, "cam/image_name": "563_cam-image.jpg", "Ai/mode": 1, "framecount/count": 563, "user/mode": "user"}