{"user/roll": 1506, "user/pitch": 1499, "user/throttle": 1004, "user/yaw": 1500, "imu/vel_x": 0.17, "imu/vel_y": 0.26, "imu/vel_z": 0.17, "gps/speed": 0.31184664368629456, "gps/target_distance": 37.98935638162688, "gps/path_distance": 150.49987259585686, "gps/altitude": 0.179, "cam/image_name": "254_cam-image.jpg", "Ai/mode": 1, "framecount/count": 254, "user/mode": "user"}