{"user/roll": 1506, "user/pitch": 1499, "user/throttle": 1113, "user/yaw": 1500, "imu/vel_x": 0.0, "imu/vel_y": 0.01, "imu/vel_z": -0.01, "gps/speed": 0.013651727698743343, "gps/target_distance": 15.568156345746413, "gps/path_distance": 122.67681645620281, "gps/altitude": 0.18, "cam/image_name": "160_cam-image.jpg", "Ai/mode": 1, "framecount/count": 160, "user/mode": "user"}