{"user/roll": 1505, "user/pitch": 1498, "user/throttle": 1003, "user/yaw": 1500, "imu/vel_x": -0.03, "imu/vel_y": -0.05, "imu/vel_z": -0.01, "gps/speed": 0.061950404196977615, "gps/target_distance": 10.149598052125977, "gps/path_distance": 157.01369065977997, "gps/altitude": -0.14, "cam/image_name": "497_cam-image.jpg", "Ai/mode": 1, "framecount/count": 497, "user/mode": "user"}