{"user/roll": 1505, "user/pitch": 1500, "user/throttle": 1113, "user/yaw": 1500, "imu/vel_x": 0.03, "imu/vel_y": -0.19, "imu/vel_z": 0.01, "gps/speed": 0.19594812393188477, "gps/target_distance": 18.332645502091832, "gps/path_distance": 110.55835121961945, "gps/altitude": 0.136, "cam/image_name": "105_cam-image.jpg", "Ai/mode": 1, "framecount/count": 105, "user/mode": "user"}