{"user/roll": 1506, "user/pitch": 1498, "user/throttle": 1003, "user/yaw": 1499, "imu/vel_x": 0.0, "imu/vel_y": 0.02, "imu/vel_z": 0.0, "gps/speed": 0.028254348784685135, "gps/target_distance": 11.130380689559361, "gps/path_distance": 108.02240877008185, "gps/altitude": -0.011, "cam/image_name": "425_cam-image.jpg", "Ai/mode": 1, "framecount/count": 425, "user/mode": "user"}