{"user/roll": 1505, "user/pitch": 1500, "user/throttle": 1004, "user/yaw": 1499, "imu/vel_x": 0.08, "imu/vel_y": 0.03, "imu/vel_z": -0.01, "gps/speed": 0.09066735208034515, "gps/target_distance": 39.429828349278324, "gps/path_distance": 150.2014287228647, "gps/altitude": 0.155, "cam/image_name": "281_cam-image.jpg", "Ai/mode": 1, "framecount/count": 281, "user/mode": "user"}