{"user/roll": 1506, "user/pitch": 1498, "user/throttle": 1003, "user/yaw": 1500, "imu/vel_x": -0.03, "imu/vel_y": -0.02, "imu/vel_z": 0.0, "gps/speed": 0.044577933847904205, "gps/target_distance": 10.273013970506954, "gps/path_distance": 157.27500203581332, "gps/altitude": -0.149, "cam/image_name": "499_cam-image.jpg", "Ai/mode": 1, "framecount/count": 499, "user/mode": "user"}