{"user/roll": 1506, "user/pitch": 1499, "user/throttle": 1113, "user/yaw": 1501, "imu/vel_x": 0.01, "imu/vel_y": -0.05, "imu/vel_z": -0.01, "gps/speed": 0.05949011817574501, "gps/target_distance": 14.129295746373057, "gps/path_distance": 124.65236155541034, "gps/altitude": 0.163, "cam/image_name": "172_cam-image.jpg", "Ai/mode": 1, "framecount/count": 172, "user/mode": "user"}