{"user/roll": 1505, "user/pitch": 1499, "user/throttle": 1003, "user/yaw": 1499, "imu/vel_x": 0.04, "imu/vel_y": 0.08, "imu/vel_z": 0.01, "gps/speed": 0.09528321027755737, "gps/target_distance": 15.525211555913927, "gps/path_distance": 106.26853529292437, "gps/altitude": -0.141, "cam/image_name": "448_cam-image.jpg", "Ai/mode": 1, "framecount/count": 448, "user/mode": "user"}