{"user/roll": 1505, "user/pitch": 1499, "user/throttle": 1003, "user/yaw": 1499, "imu/vel_x": 0.06, "imu/vel_y": 0.01, "imu/vel_z": 0.02, "gps/speed": 0.06644441932439804, "gps/target_distance": 20.889809270139363, "gps/path_distance": 74.61014153272126, "gps/altitude": -0.342, "cam/image_name": "527_cam-image.jpg", "Ai/mode": 1, "framecount/count": 527, "user/mode": "user"}