{"user/roll": 1505, "user/pitch": 1498, "user/throttle": 1003, "user/yaw": 1500, "imu/vel_x": 0.06, "imu/vel_y": 0.11, "imu/vel_z": 0.01, "gps/speed": 0.1282067596912384, "gps/target_distance": 15.075659916315585, "gps/path_distance": 106.17146302252456, "gps/altitude": -0.103, "cam/image_name": "445_cam-image.jpg", "Ai/mode": 1, "framecount/count": 445, "user/mode": "user"}