{"user/roll": 1505, "user/pitch": 1499, "user/throttle": 1003, "user/yaw": 1499, "imu/vel_x": 0.04, "imu/vel_y": 0.05, "imu/vel_z": -0.01, "gps/speed": 0.06988317519426346, "gps/target_distance": 10.694403930744103, "gps/path_distance": 112.77613416079217, "gps/altitude": -0.018, "cam/image_name": "412_cam-image.jpg", "Ai/mode": 1, "framecount/count": 412, "user/mode": "user"}