{"user/roll": 1506, "user/pitch": 1498, "user/throttle": 1003, "user/yaw": 1499, "imu/vel_x": 0.02, "imu/vel_y": -0.08, "imu/vel_z": -0.01, "gps/speed": 0.09236089885234833, "gps/target_distance": 10.428686046801527, "gps/path_distance": 120.51337447175706, "gps/altitude": -0.024, "cam/image_name": "400_cam-image.jpg", "Ai/mode": 1, "framecount/count": 400, "user/mode": "user"}