{"user/roll": 1506, "user/pitch": 1499, "user/throttle": 1004, "user/yaw": 1499, "imu/vel_x": 0.06, "imu/vel_y": 0.05, "imu/vel_z": -0.01, "gps/speed": 0.09043265134096146, "gps/target_distance": 39.445168567308045, "gps/path_distance": 149.99309831654733, "gps/altitude": 0.156, "cam/image_name": "280_cam-image.jpg", "Ai/mode": 1, "framecount/count": 280, "user/mode": "user"}