{"user/roll": 1505, "user/pitch": 1500, "user/throttle": 1113, "user/yaw": 1500, "imu/vel_x": 0.02, "imu/vel_y": -0.05, "imu/vel_z": -0.01, "gps/speed": 0.060706716030836105, "gps/target_distance": 13.918186659956381, "gps/path_distance": 125.32434352836074, "gps/altitude": 0.168, "cam/image_name": "174_cam-image.jpg", "Ai/mode": 1, "framecount/count": 174, "user/mode": "user"}