{"user/roll": 1505, "user/pitch": 1499, "user/throttle": 1114, "user/yaw": 1500, "imu/vel_x": -0.02, "imu/vel_y": 0.0, "imu/vel_z": -0.01, "gps/speed": 0.027435021474957466, "gps/target_distance": 15.760162477395316, "gps/path_distance": 122.10964987437285, "gps/altitude": 0.196, "cam/image_name": "151_cam-image.jpg", "Ai/mode": 1, "framecount/count": 151, "user/mode": "user"}