{"user/roll": 1505, "user/pitch": 1499, "user/throttle": 1301, "user/yaw": 1501, "imu/vel_x": 0.01, "imu/vel_y": 0.02, "imu/vel_z": -0.01, "gps/speed": 0.030717376619577408, "gps/target_distance": 19.543109929015333, "gps/path_distance": -64.15650407754995, "gps/altitude": -0.066, "cam/image_name": "780_cam-image.jpg", "Ai/mode": 1, "framecount/count": 780, "user/mode": "user"}