{"user/roll": 1505, "user/pitch": 1499, "user/throttle": 1003, "user/yaw": 1499, "imu/vel_x": 0.04, "imu/vel_y": 0.06, "imu/vel_z": 0.01, "gps/speed": 0.0755171924829483, "gps/target_distance": 15.752500156132127, "gps/path_distance": 106.44109855705548, "gps/altitude": -0.141, "cam/image_name": "450_cam-image.jpg", "Ai/mode": 1, "framecount/count": 450, "user/mode": "user"}