{"user/roll": 1506, "user/pitch": 1498, "user/throttle": 1003, "user/yaw": 1500, "imu/vel_x": 0.05, "imu/vel_y": 0.14, "imu/vel_z": 0.0, "gps/speed": 0.15241804718971252, "gps/target_distance": 14.298249616918726, "gps/path_distance": 105.87470404356621, "gps/altitude": -0.062, "cam/image_name": "441_cam-image.jpg", "Ai/mode": 1, "framecount/count": 441, "user/mode": "user"}