{"user/roll": 1506, "user/pitch": 1499, "user/throttle": 1113, "user/yaw": 1501, "imu/vel_x": -0.03, "imu/vel_y": -0.03, "imu/vel_z": -0.01, "gps/speed": 0.04646025970578194, "gps/target_distance": 15.880187665999717, "gps/path_distance": 122.38833793326017, "gps/altitude": 0.196, "cam/image_name": "148_cam-image.jpg", "Ai/mode": 1, "framecount/count": 148, "user/mode": "user"}