{"user/roll": 1506, "user/pitch": 1498, "user/throttle": 1003, "user/yaw": 1499, "imu/vel_x": 0.01, "imu/vel_y": 0.01, "imu/vel_z": 0.01, "gps/speed": 0.01716027408838272, "gps/target_distance": 16.032548619882768, "gps/path_distance": 106.44862642538094, "gps/altitude": -0.148, "cam/image_name": "454_cam-image.jpg", "Ai/mode": 1, "framecount/count": 454, "user/mode": "user"}