{"user/roll": 1505, "user/pitch": 1500, "user/throttle": 1004, "user/yaw": 1500, "imu/vel_x": -0.91, "imu/vel_y": 0.84, "imu/vel_z": 0.18, "gps/speed": 1.2427430152893066, "gps/target_distance": 14.462102391700022, "gps/path_distance": 56.091058025937755, "gps/altitude": 1.067, "cam/image_name": "183_cam-image.jpg", "Ai/mode": 1, "framecount/count": 183, "user/mode": "user"}