{"user/roll": 1506, "user/pitch": 1499, "user/throttle": 1004, "user/yaw": 1500, "imu/vel_x": 0.04, "imu/vel_y": 0.08, "imu/vel_z": -0.01, "gps/speed": 0.09495942294597626, "gps/target_distance": 39.43934807019047, "gps/path_distance": 149.81418885028214, "gps/altitude": 0.145, "cam/image_name": "279_cam-image.jpg", "Ai/mode": 1, "framecount/count": 279, "user/mode": "user"}