{"user/roll": 1506, "user/pitch": 1498, "user/throttle": 1003, "user/yaw": 1500, "imu/vel_x": 0.04, "imu/vel_y": 0.06, "imu/vel_z": 0.01, "gps/speed": 0.08107611536979675, "gps/target_distance": 15.63822447358722, "gps/path_distance": 106.32369530992192, "gps/altitude": -0.143, "cam/image_name": "449_cam-image.jpg", "Ai/mode": 1, "framecount/count": 449, "user/mode": "user"}