{"user/roll": 1505, "user/pitch": 1499, "user/throttle": 1003, "user/yaw": 1499, "imu/vel_x": 0.06, "imu/vel_y": 0.13, "imu/vel_z": 0.01, "gps/speed": 0.1482481211423874, "gps/target_distance": 14.726844099156867, "gps/path_distance": 106.06848833916364, "gps/altitude": -0.073, "cam/image_name": "443_cam-image.jpg", "Ai/mode": 1, "framecount/count": 443, "user/mode": "user"}