{"user/roll": 1505, "user/pitch": 1500, "user/throttle": 1113, "user/yaw": 1500, "imu/vel_x": -0.02, "imu/vel_y": -0.03, "imu/vel_z": -0.01, "gps/speed": 0.039497945457696915, "gps/target_distance": 17.516743372140365, "gps/path_distance": 121.02597396256992, "gps/altitude": 0.175, "cam/image_name": "131_cam-image.jpg", "Ai/mode": 1, "framecount/count": 131, "user/mode": "user"}