{"user/roll": 1506, "user/pitch": 1498, "user/throttle": 1003, "user/yaw": 1500, "imu/vel_x": 0.03, "imu/vel_y": 0.05, "imu/vel_z": -0.01, "gps/speed": 0.06038055941462517, "gps/target_distance": 10.864614701955913, "gps/path_distance": 111.79231412548576, "gps/altitude": -0.036, "cam/image_name": "415_cam-image.jpg", "Ai/mode": 1, "framecount/count": 415, "user/mode": "user"}