{"user/roll": 1506, "user/pitch": 1498, "user/throttle": 1003, "user/yaw": 1500, "imu/vel_x": 0.05, "imu/vel_y": 0.09, "imu/vel_z": 0.01, "gps/speed": 0.10668177157640457, "gps/target_distance": 15.379043552416888, "gps/path_distance": 106.23438160046409, "gps/altitude": -0.139, "cam/image_name": "447_cam-image.jpg", "Ai/mode": 1, "framecount/count": 447, "user/mode": "user"}