{"user/roll": 1505, "user/pitch": 1498, "user/throttle": 1003, "user/yaw": 1500, "imu/vel_x": 0.01, "imu/vel_y": 0.02, "imu/vel_z": -0.01, "gps/speed": 0.02525321952998638, "gps/target_distance": 10.880046438178338, "gps/path_distance": 109.76373034430868, "gps/altitude": 0.009, "cam/image_name": "420_cam-image.jpg", "Ai/mode": 1, "framecount/count": 420, "user/mode": "user"}