{"user/roll": 1470, "user/pitch": 1535, "user/throttle": 1475, "user/yaw": 1501, "imu/vel_x": -0.22, "imu/vel_y": -0.28, "imu/vel_z": 0.69, "gps/latitude": 51.4506651, "gps/longtitude": 5.4549853, "gps/speed": 0.36221110820770264, "gps/target_distance": 39.12436026122959, "gps/path_distance": 0.049324708393423414, "gps/heading_delta": 9.712329118815973, "gps/altitude": 2.813, "cam/image_name": "8_cam-image.jpg", "framecount/count": 8, "user/mode": "user"}