{"user/roll": 1509, "user/pitch": 1499, "user/throttle": 1478, "user/yaw": 1507, "imu/vel_x": -0.05, "imu/vel_y": -0.21, "imu/vel_z": -0.28, "gps/latitude": 51.4506678, "gps/longtitude": 5.4549902, "gps/speed": 0.15188638865947723, "gps/target_distance": 39.74400488429649, "gps/path_distance": 1.5020281446598234e-09, "gps/heading_delta": 9.633794951371442, "gps/altitude": 2.94, "cam/image_name": "1_cam-image.jpg", "framecount/count": 1, "user/mode": "user"}