{"user/roll": 1468, "user/pitch": 1528, "user/throttle": 1442, "user/yaw": 1506, "imu/vel_x": -0.18, "imu/vel_y": -0.26, "imu/vel_z": 0.48, "gps/latitude": 51.4506658, "gps/longtitude": 5.4549862, "gps/speed": 0.3334231972694397, "gps/target_distance": 39.25059705141099, "gps/path_distance": 0.05915279161138875, "gps/heading_delta": 9.727662585214091, "gps/altitude": 2.943, "cam/image_name": "5_cam-image.jpg", "framecount/count": 5, "user/mode": "user"}