{"user/roll": 1507, "user/pitch": 1542, "user/throttle": 1432, "user/yaw": 1506, "imu/vel_x": -0.14, "imu/vel_y": -0.26, "imu/vel_z": 0.21, "gps/latitude": 51.4506664, "gps/longtitude": 5.4549872, "gps/speed": 0.31293654441833496, "gps/target_distance": 39.38003069110914, "gps/path_distance": 0.05361957796420606, "gps/heading_delta": 10.718608432235527, "gps/altitude": 3.009, "cam/image_name": "2_cam-image.jpg", "framecount/count": 2, "user/mode": "user"}