{"user/roll": 1506, "user/pitch": 1499, "user/throttle": 1301, "user/yaw": 1501, "imu/vel_x": -0.04, "imu/vel_y": -0.07, "imu/vel_z": -0.06, "gps/speed": 0.08239280432462692, "gps/target_distance": 23.661966564981718, "gps/path_distance": 199.17613775188437, "gps/altitude": 0.628, "cam/image_name": "148_cam-image.jpg", "Ai/mode": 1, "framecount/count": 148, "user/mode": "user"}