{"user/roll": 1504, "user/pitch": 1499, "user/throttle": 1301, "user/yaw": 1500, "imu/vel_x": -0.32, "imu/vel_y": -0.04, "imu/vel_z": 0.05, "gps/speed": 0.33033663034439087, "gps/target_distance": 4.5412154634288004, "gps/path_distance": 382.36741340565766, "gps/altitude": -0.589, "cam/image_name": "358_cam-image.jpg", "Ai/mode": 1, "framecount/count": 358, "user/mode": "user"}