{"user/roll": 1506, "user/pitch": 1499, "user/throttle": 1301, "user/yaw": 1501, "imu/vel_x": -0.06, "imu/vel_y": 0.02, "imu/vel_z": -0.04, "gps/speed": 0.06512780487537384, "gps/target_distance": 24.220876069720752, "gps/path_distance": 203.16192308432286, "gps/altitude": 0.507, "cam/image_name": "137_cam-image.jpg", "Ai/mode": 1, "framecount/count": 137, "user/mode": "user"}