{"user/roll": 1506, "user/pitch": 1499, "user/throttle": 1301, "user/yaw": 1501, "imu/vel_x": -0.08, "imu/vel_y": -0.03, "imu/vel_z": -0.06, "gps/speed": 0.09225769340991974, "gps/target_distance": 24.026993929132768, "gps/path_distance": 198.31916614622781, "gps/altitude": 0.567, "cam/image_name": "143_cam-image.jpg", "Ai/mode": 1, "framecount/count": 143, "user/mode": "user"}