{"user/roll": 1504, "user/pitch": 1499, "user/throttle": 1302, "user/yaw": 1500, "imu/vel_x": -0.02, "imu/vel_y": 0.15, "imu/vel_z": 0.01, "gps/speed": 0.15390273928642273, "gps/target_distance": 1.0115647497995979, "gps/path_distance": 7.036186053108391, "gps/altitude": 0.023, "cam/image_name": "575_cam-image.jpg", "Ai/mode": 1, "framecount/count": 575, "user/mode": "user"}