{"user/roll": 1504, "user/pitch": 1500, "user/throttle": 1301, "user/yaw": 1500, "imu/vel_x": 0.03, "imu/vel_y": 0.21, "imu/vel_z": -0.01, "gps/speed": 0.21759070456027985, "gps/target_distance": 0.9319311625988046, "gps/path_distance": 16.51297352767049, "gps/altitude": 0.018, "cam/image_name": "574_cam-image.jpg", "Ai/mode": 1, "framecount/count": 574, "user/mode": "user"}