{"user/roll": 1505, "user/pitch": 1499, "user/throttle": 1303, "user/yaw": 1500, "imu/vel_x": 0.09, "imu/vel_y": -0.15, "imu/vel_z": 0.11, "gps/speed": 0.17871610820293427, "gps/target_distance": 2.6150499797564084, "gps/path_distance": 345.72940440074416, "gps/altitude": -0.126, "cam/image_name": "513_cam-image.jpg", "Ai/mode": 1, "framecount/count": 513, "user/mode": "user"}