{"user/roll": 1504, "user/pitch": 1499, "user/throttle": 1303, "user/yaw": 1500, "imu/vel_x": 0.42, "imu/vel_y": 0.78, "imu/vel_z": 0.06, "gps/speed": 0.8914497494697571, "gps/target_distance": 13.951354789841938, "gps/path_distance": 24.993154451500196, "gps/altitude": 0.048, "cam/image_name": "458_cam-image.jpg", "Ai/mode": 1, "framecount/count": 458, "user/mode": "user"}