{"user/roll": 1505, "user/pitch": 1499, "user/throttle": 1301, "user/yaw": 1501, "imu/vel_x": 0.08, "imu/vel_y": -0.09, "imu/vel_z": 0.01, "gps/speed": 0.12348572164773941, "gps/target_distance": 13.134281985919754, "gps/path_distance": 20.142692839802812, "gps/altitude": 0.022, "cam/image_name": "455_cam-image.jpg", "Ai/mode": 1, "framecount/count": 455, "user/mode": "user"}