{"user/roll": 1505, "user/pitch": 1500, "user/throttle": 1301, "user/yaw": 1500, "imu/vel_x": 0.06, "imu/vel_y": 0.23, "imu/vel_z": -0.16, "gps/speed": 0.24321375787258148, "gps/target_distance": 27.165583974082857, "gps/path_distance": 68.57345017467941, "gps/altitude": 0.607, "cam/image_name": "103_cam-image.jpg", "Ai/mode": 1, "framecount/count": 103, "user/mode": "user"}