{"user/roll": 1504, "user/pitch": 1499, "user/throttle": 1302, "user/yaw": 1500, "imu/vel_x": -0.03, "imu/vel_y": 0.16, "imu/vel_z": 0.01, "gps/speed": 0.16621820628643036, "gps/target_distance": 2.013747103586317, "gps/path_distance": 341.02566094714905, "gps/altitude": 0.063, "cam/image_name": "536_cam-image.jpg", "Ai/mode": 1, "framecount/count": 536, "user/mode": "user"}