{"user/roll": 1505, "user/pitch": 1500, "user/throttle": 1301, "user/yaw": 1500, "imu/vel_x": 0.09, "imu/vel_y": 0.23, "imu/vel_z": 0.0, "gps/speed": 0.25877809524536133, "gps/target_distance": 24.528417036677222, "gps/path_distance": 205.61040837836427, "gps/altitude": 0.436, "cam/image_name": "130_cam-image.jpg", "Ai/mode": 1, "framecount/count": 130, "user/mode": "user"}