{"user/roll": 1504, "user/pitch": 1499, "user/throttle": 1303, "user/yaw": 1500, "imu/vel_x": 0.03, "imu/vel_y": 1.27, "imu/vel_z": 0.11, "gps/speed": 1.2804440259933472, "gps/target_distance": 1.2305848906779255, "gps/path_distance": 102.82039646233991, "gps/altitude": 0.102, "cam/image_name": "407_cam-image.jpg", "Ai/mode": 1, "framecount/count": 407, "user/mode": "user"}