{"user/roll": 1506, "user/pitch": 1499, "user/throttle": 1301, "user/yaw": 1501, "imu/vel_x": 0.26, "imu/vel_y": 0.64, "imu/vel_z": -0.11, "gps/speed": 0.7016227841377258, "gps/target_distance": 28.109741633947234, "gps/path_distance": 53.911590862856656, "gps/altitude": 0.646, "cam/image_name": "105_cam-image.jpg", "Ai/mode": 1, "framecount/count": 105, "user/mode": "user"}