{"user/roll": 1504, "user/pitch": 1500, "user/throttle": 1301, "user/yaw": 1500, "imu/vel_x": 0.11, "imu/vel_y": 0.07, "imu/vel_z": -0.02, "gps/speed": 0.13654980063438416, "gps/target_distance": 3.4945398006488166, "gps/path_distance": 323.24744466741765, "gps/altitude": 0.163, "cam/image_name": "556_cam-image.jpg", "Ai/mode": 1, "framecount/count": 556, "user/mode": "user"}