{"user/roll": 1504, "user/pitch": 1500, "user/throttle": 1302, "user/yaw": 1500, "imu/vel_x": -0.11, "imu/vel_y": 0.16, "imu/vel_z": -0.01, "gps/speed": 0.20032906532287598, "gps/target_distance": 0.7277708536628125, "gps/path_distance": 140.53823910152857, "gps/altitude": 0.061, "cam/image_name": "568_cam-image.jpg", "Ai/mode": 1, "framecount/count": 568, "user/mode": "user"}