{"user/roll": 1506, "user/pitch": 1499, "user/throttle": 1301, "user/yaw": 1501, "imu/vel_x": 0.15, "imu/vel_y": -0.63, "imu/vel_z": 0.06, "gps/speed": 0.6575698256492615, "gps/target_distance": 19.484165329074294, "gps/path_distance": 211.67811669922907, "gps/altitude": 0.484, "cam/image_name": "157_cam-image.jpg", "Ai/mode": 1, "framecount/count": 157, "user/mode": "user"}