{"user/roll": 1505, "user/pitch": 1499, "user/throttle": 1302, "user/yaw": 1500, "imu/vel_x": -0.07, "imu/vel_y": -0.03, "imu/vel_z": -0.05, "gps/speed": 0.08225153386592865, "gps/target_distance": 24.058586173489758, "gps/path_distance": 199.62711292174995, "gps/altitude": 0.555, "cam/image_name": "142_cam-image.jpg", "Ai/mode": 1, "framecount/count": 142, "user/mode": "user"}