{"user/roll": 1504, "user/pitch": 1499, "user/throttle": 1302, "user/yaw": 1500, "imu/vel_x": -0.11, "imu/vel_y": 0.45, "imu/vel_z": 0.02, "gps/speed": 0.46566060185432434, "gps/target_distance": 2.3212990788956858, "gps/path_distance": 81.54767120210713, "gps/altitude": 0.038, "cam/image_name": "549_cam-image.jpg", "Ai/mode": 1, "framecount/count": 549, "user/mode": "user"}