{"user/roll": 1506, "user/pitch": 1498, "user/throttle": 1302, "user/yaw": 1500, "imu/vel_x": 0.27, "imu/vel_y": 0.61, "imu/vel_z": -0.23, "gps/speed": 0.6683924198150635, "gps/target_distance": 19.100616790629914, "gps/path_distance": 0.8138434407945567, "gps/altitude": 0.164, "cam/image_name": "209_cam-image.jpg", "Ai/mode": 1, "framecount/count": 209, "user/mode": "user"}