{"user/roll": 1504, "user/pitch": 1500, "user/throttle": 1301, "user/yaw": 1500, "imu/vel_x": 0.29, "imu/vel_y": 0.55, "imu/vel_z": -0.07, "gps/speed": 0.6306735277175903, "gps/target_distance": 18.569467015255864, "gps/path_distance": 10.995050294669717, "gps/altitude": 0.117, "cam/image_name": "466_cam-image.jpg", "Ai/mode": 1, "framecount/count": 466, "user/mode": "user"}