{"user/roll": 1506, "user/pitch": 1499, "user/throttle": 1301, "user/yaw": 1501, "imu/vel_x": -0.36, "imu/vel_y": 0.86, "imu/vel_z": 0.07, "gps/speed": 0.9387107491493225, "gps/target_distance": 16.083173496039983, "gps/path_distance": 46.320304939757236, "gps/altitude": 0.103, "cam/image_name": "205_cam-image.jpg", "Ai/mode": 1, "framecount/count": 205, "user/mode": "user"}