{"user/roll": 1504, "user/pitch": 1499, "user/throttle": 1303, "user/yaw": 1500, "imu/vel_x": 0.23, "imu/vel_y": -0.09, "imu/vel_z": 0.02, "gps/speed": 0.24988074600696564, "gps/target_distance": 8.382573437571322, "gps/path_distance": 140.46653385989495, "gps/altitude": 0.042, "cam/image_name": "431_cam-image.jpg", "Ai/mode": 1, "framecount/count": 431, "user/mode": "user"}