{"user/roll": 1504, "user/pitch": 1500, "user/throttle": 1301, "user/yaw": 1500, "imu/vel_x": 0.16, "imu/vel_y": 0.18, "imu/vel_z": 0.02, "gps/speed": 0.24720953404903412, "gps/target_distance": 19.61424259561616, "gps/path_distance": -0.5719122909294256, "gps/altitude": 0.082, "cam/image_name": "469_cam-image.jpg", "Ai/mode": 1, "framecount/count": 469, "user/mode": "user"}