{"user/roll": 1504, "user/pitch": 1444, "user/throttle": 1301, "user/yaw": 1501, "imu/vel_x": 0.05, "imu/vel_y": 0.01, "imu/vel_z": -1.35, "gps/speed": 0.061196066439151764, "gps/target_distance": 6.737904480821114, "gps/path_distance": 350.10912852123874, "gps/altitude": -0.432, "cam/image_name": "285_cam-image.jpg", "Ai/mode": 1, "framecount/count": 285, "user/mode": "user"}