{"user/roll": 1504, "user/pitch": 1500, "user/throttle": 1301, "user/yaw": 1500, "imu/vel_x": 0.04, "imu/vel_y": 0.17, "imu/vel_z": 0.04, "gps/speed": 0.18340115249156952, "gps/target_distance": 1.6044392731022419, "gps/path_distance": 347.00504664817595, "gps/altitude": -0.174, "cam/image_name": "509_cam-image.jpg", "Ai/mode": 1, "framecount/count": 509, "user/mode": "user"}