{"user/roll": 1505, "user/pitch": 1499, "user/throttle": 1302, "user/yaw": 1501, "imu/vel_x": -0.04, "imu/vel_y": 0.15, "imu/vel_z": 0.0, "gps/speed": 0.15715540945529938, "gps/target_distance": 1.5475213940260648, "gps/path_distance": 338.95197520353304, "gps/altitude": 0.046, "cam/image_name": "539_cam-image.jpg", "Ai/mode": 1, "framecount/count": 539, "user/mode": "user"}