{"user/roll": 1504, "user/pitch": 1500, "user/throttle": 1302, "user/yaw": 1500, "imu/vel_x": 0.01, "imu/vel_y": -0.02, "imu/vel_z": 0.01, "gps/speed": 0.029029158875346184, "gps/target_distance": 6.453837273199811, "gps/path_distance": 342.96197876497695, "gps/altitude": -0.746, "cam/image_name": "379_cam-image.jpg", "Ai/mode": 1, "framecount/count": 379, "user/mode": "user"}