{"user/roll": 1504, "user/pitch": 1499, "user/throttle": 1302, "user/yaw": 1500, "imu/vel_x": -0.06, "imu/vel_y": 0.17, "imu/vel_z": 0.0, "gps/speed": 0.18321417272090912, "gps/target_distance": 9.334207999070697, "gps/path_distance": 0.28138662617124766, "gps/altitude": 0.042, "cam/image_name": "445_cam-image.jpg", "Ai/mode": 1, "framecount/count": 445, "user/mode": "user"}