{"user/roll": 1504, "user/pitch": 1500, "user/throttle": 1301, "user/yaw": 1500, "imu/vel_x": 0.22, "imu/vel_y": 0.26, "imu/vel_z": 0.0, "gps/speed": 0.35014986991882324, "gps/target_distance": 1.7845444413851175, "gps/path_distance": -10.917742636938943, "gps/altitude": 0.009, "cam/image_name": "580_cam-image.jpg", "Ai/mode": 1, "framecount/count": 580, "user/mode": "user"}