{"user/roll": 1506, "user/pitch": 1499, "user/throttle": 1301, "user/yaw": 1501, "imu/vel_x": 0.74, "imu/vel_y": 0.31, "imu/vel_z": 0.22, "gps/speed": 0.8100438117980957, "gps/target_distance": 20.490268997891455, "gps/path_distance": -53.345749447664645, "gps/altitude": 0.159, "cam/image_name": "213_cam-image.jpg", "Ai/mode": 1, "framecount/count": 213, "user/mode": "user"}