{"user/roll": 1504, "user/pitch": 1499, "user/throttle": 1303, "user/yaw": 1500, "imu/vel_x": 0.24, "imu/vel_y": -0.55, "imu/vel_z": 0.08, "gps/speed": 0.6151068806648254, "gps/target_distance": 18.627322952865494, "gps/path_distance": 196.09374644121982, "gps/altitude": 0.138, "cam/image_name": "474_cam-image.jpg", "Ai/mode": 1, "framecount/count": 474, "user/mode": "user"}