{"user/roll": 1504, "user/pitch": 1500, "user/throttle": 1301, "user/yaw": 1500, "imu/vel_x": 0.03, "imu/vel_y": 0.34, "imu/vel_z": 0.02, "gps/speed": 0.3483351469039917, "gps/target_distance": 2.4717272517368873, "gps/path_distance": 412.91057523983835, "gps/altitude": 0.042, "cam/image_name": "548_cam-image.jpg", "Ai/mode": 1, "framecount/count": 548, "user/mode": "user"}