{"user/roll": 1504, "user/pitch": 1500, "user/throttle": 1302, "user/yaw": 1500, "imu/vel_x": 0.08, "imu/vel_y": -0.15, "imu/vel_z": 0.01, "gps/speed": 0.17438873648643494, "gps/target_distance": 8.314905448599612, "gps/path_distance": 119.58113436257739, "gps/altitude": 0.066, "cam/image_name": "430_cam-image.jpg", "Ai/mode": 1, "framecount/count": 430, "user/mode": "user"}