{"user/roll": 1504, "user/pitch": 1499, "user/throttle": 1302, "user/yaw": 1500, "imu/vel_x": -0.13, "imu/vel_y": 0.16, "imu/vel_z": 0.02, "gps/speed": 0.21351172029972076, "gps/target_distance": 0.5064214391236446, "gps/path_distance": 113.77629390089658, "gps/altitude": 0.054, "cam/image_name": "569_cam-image.jpg", "Ai/mode": 1, "framecount/count": 569, "user/mode": "user"}