{"user/roll": 1504, "user/pitch": 1500, "user/throttle": 1302, "user/yaw": 1500, "imu/vel_x": 0.01, "imu/vel_y": 0.0, "imu/vel_z": 0.04, "gps/speed": 0.014984465204179287, "gps/target_distance": 13.02446948342812, "gps/path_distance": 20.612012507508005, "gps/altitude": 0.023, "cam/image_name": "456_cam-image.jpg", "Ai/mode": 1, "framecount/count": 456, "user/mode": "user"}