{"user/roll": 1506, "user/pitch": 1499, "user/throttle": 1301, "user/yaw": 1501, "imu/vel_x": 0.01, "imu/vel_y": 0.01, "imu/vel_z": -0.03, "gps/speed": 0.021572278812527657, "gps/target_distance": 31.933475915259418, "gps/path_distance": 89.63707093375538, "gps/altitude": 0.521, "cam/image_name": "113_cam-image.jpg", "Ai/mode": 1, "framecount/count": 113, "user/mode": "user"}