{"user/roll": 1506, "user/pitch": 1499, "user/throttle": 1301, "user/yaw": 1501, "imu/vel_x": 0.54, "imu/vel_y": -0.32, "imu/vel_z": 0.15, "gps/speed": 0.6462960243225098, "gps/target_distance": 14.824690027835292, "gps/path_distance": 233.91586510699938, "gps/altitude": 0.384, "cam/image_name": "174_cam-image.jpg", "Ai/mode": 1, "framecount/count": 174, "user/mode": "user"}