{"user/roll": 1504, "user/pitch": 1499, "user/throttle": 1302, "user/yaw": 1500, "imu/vel_x": 0.01, "imu/vel_y": -0.04, "imu/vel_z": 0.01, "gps/speed": 0.045550595968961716, "gps/target_distance": 6.544433101883868, "gps/path_distance": 342.76352701298873, "gps/altitude": -0.748, "cam/image_name": "380_cam-image.jpg", "Ai/mode": 1, "framecount/count": 380, "user/mode": "user"}