{"user/roll": 1505, "user/pitch": 1499, "user/throttle": 1302, "user/yaw": 1501, "imu/vel_x": -0.04, "imu/vel_y": 0.07, "imu/vel_z": 0.01, "gps/speed": 0.08788622170686722, "gps/target_distance": 1.5808602291828742, "gps/path_distance": 333.86873880466095, "gps/altitude": 0.027, "cam/image_name": "541_cam-image.jpg", "Ai/mode": 1, "framecount/count": 541, "user/mode": "user"}