{"user/roll": 1506, "user/pitch": 1499, "user/throttle": 1301, "user/yaw": 1501, "imu/vel_x": 0.37, "imu/vel_y": 0.07, "imu/vel_z": 0.01, "gps/speed": 0.38070249557495117, "gps/target_distance": 11.731181776737587, "gps/path_distance": 5.213720292165178, "gps/altitude": 0.395, "cam/image_name": "196_cam-image.jpg", "Ai/mode": 1, "framecount/count": 196, "user/mode": "user"}