{"user/roll": 1504, "user/pitch": 1499, "user/throttle": 1303, "user/yaw": 1500, "imu/vel_x": 0.23, "imu/vel_y": 0.19, "imu/vel_z": 0.06, "gps/speed": 0.3058311343193054, "gps/target_distance": 2.5218930299040165, "gps/path_distance": 386.04426833616037, "gps/altitude": 0.021, "cam/image_name": "547_cam-image.jpg", "Ai/mode": 1, "framecount/count": 547, "user/mode": "user"}