{"user/roll": 1505, "user/pitch": 1500, "user/throttle": 1301, "user/yaw": 1500, "imu/vel_x": -0.09, "imu/vel_y": -0.06, "imu/vel_z": -0.04, "gps/speed": 0.11407991498708725, "gps/target_distance": 15.636925548615684, "gps/path_distance": -106.03710536495115, "gps/altitude": 0.368, "cam/image_name": "172_cam-image.jpg", "Ai/mode": 1, "framecount/count": 172, "user/mode": "user"}