{"user/roll": 1505, "user/pitch": 1500, "user/throttle": 1301, "user/yaw": 1500, "imu/vel_x": -0.05, "imu/vel_y": 0.06, "imu/vel_z": -0.02, "gps/speed": 0.08607245236635208, "gps/target_distance": 24.248165474400636, "gps/path_distance": 202.62970089190082, "gps/altitude": 0.485, "cam/image_name": "136_cam-image.jpg", "Ai/mode": 1, "framecount/count": 136, "user/mode": "user"}