{"user/roll": 1506, "user/pitch": 1499, "user/throttle": 1302, "user/yaw": 1500, "imu/vel_x": 0.04, "imu/vel_y": 0.19, "imu/vel_z": -0.02, "gps/speed": 0.1982026845216751, "gps/target_distance": 24.506769935267922, "gps/path_distance": 205.23201252775044, "gps/altitude": 0.426, "cam/image_name": "132_cam-image.jpg", "Ai/mode": 1, "framecount/count": 132, "user/mode": "user"}