{"user/roll": 1505, "user/pitch": 1500, "user/throttle": 1301, "user/yaw": 1500, "imu/vel_x": 0.15, "imu/vel_y": -0.96, "imu/vel_z": 0.22, "gps/speed": 0.9801997542381287, "gps/target_distance": 27.290550617480044, "gps/path_distance": 213.91233513770962, "gps/altitude": 0.557, "cam/image_name": "124_cam-image.jpg", "Ai/mode": 1, "framecount/count": 124, "user/mode": "user"}