{"user/roll": 1504, "user/pitch": 1499, "user/throttle": 1303, "user/yaw": 1500, "imu/vel_x": 0.01, "imu/vel_y": 1.02, "imu/vel_z": 0.01, "gps/speed": 1.0290333032608032, "gps/target_distance": 1.0194748872287036, "gps/path_distance": 116.15879860704342, "gps/altitude": 0.184, "cam/image_name": "406_cam-image.jpg", "Ai/mode": 1, "framecount/count": 406, "user/mode": "user"}