{"user/roll": 1506, "user/pitch": 1499, "user/throttle": 1302, "user/yaw": 1500, "imu/vel_x": 0.01, "imu/vel_y": 0.17, "imu/vel_z": -0.01, "gps/speed": 0.17859993875026703, "gps/target_distance": 24.440046944235597, "gps/path_distance": 203.8740733371498, "gps/altitude": 0.426, "cam/image_name": "133_cam-image.jpg", "Ai/mode": 1, "framecount/count": 133, "user/mode": "user"}